customer_id,scoring_date,country,device_type,customer_tenure_days,customer_value_tier,days_since_last_transaction,transactions_7d,transactions_30d,transactions_60d,active_days_30d,payment_volume_30d_usd,avg_transaction_value_30d,transaction_count_change_30d_vs_prior30d,payment_volume_change_30d_vs_prior30d,failed_transactions_30d,support_contacts_30d,login_days_30d,products_used_60d,marketing_engagement_30d,inactive_next_30d,transactions_next_30d,future_inactivity_status,retention_case_opened_after_score
PW022835,2026-03-02,MX,Desktop,1021,Medium,4,0,0,2,1,56.45,47.58,-1.0,-0.4125,0,0,0,2,0.0302,0,1,Active,0
PW006541,2026-08-03,US,Desktop,1208,Low,18,0,0,5,1,34.97,40.02,-1.0,0.145,2,0,7,1,0.3043,1,0,Inactive,1
PW014260,2026-07-06,US,Mobile,828,Low,7,0,0,2,1,41.53,43.93,-1.0,0.0934,0,0,6,1,0.5511,0,1,Active,0
PW027481,2026-01-05,US,Mobile,470,High,12,2,6,7,3,377.74,69.39,-0.1429,-0.0174,0,0,0,2,0.0787,0,1,Active,0
PW000307,2026-01-05,BR,Mobile,1472,Low,38,1,2,2,1,55.55,35.16,0.0,-0.4642,2,1,2,1,0.0113,0,1,Active,0
PW028081,2026-02-02,BR,Mobile,1681,Medium,9,0,3,4,3,253.46,101.72,0.0,-0.0446,1,2,2,2,0.6982,0,2,Active,0
PW015989,2026-05-04,US,Desktop,247,Low,11,0,0,1,1,22.71,20.06,-1.0,-0.6327,0,0,0,1,0.0584,0,2,Active,0
PW026333,2026-07-06,MX,Desktop,914,Low,6,0,0,1,1,42.43,,-1.0,0.0562,0,0,6,1,0.1612,0,1,Active,0
PW000051,2026-07-06,US,Mobile,1080,Medium,0,1,3,4,3,204.5,62.09,0.0,-0.3056,0,0,0,2,0.3228,0,1,Active,0
PW020363,2026-03-02,US,Mobile,807,Low,50,0,0,2,1,96.31,73.35,-1.0,-0.1912,0,0,0,1,,0,1,Active,0
PW004272,2026-04-06,US,Desktop,451,Low,5,0,2,5,2,38.05,21.73,-0.5,-0.3303,0,0,1,1,0.3431,0,1,Active,0
PW010207,2026-05-04,BR,Mobile,874,Low,14,0,0,4,1,70.53,79.83,-1.0,0.2325,0,0,0,1,0.1714,0,2,Active,0
PW004596,2026-08-03,BR,Mobile,431,Low,12,0,0,1,1,41.71,40.23,-1.0,-0.6034,0,1,0,1,0.0226,0,1,Active,1
PW008361,2026-04-06,CR,Mobile,533,Medium,8,1,2,3,2,168.54,84.51,0.0,-0.1002,0,1,5,1,0.509,0,1,Active,0
PW018825,2026-06-01,US,Desktop,1133,Medium,33,0,3,4,2,455.18,103.72,0.0,-0.0286,0,0,0,1,0.0078,1,0,Inactive,1
PW003858,2026-07-06,US,Mobile,1916,Medium,27,0,3,6,3,190.75,65.04,0.0,-0.0544,1,1,3,2,0.0393,1,0,Inactive,1
PW014039,2026-02-02,CR,Mobile,540,Medium,35,0,0,1,1,44.23,60.63,-1.0,0.0386,1,0,5,1,0.0268,1,0,Inactive,1
PW003041,2026-06-01,US,Mobile,390,Low,10,0,1,2,1,40.95,24.3,0.0,-0.0849,0,0,9,1,0.7654,0,2,Active,0
PW028727,2026-02-02,CR,Mobile,1065,Low,7,0,0,5,1,31.36,30.16,-1.0,0.1522,1,1,1,1,0.1585,1,0,Inactive,0
PW004462,2026-01-05,US,Mobile,1122,Medium,60,0,3,4,2,149.07,52.98,-0.4,-0.0411,1,0,6,2,0.0029,1,0,Inactive,0
PW027257,2026-08-03,MX,Desktop,1896,Low,10,0,2,4,2,47.2,26.74,0.0,0.0913,2,0,4,2,0.4368,0,5,Active,0
PW018849,2026-06-01,CR,Mobile,1888,Low,29,1,1,1,1,55.35,59.49,0.0,0.109,0,0,3,2,0.1523,0,1,Active,0
PW026478,2026-06-01,US,Mobile,1504,Medium,16,0,1,2,1,86.09,77.15,0.0,-0.4444,0,1,4,2,0.0984,0,1,Active,0
PW020283,2026-08-03,US,Mobile,454,Medium,37,0,1,4,1,108.68,125.18,0.0,-0.4869,0,0,0,2,0.0193,1,0,Inactive,1
PW018100,2026-02-02,US,Mobile,451,Medium,34,0,2,6,2,60.42,29.18,-0.3333,-0.457,0,1,0,1,0.0023,1,0,Inactive,1
PW023811,2026-02-02,US,Desktop,943,Medium,6,0,0,1,1,60.95,62.48,-1.0,,0,1,8,1,0.3632,1,0,Inactive,0
PW018769,2026-07-06,US,Mobile,362,Low,9,0,0,5,1,45.35,46.81,-1.0,-0.5777,0,0,0,1,,1,0,Inactive,0
PW008899,2026-08-03,MX,Mobile,1345,High,11,0,3,5,3,820.99,227.67,-0.25,-0.3909,2,0,0,2,0.5549,0,6,Active,0
PW010436,2026-03-02,US,Desktop,473,Low,29,0,1,5,1,31.26,27.51,0.0,-0.0708,1,1,0,1,0.0367,1,0,Inactive,1
PW003025,2026-05-04,BR,Mobile,1119,Medium,5,0,0,1,1,66.29,95.38,-1.0,0.3046,1,0,6,2,0.4684,0,1,Active,0
PW023359,2026-05-04,US,Mobile,1642,Medium,8,1,3,6,3,552.4,145.9,0.5,0.3046,0,0,15,2,0.8739,0,4,Active,0
PW003140,2026-07-06,MX,Desktop,540,Low,8,0,3,4,2,96.87,44.0,0.0,-0.1769,1,0,6,1,0.345,0,1,Active,0
PW008796,2026-07-06,CR,Mobile,571,Low,29,0,1,1,1,29.69,31.81,0.0,-0.2447,0,1,0,1,0.0289,1,0,Inactive,1
PW029837,2026-07-06,BR,Desktop,703,Medium,3,1,4,4,4,185.76,40.36,0.0,-0.2192,0,0,10,1,,0,3,Active,0
PW000627,2026-07-06,US,Mobile,1841,Low,24,1,2,2,2,102.86,40.62,0.0,-0.2946,1,0,3,2,,0,2,Active,0
PW026680,2026-04-06,US,Desktop,1631,Medium,11,2,5,6,4,293.76,68.03,0.25,0.0537,0,1,7,2,0.7169,0,3,Active,0
PW005848,2026-06-01,US,Mobile,331,Low,11,0,1,2,1,11.65,10.25,0.0,0.165,1,0,5,1,0.5919,0,3,Active,0
PW020630,2026-08-03,US,Mobile,497,Low,120,0,0,1,1,21.63,22.17,-1.0,-0.1831,2,0,0,1,0.0,1,0,Inactive,0
PW008166,2026-03-02,CR,Desktop,881,Low,15,0,2,2,2,131.78,53.95,0.0,0.3465,0,0,4,1,0.2326,0,1,Active,0
PW011539,2026-01-05,US,Mobile,868,High,9,0,6,11,3,401.24,38.83,0.0,0.288,1,1,13,3,0.9453,0,5,Active,0
PW014010,2026-07-06,US,Desktop,986,Medium,14,0,2,7,1,108.95,43.56,0.0,-0.0859,2,1,5,2,0.2757,0,2,Active,0
PW009681,2026-04-06,US,Mobile,1753,Medium,10,1,1,5,1,67.6,65.37,0.0,-0.1663,0,0,5,2,0.7317,0,2,Active,0
PW007995,2026-04-06,BR,Desktop,1872,Low,3,0,0,2,1,35.73,36.89,-1.0,-0.0032,2,1,5,1,0.2378,0,1,Active,0
PW004046,2026-02-02,US,Mobile,963,Medium,11,0,4,8,3,97.28,22.67,0.0,-0.2398,0,0,3,3,0.305,0,2,Active,0
PW027463,2026-03-02,BR,Mobile,1208,Medium,11,0,2,5,2,85.03,42.21,0.0,0.1148,0,1,2,2,0.4087,0,4,Active,0
PW001778,2026-03-02,BR,Mobile,807,Medium,14,2,4,8,4,123.21,41.99,0.0,0.1528,0,0,8,2,0.4608,0,4,Active,0
PW020789,2026-08-03,MX,Mobile,1115,Low,6,0,1,1,1,35.42,46.3,0.0,-0.1798,0,0,0,2,0.1588,0,1,Active,0
PW029503,2026-06-01,US,Mobile,233,Low,5,0,0,2,1,17.05,15.45,-1.0,-0.1593,2,0,0,1,0.0139,1,0,Inactive,1
PW022912,2026-05-04,BR,Mobile,1517,Medium,2,0,0,3,1,125.66,126.66,-1.0,-0.3658,0,0,6,1,0.2576,0,1,Active,1
PW022641,2026-04-06,US,Mobile,1771,Medium,31,0,1,3,1,20.8,27.33,0.0,-0.3051,1,1,0,1,,1,0,Inactive,1
PW028749,2026-06-01,US,Mobile,625,Low,10,0,1,2,1,68.6,60.3,0.0,-0.1331,0,1,0,1,0.1102,0,1,Active,0
PW009669,2026-07-06,US,Desktop,939,Medium,6,0,5,8,4,196.94,33.55,0.0,0.1296,0,0,12,4,0.9389,0,2,Active,0
PW022049,2026-06-01,US,Mobile,1899,Low,20,0,0,1,1,30.41,20.72,-1.0,-0.2608,0,0,6,1,0.4954,1,0,Inactive,1
PW016681,2026-03-02,US,Mobile,170,Medium,23,0,4,6,4,240.68,70.65,-0.2,0.2545,2,0,1,2,0.1162,0,4,Active,1
PW006863,2026-02-02,US,Desktop,1071,Medium,14,0,2,2,2,119.47,66.19,0.0,0.195,2,0,5,1,0.3959,0,2,Active,0
PW008305,2026-07-06,BR,Mobile,351,Medium,20,0,1,7,1,66.19,59.65,0.0,-0.3147,1,0,2,2,0.1367,1,0,Inactive,0
PW004907,2026-06-01,MX,Mobile,1648,Low,22,0,0,2,1,22.05,24.89,-1.0,-0.4658,1,0,0,1,0.0053,1,0,Inactive,1
PW019845,2026-08-03,BR,Mobile,471,Low,25,0,2,3,2,138.27,67.94,-0.5,-0.3918,0,0,0,2,0.0165,0,1,Active,0
PW016306,2026-01-05,US,Mobile,164,Medium,15,1,4,6,3,331.98,67.32,0.3333,0.2885,2,1,7,1,0.5757,1,0,Inactive,1
PW019041,2026-03-02,US,Mobile,1788,High,15,3,6,6,5,728.61,81.73,0.2,-0.1147,3,0,0,4,,0,1,Active,0
PW014167,2026-02-02,BR,Mobile,783,Medium,9,0,0,4,1,45.5,53.82,-1.0,-0.4082,1,0,0,1,0.2975,0,2,Active,0
PW010460,2026-03-02,US,Mobile,978,Medium,36,1,2,4,2,244.14,122.41,0.0,0.0028,2,1,1,2,0.0396,0,5,Active,0
PW015702,2026-03-02,MX,Mobile,984,Low,10,0,2,6,2,29.06,20.46,0.0,0.2251,0,1,4,1,0.5183,0,2,Active,0
PW011971,2026-06-01,US,Desktop,503,Low,9,1,3,5,3,110.59,41.52,0.5,-0.2025,1,0,7,2,0.6533,0,3,Active,0
PW008098,2026-03-02,US,Mobile,166,Low,20,0,0,3,1,49.83,51.08,-1.0,-0.0446,0,0,6,3,,0,2,Active,0
PW001145,2026-07-06,US,Mobile,822,Low,10,0,2,3,2,53.97,29.38,-0.3333,0.0618,2,0,1,1,0.2436,0,3,Active,0
PW019106,2026-08-03,US,Desktop,1557,Low,4,0,1,4,1,54.04,58.34,0.0,-0.381,0,0,11,1,0.9212,0,1,Active,0
PW011522,2026-03-02,US,Mobile,1393,Low,9,0,0,2,1,25.07,28.02,-1.0,0.0407,0,0,6,1,0.4744,0,1,Active,0
PW000988,2026-06-01,US,Mobile,1561,Low,19,0,1,1,1,12.62,19.65,0.0,0.0192,1,2,2,1,0.2569,1,0,Inactive,1
PW028131,2026-03-02,BR,Mobile,1207,High,43,1,3,5,2,495.72,138.16,-0.4,-0.1535,2,0,9,3,0.0833,1,0,Inactive,1
PW011717,2026-06-01,MX,Mobile,978,Medium,7,0,0,2,1,38.53,45.62,-1.0,-0.0671,1,0,0,2,0.3256,0,1,Active,0
PW026514,2026-01-05,US,Mobile,802,Low,14,0,1,3,1,33.45,33.25,0.0,-0.081,0,0,5,1,0.2469,0,2,Active,0
PW026606,2026-05-04,US,Mobile,839,Medium,24,0,2,5,2,76.7,39.02,-0.3333,-0.0949,0,0,3,2,0.0339,0,1,Active,0
PW025728,2026-05-04,US,Desktop,1803,Medium,10,0,2,4,2,87.81,29.46,-0.5,-0.4103,0,0,0,1,0.0165,0,1,Active,0
PW021435,2026-01-05,US,Mobile,108,Medium,19,0,3,4,3,137.27,49.37,-0.25,0.2101,1,0,10,2,0.7006,0,3,Active,1
PW013433,2026-05-04,US,Mobile,1578,Medium,6,1,1,4,1,31.86,45.41,0.0,-0.1121,0,0,9,3,0.9209,0,2,Active,0
PW022141,2026-03-02,BR,Mobile,1680,Low,13,0,3,4,3,96.68,33.81,0.0,-0.329,2,0,4,2,0.4369,1,0,Inactive,1
PW001010,2026-04-06,BR,Mobile,1457,Medium,9,0,3,6,3,185.03,90.01,0.0,-0.3113,1,0,4,2,0.8794,0,4,Active,0
PW001840,2026-05-04,US,Desktop,1143,Medium,1,0,4,6,3,126.09,40.67,-0.2,0.0163,0,0,6,3,0.8415,0,2,Active,0
PW024289,2026-01-05,MX,Mobile,891,Medium,13,1,4,7,4,229.11,60.43,0.0,-0.3205,0,0,7,1,0.3195,0,2,Active,0
PW029887,2026-01-05,MX,Mobile,552,Low,3,1,1,2,1,18.81,20.95,0.0,-0.3987,0,0,4,3,0.7696,0,6,Active,0
PW004961,2026-07-06,CR,Mobile,429,Low,20,0,0,3,1,45.97,36.26,-1.0,-0.0005,0,0,1,1,0.0192,0,2,Active,0
PW018523,2026-03-02,US,Mobile,1106,Low,23,1,1,2,1,28.3,32.08,-0.5,-0.2148,1,0,4,1,0.1286,1,0,Inactive,0
PW012318,2026-02-02,BR,Mobile,1205,Medium,9,1,2,6,2,146.85,56.76,0.0,0.3128,2,0,4,3,0.9051,0,3,Active,0
PW007684,2026-06-01,BR,Mobile,787,Medium,31,0,1,1,1,105.17,102.54,0.0,0.0265,2,0,4,1,0.0403,1,0,Inactive,0
PW004051,2026-01-05,US,Desktop,745,Medium,5,2,4,4,3,316.26,63.41,0.3333,0.0472,3,0,8,1,0.7155,0,1,Active,0
PW013901,2026-08-03,BR,Mobile,1160,Low,22,0,0,1,1,45.33,44.88,-1.0,0.2243,0,2,5,1,0.2665,0,3,Active,0
PW024203,2026-07-06,MX,Mobile,309,Medium,17,0,0,2,1,99.98,90.26,-1.0,-0.5427,1,0,7,2,0.1074,1,0,Inactive,1
PW002089,2026-08-03,US,Desktop,630,Low,18,0,0,1,1,95.51,100.61,-1.0,-0.0806,0,0,0,1,0.0308,0,4,Active,0
PW003155,2026-03-02,US,Desktop,1831,Low,14,0,1,2,1,59.51,51.13,0.0,-0.1222,1,0,5,2,0.4647,0,1,Active,0
PW017495,2026-08-03,US,Mobile,1582,Medium,14,0,1,5,1,235.45,266.75,0.0,-0.3761,1,0,2,2,0.0972,0,2,Active,1
PW004329,2026-07-06,US,Desktop,881,Low,8,1,3,4,2,73.82,19.14,0.0,0.06,0,0,7,1,0.6035,0,1,Active,0
PW022902,2026-07-06,CR,Mobile,762,Low,2,0,1,2,1,32.62,29.23,0.0,-0.3871,2,0,6,1,0.3545,0,1,Active,0
PW024656,2026-05-04,US,Desktop,842,Medium,14,0,1,4,1,76.55,79.48,0.0,-0.186,0,0,6,1,0.2546,0,1,Active,0
PW006193,2026-03-02,CR,Mobile,1762,Medium,30,0,2,3,2,239.2,118.87,0.0,-0.0606,1,0,7,1,0.3402,0,2,Active,0
PW018131,2026-06-01,US,Mobile,1438,Low,3,2,3,4,2,45.5,17.09,0.0,-0.0879,1,0,12,2,0.8327,1,0,Inactive,0
PW001144,2026-04-06,MX,Mobile,554,Medium,3,0,4,9,4,383.02,90.24,0.0,0.1568,1,0,9,3,,0,1,Active,0
PW017803,2026-01-05,BR,Mobile,1561,Medium,17,0,0,3,1,38.3,47.47,-1.0,-0.0951,0,0,4,2,0.0606,0,4,Active,0
PW028668,2026-07-06,MX,Mobile,635,Low,5,0,1,2,1,51.29,40.8,-0.5,-0.4135,0,0,0,2,0.1773,0,1,Active,0
PW015408,2026-05-04,CR,Mobile,388,Low,5,0,1,6,1,17.0,15.64,0.0,0.1978,0,0,5,2,0.7109,0,2,Active,0
PW017056,2026-03-02,MX,Mobile,1766,Medium,16,0,0,5,1,53.69,40.06,-1.0,-0.025,1,0,1,2,0.0502,1,0,Inactive,1
PW010565,2026-07-06,CR,Mobile,928,Medium,19,1,4,6,3,154.51,43.39,0.3333,-0.0006,1,0,10,3,0.7656,0,2,Active,0
PW026336,2026-04-06,US,Mobile,398,Medium,16,3,7,9,6,309.86,63.12,0.0,0.0971,0,0,4,1,0.4229,0,6,Active,0
PW026426,2026-08-03,US,Mobile,1286,Medium,2,1,1,5,1,21.06,26.37,0.0,-0.2109,0,0,6,3,0.735,0,5,Active,0
PW001713,2026-06-01,MX,Mobile,732,Low,5,1,2,5,2,50.04,38.12,0.0,0.4221,0,0,11,1,0.9296,0,1,Active,0
PW015218,2026-07-06,CR,Mobile,1690,Low,18,0,0,1,1,27.68,32.56,-1.0,-0.0549,1,0,0,1,,0,2,Active,0
PW011592,2026-03-02,US,Desktop,964,Medium,24,0,2,4,1,162.32,65.96,0.0,-0.2684,0,0,8,2,0.1606,0,2,Active,0
PW010019,2026-07-06,CR,Mobile,1456,Low,3,0,1,3,1,21.59,26.48,0.0,,1,0,5,1,0.7728,0,1,Active,0
PW004656,2026-04-06,US,Mobile,1063,Medium,24,0,0,4,1,38.23,38.2,-1.0,-0.0985,0,0,3,1,0.052,0,1,Active,0
PW008549,2026-04-06,US,Mobile,1124,Low,8,0,0,4,1,19.07,17.79,-1.0,0.2323,0,0,3,2,0.4936,0,2,Active,0
PW000679,2026-05-04,BR,Mobile,534,Medium,14,2,4,6,2,107.65,23.82,-0.2,-0.164,1,2,5,3,0.6137,0,2,Active,0
PW010634,2026-02-02,BR,Mobile,1380,Medium,12,0,2,8,2,120.34,66.27,0.0,-0.2108,1,0,9,3,,0,1,Active,0
PW029501,2026-08-03,US,Mobile,802,Medium,8,0,0,2,1,63.55,53.88,-1.0,-0.0645,0,0,8,2,0.6152,0,1,Active,0
PW022321,2026-04-06,BR,Mobile,1364,Medium,10,0,1,4,1,26.5,28.38,-0.5,0.1282,1,0,4,2,0.1215,0,1,Active,0
PW021617,2026-02-02,MX,Desktop,909,Low,13,0,0,2,1,25.06,22.8,-1.0,-0.3686,0,0,3,1,0.1062,0,1,Active,0
PW018216,2026-04-06,US,Desktop,235,Medium,8,1,2,4,1,62.12,29.8,-0.3333,-0.0162,1,0,1,2,0.4625,0,2,Active,0
PW011356,2026-01-05,US,Mobile,564,Medium,50,1,5,5,3,365.44,73.52,0.0,0.2372,0,0,2,2,0.0054,1,0,Inactive,1
PW029998,2026-01-05,US,Mobile,1492,Medium,21,1,4,6,2,133.71,32.16,-0.2,-0.1995,0,0,1,2,0.0959,1,0,Inactive,1
PW014536,2026-06-01,US,Mobile,1758,Low,4,0,0,1,1,27.85,28.06,-1.0,0.3829,1,1,1,1,0.4576,0,2,Active,0
PW008730,2026-03-02,BR,Mobile,1589,Medium,34,1,1,2,1,87.95,76.54,0.0,-0.4155,1,0,7,2,0.1034,1,0,Inactive,1
PW016622,2026-01-05,MX,Mobile,1116,Medium,2,3,8,10,5,316.76,40.38,0.1429,0.1436,1,0,11,3,0.9303,0,6,Active,0
PW026878,2026-02-02,US,Desktop,1025,Medium,27,0,1,4,1,49.21,60.55,0.0,-0.2132,0,0,1,1,0.0189,1,0,Inactive,1
PW014606,2026-01-05,US,Mobile,1286,Medium,1,0,3,7,3,247.54,82.53,0.5,0.1194,1,1,15,2,0.9448,0,2,Active,0
PW001059,2026-04-06,BR,Mobile,1574,Low,5,2,4,5,3,170.29,45.24,0.0,0.0671,2,1,10,2,0.9103,0,2,Active,0
PW028928,2026-01-05,US,Mobile,130,Low,12,0,1,5,1,76.68,82.2,0.0,-0.3215,0,0,5,1,0.2663,1,0,Inactive,1
PW016188,2026-04-06,US,Desktop,340,Low,20,0,0,3,1,27.4,35.12,-1.0,0.0113,1,1,0,2,0.0218,0,1,Active,0
PW020936,2026-03-02,US,Mobile,1075,Low,24,0,3,4,3,21.6,8.29,-0.4,-0.2476,0,0,2,1,0.1106,1,0,Inactive,1
PW001764,2026-04-06,US,Mobile,237,Low,18,0,0,3,1,35.44,34.74,-1.0,0.1414,0,0,0,1,0.1297,0,1,Active,0
PW027643,2026-04-06,CR,Mobile,608,Low,3,1,1,3,1,13.28,15.6,0.0,0.1734,0,0,9,1,0.9572,0,3,Active,0
PW016653,2026-05-04,MX,Mobile,694,Low,12,0,1,1,1,40.87,35.02,0.0,-0.0309,0,0,7,3,0.6758,0,1,Active,0
PW012042,2026-07-06,US,Mobile,973,Medium,10,0,2,7,1,294.8,121.66,0.0,-0.0996,0,2,4,3,0.2572,0,4,Active,1
PW001687,2026-07-06,US,Mobile,501,Medium,62,0,1,2,1,140.93,140.49,-0.5,-0.4879,0,0,0,1,0.0001,1,0,Inactive,1
PW015001,2026-01-05,US,Mobile,1450,High,12,0,4,8,4,220.53,57.69,-0.3333,-0.1519,0,0,1,3,0.4012,0,3,Active,0
PW014404,2026-05-04,US,Desktop,1193,Low,14,0,0,5,1,78.65,98.19,-1.0,0.1572,0,0,1,2,0.1088,0,1,Active,0
PW003600,2026-03-02,MX,Mobile,669,Medium,32,0,0,2,1,153.82,144.16,-1.0,-0.1625,0,0,2,1,,0,3,Active,0
PW015834,2026-02-02,BR,Mobile,840,Medium,12,0,1,1,1,68.72,89.13,0.0,-0.3559,0,1,4,2,0.2348,0,2,Active,0
PW024244,2026-08-03,US,Desktop,1216,Medium,14,0,1,2,1,42.65,44.46,0.0,-0.5532,0,0,0,2,0.0238,0,1,Active,1
PW004568,2026-07-06,US,Desktop,1590,Medium,3,1,2,4,2,69.32,51.39,0.0,-0.0931,0,0,10,4,0.8381,0,5,Active,0
PW007635,2026-03-02,US,Desktop,1758,Low,23,0,2,8,1,43.73,26.82,0.0,-0.6179,0,3,0,1,0.1062,1,0,Inactive,1
PW011771,2026-04-06,CR,Mobile,1603,Low,3,0,0,1,1,45.21,35.06,-1.0,-0.4531,0,0,2,1,0.4306,0,2,Active,0
PW021718,2026-08-03,US,Mobile,979,Low,4,0,2,5,2,54.51,27.4,0.0,-0.0695,1,1,8,2,0.7481,0,2,Active,0
PW019600,2026-01-05,BR,Desktop,1578,Low,2,0,3,7,1,47.81,14.56,0.5,-0.2357,1,0,1,1,0.6245,0,5,Active,0
PW022244,2026-02-02,US,Mobile,1676,Low,20,1,2,4,1,27.41,17.31,-0.3333,-0.3203,0,1,3,1,0.0868,0,5,Active,0
PW002869,2026-02-02,CR,Mobile,601,Low,6,0,3,6,3,121.95,39.28,0.0,0.0985,2,0,2,1,0.4882,0,7,Active,0
PW001721,2026-07-06,MX,Mobile,1888,Low,25,0,0,2,1,36.98,33.45,-1.0,-0.2588,0,0,0,1,0.0024,1,0,Inactive,0
PW000070,2026-05-04,US,Mobile,806,Low,12,0,1,4,1,56.83,46.18,0.0,0.0701,0,1,2,1,0.1792,0,1,Active,0
PW003807,2026-07-06,US,Desktop,1516,Medium,15,0,3,4,3,158.02,51.92,0.0,-0.0272,3,0,8,1,0.5416,0,3,Active,0
PW016120,2026-02-02,BR,Mobile,1458,Medium,1,2,4,8,4,131.31,34.93,-0.2,0.1023,0,0,8,3,0.8694,0,2,Active,0
PW025133,2026-05-04,US,Mobile,1242,Medium,1,0,0,4,1,29.84,33.55,-1.0,-0.302,0,0,9,4,0.927,0,2,Active,0
PW016470,2026-01-05,MX,Mobile,1006,Medium,82,1,1,3,1,25.74,28.39,0.0,-0.5731,1,0,0,2,0.0,1,0,Inactive,1
PW019388,2026-08-03,CR,Mobile,559,Medium,60,1,2,4,2,64.25,35.44,-0.3333,-0.0828,1,0,0,1,0.0003,0,1,Active,0
PW014075,2026-01-05,US,Desktop,1016,Medium,2,0,1,2,1,80.29,105.63,0.0,0.0182,1,0,8,2,0.8527,0,3,Active,0
PW009935,2026-02-02,US,Mobile,1430,Low,16,0,2,4,2,247.31,115.92,0.0,-0.0048,1,0,10,1,0.8038,0,2,Active,0
PW019024,2026-07-06,BR,Mobile,455,Low,12,0,0,3,1,24.51,25.15,-1.0,0.3001,1,0,7,1,0.5659,1,0,Inactive,1
PW008223,2026-07-06,BR,Mobile,1734,Low,4,0,1,3,1,93.94,102.33,0.0,-0.3878,2,0,2,1,0.2474,0,2,Active,0
PW023149,2026-01-05,BR,Mobile,1612,Low,5,0,1,2,1,54.89,44.54,0.0,-0.1394,2,0,1,2,0.5346,0,1,Active,0
PW003083,2026-01-05,US,Mobile,1540,Medium,5,0,1,3,1,77.33,72.3,0.0,-0.4309,1,0,4,1,0.1072,0,3,Active,0
PW014837,2026-07-06,BR,Desktop,1812,Medium,8,0,1,2,1,82.87,73.09,0.0,-0.3057,0,2,0,1,0.0885,0,2,Active,0
PW007020,2026-07-06,MX,Mobile,942,Medium,13,1,4,4,4,211.74,55.79,0.0,0.0325,1,0,6,2,0.566,0,4,Active,0
PW013854,2026-03-02,BR,Mobile,582,Medium,11,1,1,3,1,26.6,,0.0,0.0206,1,0,0,1,0.2135,0,1,Active,0
PW016293,2026-04-06,US,Mobile,1817,Low,7,0,0,5,1,35.71,40.64,-1.0,-0.1212,0,0,5,3,0.7417,0,5,Active,0
PW021635,2026-08-03,BR,Desktop,1397,Medium,17,0,2,5,2,135.4,74.54,0.0,-0.0149,2,0,3,2,0.1231,1,0,Inactive,0
PW028188,2026-07-06,MX,Mobile,1466,Medium,11,1,2,4,2,124.89,55.82,1.0,0.2138,1,0,9,2,0.7214,0,7,Active,0
PW009680,2026-05-04,US,Mobile,646,Low,1,2,2,3,2,130.76,54.69,0.0,0.2459,0,0,5,2,0.2776,0,1,Active,0
PW028195,2026-02-02,MX,Desktop,242,Medium,6,0,3,7,2,173.35,60.21,0.0,0.0973,0,0,5,2,0.5015,0,1,Active,0
PW016114,2026-08-03,MX,Mobile,584,Medium,15,0,0,2,1,53.39,77.85,-1.0,-0.3733,0,0,5,2,0.1518,0,1,Active,0
PW006981,2026-04-06,MX,Desktop,1446,Medium,1,1,6,8,5,214.33,32.11,0.0,0.3337,1,0,8,4,0.742,0,1,Active,1
PW014583,2026-07-06,BR,Mobile,446,Medium,12,1,6,9,6,225.65,48.25,-0.1429,-0.2214,1,0,7,1,0.5207,0,3,Active,0
PW026936,2026-08-03,US,Mobile,617,Medium,3,0,2,5,2,276.51,181.26,-0.5,-0.2844,0,1,2,1,0.1467,0,1,Active,0
PW024414,2026-02-02,US,Mobile,1661,Medium,7,2,2,5,1,45.65,25.96,0.0,-0.3733,0,0,10,2,0.5867,1,0,Inactive,1
PW013968,2026-01-05,US,Mobile,366,High,19,0,3,7,2,640.37,183.55,-0.4,-0.4591,1,1,5,1,0.0517,0,4,Active,0
PW018275,2026-05-04,MX,Mobile,828,Medium,39,0,0,1,1,52.82,58.77,-1.0,-0.1067,1,1,2,1,0.0043,1,0,Inactive,0
PW028764,2026-07-06,MX,Mobile,1200,Low,11,0,0,2,1,69.01,87.67,-1.0,,0,0,0,1,0.0105,0,1,Active,1
PW019827,2026-01-05,CR,Mobile,421,Medium,8,2,10,13,8,520.51,51.58,0.25,0.4439,2,0,13,1,0.9621,0,4,Active,0
PW010402,2026-05-04,US,Desktop,844,High,11,0,5,5,4,761.04,189.75,0.0,0.2551,0,0,12,2,0.94,0,10,Active,0
PW024585,2026-07-06,MX,Mobile,1964,Medium,34,0,3,3,2,131.27,42.95,-0.25,0.0173,0,1,0,1,0.0062,1,0,Inactive,1
PW000394,2026-02-02,US,Mobile,1664,Medium,6,0,4,5,4,359.61,119.52,0.0,-0.0819,1,0,6,1,0.8035,0,4,Active,0
PW001834,2026-03-02,BR,Mobile,1854,Medium,25,0,1,3,1,116.25,105.04,0.0,-0.1743,3,3,0,3,0.0319,0,1,Active,0
PW001744,2026-04-06,BR,Desktop,570,High,1,0,4,4,3,367.91,93.88,-0.2,0.051,0,0,2,1,0.2638,0,1,Active,0
PW009895,2026-04-06,MX,Desktop,380,Medium,13,0,0,5,1,44.97,48.22,-1.0,0.0799,1,0,4,2,,0,3,Active,0
PW003632,2026-01-05,US,Mobile,144,High,8,2,3,5,3,450.49,137.03,-0.4,-0.1792,0,0,4,2,0.4207,0,2,Active,0
PW023366,2026-05-04,US,Mobile,1763,Low,19,0,1,1,1,37.83,37.44,0.0,-0.0871,0,1,0,1,0.1249,1,0,Inactive,0
PW018025,2026-03-02,MX,Mobile,933,Medium,14,1,2,6,2,67.21,32.64,0.0,-0.031,0,1,5,1,0.3437,0,3,Active,0
PW022404,2026-02-02,BR,Desktop,1809,Low,10,1,4,5,3,181.37,45.84,0.3333,-0.1553,1,1,11,2,0.925,0,1,Active,0
PW007493,2026-04-06,MX,Mobile,546,Medium,26,0,3,6,1,260.19,73.69,0.0,-0.0463,0,0,0,3,0.0473,0,2,Active,1
PW022983,2026-02-02,US,Mobile,847,Medium,1,0,2,4,2,251.19,109.95,-0.3333,0.0426,1,0,1,1,0.3348,0,2,Active,0
PW027438,2026-07-06,US,Desktop,1676,Medium,18,0,1,2,1,67.03,58.45,0.0,0.0715,0,0,2,2,0.0466,0,4,Active,0
PW014099,2026-03-02,MX,Mobile,421,Medium,9,1,2,7,2,70.97,28.37,0.0,-0.0275,0,0,6,2,0.4355,0,4,Active,0
PW010257,2026-05-04,BR,Mobile,625,Medium,17,1,2,3,2,38.71,17.8,-0.3333,0.0323,2,0,3,2,0.1079,0,1,Active,0
PW026698,2026-01-05,US,Mobile,1086,High,9,6,15,17,6,728.2,49.6,0.0714,-0.0394,2,0,12,5,0.933,0,7,Active,0
PW004423,2026-03-02,MX,Mobile,1485,Medium,9,0,0,1,1,50.33,55.87,-1.0,-0.1481,0,0,4,2,,0,1,Active,0
PW029786,2026-05-04,US,Mobile,827,Medium,11,0,1,3,1,64.92,61.26,-0.5,-0.4524,2,1,2,2,0.1836,1,0,Inactive,0
PW013848,2026-05-04,US,Mobile,1351,Medium,15,0,1,4,1,52.17,58.89,0.0,-0.2029,0,0,5,2,0.5805,0,1,Active,0
PW028311,2026-02-02,US,Desktop,1110,Medium,19,0,1,3,1,30.45,31.69,0.0,0.013,0,0,2,2,0.0968,0,3,Active,0
PW007550,2026-02-02,MX,Mobile,794,Medium,16,0,0,4,1,37.76,52.82,-1.0,-0.1214,0,0,7,3,0.3315,0,6,Active,0
PW011164,2026-05-04,US,Mobile,1851,Low,16,1,1,1,1,48.15,,0.0,-0.03,0,0,0,1,0.0376,0,1,Active,0
PW029318,2026-06-01,US,Mobile,1714,Medium,19,0,4,6,4,117.67,35.32,0.3333,0.1447,0,0,0,2,0.0659,0,4,Active,0
PW008879,2026-07-06,US,Mobile,1751,Low,4,0,1,3,1,25.95,,0.0,-0.1173,0,1,6,2,0.5609,1,0,Inactive,1
PW006890,2026-01-05,CR,Desktop,104,Medium,14,2,3,10,2,58.34,20.09,0.0,-0.2086,2,0,6,1,0.2556,0,3,Active,0
PW006867,2026-05-04,CR,Mobile,906,High,11,2,4,8,4,776.8,174.98,0.0,-0.0197,0,0,7,3,0.5837,0,3,Active,0
PW011787,2026-02-02,MX,Desktop,667,Medium,19,1,5,8,4,260.34,60.48,0.0,-0.1572,0,0,3,3,,1,0,Inactive,1
PW000034,2026-07-06,MX,Desktop,1578,Medium,28,0,1,3,1,43.45,46.2,0.0,-0.0271,1,0,6,1,0.0476,1,0,Inactive,0
PW017064,2026-08-03,US,Mobile,1111,Medium,7,1,3,10,3,97.32,33.99,0.5,-0.0527,0,0,8,2,0.7844,0,1,Active,0
PW006700,2026-02-02,CR,Mobile,869,Medium,5,0,3,6,2,161.47,50.66,0.5,-0.0086,0,0,11,4,0.9095,0,4,Active,0
PW003864,2026-03-02,US,Mobile,1059,Medium,9,1,8,11,5,103.02,15.37,0.1429,-0.1453,0,0,13,3,0.9622,0,7,Active,0
PW004871,2026-01-05,CR,Mobile,1416,Medium,14,0,4,5,4,82.89,21.11,-0.3333,-0.0072,1,0,8,1,0.7681,1,0,Inactive,0
PW025577,2026-08-03,BR,Mobile,350,High,20,1,3,3,1,158.49,51.14,-0.25,-0.3808,0,2,0,2,0.0481,0,1,Active,0
PW029487,2026-05-04,US,Mobile,1736,Medium,5,1,2,4,2,32.31,19.46,-0.3333,-0.1233,0,0,1,2,0.4447,0,3,Active,0
PW016400,2026-03-02,US,Desktop,737,High,5,5,10,14,7,874.03,68.25,0.4286,0.0924,0,0,17,2,0.9928,0,3,Active,0
PW026448,2026-02-02,BR,Mobile,1214,Medium,3,3,6,10,5,322.28,53.64,0.2,0.0938,0,0,11,3,0.8424,0,4,Active,0
PW001804,2026-01-05,US,Mobile,1585,Low,0,2,4,6,3,91.23,22.32,0.3333,0.1068,2,0,8,1,0.6384,0,2,Active,0
PW029439,2026-02-02,US,Mobile,345,Medium,3,1,4,7,3,210.12,65.71,0.0,0.1838,1,0,7,3,0.7522,0,3,Active,0
PW000078,2026-03-02,CR,Mobile,753,Medium,0,1,5,6,5,127.88,25.25,0.0,-0.0307,1,0,4,3,0.8461,0,2,Active,0
PW006540,2026-03-02,US,Mobile,484,Medium,12,0,1,4,1,59.05,62.7,0.0,-0.1176,0,0,8,1,0.5888,0,4,Active,0
PW019257,2026-08-03,US,Mobile,1833,Medium,19,0,2,5,2,161.8,78.96,1.0,-0.1422,1,0,2,2,0.1669,1,0,Inactive,0
PW028789,2026-07-06,CR,Desktop,833,High,34,0,2,3,2,436.45,250.95,-0.3333,-0.4829,0,2,3,2,0.0118,1,0,Inactive,1
PW028861,2026-01-05,US,Desktop,1132,Low,8,0,3,6,2,185.68,50.76,0.0,0.1254,0,1,3,1,0.315,0,1,Active,0
PW019951,2026-01-05,US,Mobile,527,Low,17,0,1,2,1,37.6,32.11,0.0,-0.0721,0,1,0,1,0.0334,0,2,Active,0
PW006056,2026-05-04,MX,Mobile,974,Low,24,0,2,5,2,129.2,57.88,0.0,-0.3031,0,1,3,1,0.136,1,0,Inactive,1
PW009434,2026-06-01,CR,Mobile,546,High,0,8,17,27,16,974.61,59.55,0.3077,0.2251,2,0,23,4,0.9997,0,10,Active,0
PW001458,2026-02-02,US,Mobile,1043,Medium,22,0,2,6,2,202.17,86.94,-0.3333,0.0536,1,0,3,2,0.2504,0,3,Active,0
PW027386,2026-02-02,US,Mobile,1619,Medium,5,0,1,3,1,40.89,43.72,0.0,-0.1824,0,0,6,2,0.5614,0,2,Active,0
PW016642,2026-02-02,BR,Mobile,1404,Low,28,0,0,2,1,30.14,30.1,-1.0,0.049,1,0,7,1,0.3195,1,0,Inactive,1
PW008300,2026-01-05,MX,Mobile,1027,Medium,1,2,2,4,1,197.46,80.64,0.0,0.1998,0,0,3,2,0.9014,0,2,Active,0
PW023339,2026-08-03,BR,Mobile,1673,Medium,18,0,0,1,1,122.3,95.54,-1.0,-0.3044,0,0,1,2,0.0118,1,0,Inactive,1
PW024062,2026-07-06,US,Mobile,314,Low,33,0,1,1,1,13.24,14.05,0.0,0.0918,1,1,0,2,0.0232,0,1,Active,1
PW014944,2026-03-02,BR,Mobile,1510,Medium,19,0,0,4,1,118.28,102.22,-1.0,-0.3318,0,1,0,1,0.0328,0,1,Active,0
PW004967,2026-08-03,US,Mobile,1845,Low,12,0,0,2,1,15.55,15.33,-1.0,-0.2925,0,0,5,1,0.4901,0,1,Active,0
PW028486,2026-01-05,BR,Mobile,676,Medium,14,0,5,6,4,80.3,19.13,-0.1667,0.1341,0,0,12,2,0.8581,0,3,Active,0
PW012650,2026-02-02,US,Mobile,1078,High,37,0,5,10,3,602.15,115.43,-0.375,0.019,1,0,6,2,0.0652,0,4,Active,0
PW000972,2026-06-01,US,Mobile,1544,Medium,19,2,3,5,2,63.62,19.28,0.5,-0.2764,0,0,7,2,0.4404,0,2,Active,0
PW014753,2026-06-01,BR,Desktop,1320,Medium,23,1,1,7,1,47.08,49.2,0.0,-0.3378,0,0,0,2,0.0154,0,1,Active,0
PW025238,2026-02-02,BR,Mobile,818,High,13,0,2,10,2,65.25,31.51,0.0,0.2336,2,0,2,2,0.2396,0,1,Active,0
PW016286,2026-03-02,US,Mobile,1269,Low,13,0,0,1,1,13.93,16.15,-1.0,-0.1439,0,0,2,1,0.2227,0,2,Active,0
PW021023,2026-06-01,US,Mobile,1000,Medium,2,4,8,14,6,294.94,34.65,0.1429,0.3708,0,0,17,3,0.9753,0,6,Active,0
PW004361,2026-01-05,US,Mobile,270,Medium,26,1,1,3,1,105.99,102.67,0.0,-0.0475,0,0,0,3,0.0517,0,2,Active,0
PW022970,2026-05-04,BR,Desktop,914,Low,4,1,1,3,1,38.82,44.43,0.0,-0.0176,1,0,4,1,0.7148,0,1,Active,0
PW007846,2026-01-05,BR,Mobile,1284,Low,10,0,4,7,2,234.93,64.01,-0.2,0.3701,0,0,8,3,0.8409,1,0,Inactive,1
PW014587,2026-03-02,CR,Mobile,1468,Low,7,0,2,3,2,127.14,56.06,-0.3333,-0.1086,0,0,4,3,0.3803,0,1,Active,0
PW025496,2026-06-01,US,Mobile,542,Medium,12,0,5,5,5,335.44,67.05,-0.1667,,0,0,6,1,0.3946,0,4,Active,0
PW027414,2026-01-05,US,Mobile,1655,Low,12,0,0,2,1,39.81,33.45,-1.0,-0.0737,1,1,2,1,0.2631,1,0,Inactive,0
PW000801,2026-05-04,US,Mobile,685,Medium,13,1,3,6,3,50.75,20.56,0.5,-0.072,0,0,3,2,0.6616,0,1,Active,0
PW000663,2026-06-01,CR,Mobile,707,Low,7,0,1,2,1,75.02,68.86,0.0,-0.0015,0,0,5,2,0.6557,0,3,Active,0
PW026407,2026-01-05,US,Mobile,395,Medium,6,0,3,6,2,144.39,56.02,0.0,0.2842,1,0,12,3,0.8964,0,3,Active,0
PW009336,2026-03-02,BR,Desktop,1282,Low,10,1,2,6,2,250.59,111.29,-0.3333,0.0558,0,0,7,1,0.6055,0,3,Active,0
PW011601,2026-04-06,US,Desktop,983,High,22,0,4,6,2,343.45,64.6,-0.3333,-0.0274,0,0,10,3,0.192,0,1,Active,0
PW015721,2026-03-02,CR,Desktop,571,Low,6,0,4,6,4,62.43,23.3,0.0,-0.2555,2,0,9,2,0.7855,0,3,Active,0
PW007230,2026-02-02,BR,Desktop,1789,High,2,0,3,4,3,337.94,110.84,0.0,,0,0,9,2,0.835,0,2,Active,0
PW016450,2026-05-04,MX,Desktop,1471,Medium,2,0,4,10,4,244.08,64.0,0.0,0.03,1,0,4,4,0.5906,0,7,Active,0
PW017943,2026-05-04,MX,Mobile,1164,Medium,4,0,1,3,1,66.69,65.84,0.0,0.2533,1,0,7,2,0.8091,0,3,Active,0
PW008817,2026-04-06,BR,Mobile,1671,Low,1,2,6,10,6,188.56,38.32,0.5,-0.0421,0,1,9,3,0.9684,0,11,Active,1
PW014959,2026-03-02,US,Mobile,1023,Low,13,0,0,1,1,40.41,45.74,-1.0,-0.2183,0,0,2,1,0.145,0,1,Active,0
PW009148,2026-08-03,US,Mobile,1412,Low,32,0,1,1,1,60.2,60.33,0.0,-0.3319,0,0,3,2,0.1796,0,1,Active,0
PW022098,2026-07-06,MX,Mobile,688,Low,30,0,0,4,1,14.98,18.12,-1.0,-0.4349,1,0,0,1,0.0038,1,0,Inactive,1
PW025042,2026-06-01,BR,Mobile,1471,Medium,12,0,1,2,1,46.87,52.9,0.0,-0.3227,1,0,0,1,0.2189,0,2,Active,0
PW002227,2026-03-02,CR,Mobile,1427,High,1,2,6,13,4,550.75,99.7,0.2,0.158,2,3,9,2,0.9111,0,4,Active,0
PW014388,2026-05-04,US,Mobile,700,Low,7,1,3,3,2,53.04,17.9,-0.4,-0.2429,0,0,6,2,0.5411,0,5,Active,0
PW004609,2026-04-06,BR,Mobile,1180,Medium,4,0,1,4,1,162.26,115.28,0.0,-0.3987,1,0,1,2,0.3492,0,2,Active,0
PW003052,2026-04-06,US,Mobile,1661,Low,13,0,0,2,1,33.77,33.48,-1.0,0.1419,0,0,3,2,0.0804,1,0,Inactive,0
PW007558,2026-08-03,US,Mobile,1994,Low,72,0,0,1,1,79.17,66.5,-1.0,-0.1659,0,0,1,1,0.0003,0,1,Active,0
PW012458,2026-05-04,MX,Mobile,1647,Low,13,0,1,3,1,34.41,39.35,-0.5,-0.1963,0,0,3,1,0.1889,0,1,Active,0
PW027392,2026-02-02,US,Mobile,459,Medium,10,0,0,3,1,86.83,80.03,-1.0,-0.4964,0,1,1,1,0.0225,0,1,Active,0
PW025113,2026-03-02,BR,Desktop,1497,Medium,17,0,3,4,3,239.42,54.61,0.0,0.0499,0,1,6,1,0.1602,0,5,Active,1
PW020955,2026-02-02,US,Desktop,476,Medium,19,2,4,12,4,284.24,80.58,0.0,0.0623,2,0,7,4,0.704,0,6,Active,0
PW007149,2026-01-05,CR,Mobile,977,High,5,1,5,9,4,457.33,85.45,0.25,0.2707,0,0,4,4,0.6925,0,1,Active,0
PW027038,2026-01-05,US,Mobile,384,Medium,13,1,1,5,1,124.75,131.11,0.0,0.0701,0,0,5,2,0.7876,0,5,Active,0
PW029295,2026-06-01,mx,Desktop,470,Medium,2,1,5,14,2,269.87,44.5,0.25,,1,1,13,2,0.9862,0,7,Active,0
PW017175,2026-05-04,CR,Desktop,237,Medium,17,2,4,6,2,103.7,27.38,0.0,0.1147,0,0,0,2,0.5696,0,5,Active,0
PW007545,2026-05-04,US,Mobile,837,Medium,13,0,1,3,1,94.16,81.38,0.0,-0.3708,0,0,0,1,0.5963,0,3,Active,0
PW021939,2026-08-03,US,Mobile,1451,Medium,8,0,3,7,3,259.7,68.98,0.0,-0.0754,1,0,3,2,0.5852,0,2,Active,1
PW002490,2026-08-03,US,Mobile,1710,Medium,17,0,0,2,1,56.68,63.71,-1.0,-0.0028,1,0,8,3,0.3425,0,4,Active,1
PW008071,2026-04-06,US,Mobile,1454,Medium,22,0,1,3,1,63.0,59.41,0.0,-0.0044,0,1,2,1,0.2117,0,3,Active,0
PW021975,2026-08-03,US,Mobile,330,Medium,41,0,1,5,1,33.61,34.18,0.0,-0.2939,1,2,1,1,0.0063,1,0,Inactive,1
PW006226,2026-08-03,MX,Mobile,290,Low,4,0,1,2,1,47.1,34.38,0.0,-0.2215,0,0,9,1,0.558,0,2,Active,0
PW006553,2026-07-06,US,Mobile,949,Medium,50,0,2,3,2,37.57,15.67,-0.3333,-0.3353,2,2,7,2,0.0024,1,0,Inactive,1
PW012071,2026-04-06,BR,Mobile,1337,Low,23,0,0,3,1,35.58,27.1,-1.0,-0.1125,1,0,6,2,0.0803,0,2,Active,0
PW027964,2026-04-06,US,Mobile,1340,Low,11,0,0,4,1,68.8,64.68,-1.0,-0.3657,0,0,6,1,0.3933,1,0,Inactive,1
PW015678,2026-01-05,US,Mobile,111,Low,30,0,0,2,1,39.95,43.91,-1.0,0.0138,1,1,4,2,0.0482,1,0,Inactive,1
PW004890,2026-06-01,US,Mobile,1429,Medium,16,0,2,4,2,38.4,23.06,0.0,-0.0542,1,0,4,3,0.2675,0,1,Active,0
PW004235,2026-04-06,MX,Mobile,646,Low,24,0,2,4,2,56.31,25.35,1.0,-0.155,1,1,8,2,0.3809,0,2,Active,1
PW029045,2026-04-06,BR,Desktop,423,Low,26,0,0,1,1,20.22,19.78,-1.0,-0.3394,1,1,7,1,0.3114,0,2,Active,1
PW010166,2026-07-06,MX,Mobile,1477,Low,38,0,1,2,1,119.06,67.05,-0.5,-0.1862,1,2,4,1,0.0171,1,0,Inactive,0
PW009404,2026-08-03,MX,Mobile,736,Medium,8,0,1,3,1,87.0,69.47,0.0,0.0214,0,0,0,1,0.0964,1,0,Inactive,0
PW012399,2026-05-04,US,Mobile,1613,High,16,1,4,6,4,406.85,95.64,0.0,-0.0686,0,0,10,3,0.2943,0,4,Active,0
PW022328,2026-05-04,US,Mobile,1477,Medium,9,0,1,2,1,77.72,83.47,0.0,-0.5377,0,0,0,2,0.1371,0,2,Active,0
PW026791,2026-05-04,MX,Desktop,1329,Medium,5,0,2,4,1,43.08,18.12,-0.3333,-0.3675,0,1,0,1,0.3208,0,1,Active,0
PW026466,2026-02-02,US,Mobile,449,Low,13,0,1,2,1,39.43,29.51,0.0,-0.456,0,1,3,2,0.1311,0,2,Active,0
PW028699,2026-08-03,US,Mobile,1379,Low,14,1,2,4,2,56.35,28.96,-0.5,-0.2425,0,0,1,2,0.1585,0,1,Active,0
PW028905,2026-08-03,CR,Desktop,1954,Low,2,0,0,3,1,71.45,71.06,-1.0,0.3343,0,0,6,1,0.3164,1,0,Inactive,1
PW008451,2026-05-04,US,Mobile,671,High,4,3,9,14,8,238.35,29.05,0.0,0.5614,0,0,9,3,0.9443,0,7,Active,0
PW021682,2026-02-02,BR,Mobile,549,Medium,2,1,2,5,1,101.1,56.55,0.0,-0.0892,1,1,3,2,0.7903,0,1,Active,0
PW011205,2026-04-06,US,Desktop,363,High,3,2,6,9,6,418.07,73.44,0.2,0.2411,0,0,9,3,0.9704,0,6,Active,0
PW013598,2026-02-02,MX,Mobile,183,High,3,2,7,13,7,645.38,108.32,0.0,0.2559,0,0,8,2,0.8798,0,4,Active,0
PW001960,2026-02-02,BR,Mobile,136,Medium,14,0,2,6,2,120.79,51.37,-0.3333,0.1995,1,0,3,1,0.54,0,4,Active,0
PW016943,2026-08-03,US,Mobile,317,Medium,20,0,2,6,1,66.93,33.74,-0.3333,-0.2845,0,0,2,2,0.2037,0,1,Active,0
PW022999,2026-03-02,CR,Desktop,1487,High,0,6,19,28,15,3761.8,160.14,0.2667,0.382,2,0,16,4,0.9974,0,7,Active,0
PW020940,2026-08-03,MX,Mobile,1892,Medium,37,0,2,3,2,135.4,47.73,-0.3333,-0.4481,1,1,0,1,0.0049,1,0,Inactive,1
PW002862,2026-05-04,US,Mobile,941,Medium,3,0,1,5,1,30.79,38.13,0.0,-0.1452,1,0,3,2,0.838,0,3,Active,0
PW002525,2026-03-02,US,Mobile,1713,Low,6,1,4,4,4,110.61,23.7,0.0,0.2917,0,1,8,1,0.8919,0,3,Active,0
PW013346,2026-06-01,BR,Mobile,611,Low,1,1,3,6,2,93.89,34.47,0.0,-0.0404,1,2,7,2,0.878,0,3,Active,0
PW029882,2026-04-06,BR,Desktop,996,Medium,18,1,3,3,2,139.55,53.93,-0.25,-0.0311,1,0,6,1,0.0629,1,0,Inactive,1
PW006215,2026-02-02,US,Desktop,672,Low,13,0,0,1,1,87.48,92.29,-1.0,0.0652,0,0,4,2,0.2897,1,0,Inactive,1
PW024448,2026-06-01,MX,Mobile,1841,Medium,22,0,1,1,1,145.39,141.23,0.0,0.1162,1,0,0,1,0.053,0,4,Active,0
PW024901,2026-06-01,US,Desktop,1390,Low,8,0,0,1,1,30.9,31.39,-1.0,-0.396,0,0,6,2,0.5217,0,2,Active,0
PW023525,2026-07-06,BR,Mobile,1053,Low,16,0,3,5,2,244.2,85.14,0.0,0.4737,0,1,8,2,0.8337,1,0,Inactive,1
PW009572,2026-08-03,MX,Mobile,358,Low,48,0,1,2,1,34.5,36.57,0.0,-0.1575,1,0,0,1,0.0011,1,0,Inactive,0
PW027594,2026-01-05,BR,Desktop,1460,Medium,35,0,1,3,1,119.1,105.15,0.0,0.0461,2,0,2,2,0.0146,0,1,Active,1
PW020169,2026-05-04,CR,Desktop,282,Low,4,1,4,4,3,112.0,26.21,-0.2,-0.1444,2,1,1,1,0.2171,0,2,Active,0
PW010220,2026-07-06,MX,Desktop,1756,Low,26,1,1,2,1,30.1,34.01,0.0,-0.0509,2,1,5,1,0.0208,1,0,Inactive,1
PW024165,2026-05-04,US,Desktop,530,Low,4,0,2,7,1,89.0,43.66,0.0,0.0467,0,0,0,2,0.274,0,5,Active,1
PW001303,2026-08-03,US,Mobile,958,Low,16,0,0,4,1,23.43,29.57,-1.0,-0.0609,1,0,2,2,0.3064,0,2,Active,0
PW028985,2026-04-06,MX,Desktop,991,Medium,34,0,1,3,1,189.26,123.32,-0.6667,-0.3,2,0,0,2,,1,0,Inactive,1
PW001277,2026-01-05,MX,Desktop,723,Medium,25,1,2,4,2,69.43,32.45,-0.3333,-0.1921,0,0,6,1,0.1217,1,0,Inactive,1
PW012256,2026-07-06,US,Mobile,1656,Low,18,0,0,2,1,30.26,38.73,-1.0,-0.3361,1,1,3,1,0.0513,1,0,Inactive,1
PW010039,2026-02-02,US,Desktop,1823,High,14,0,5,7,4,218.36,54.38,-0.1667,0.3176,0,0,7,4,0.4759,0,2,Active,0
PW019145,2026-02-02,MX,Mobile,1327,Medium,7,0,0,3,1,62.13,71.65,-1.0,-0.1386,0,0,7,2,0.3654,1,0,Inactive,1
PW000407,2026-05-04,MX,Mobile,799,Medium,21,0,1,6,1,123.05,126.41,-0.5,-0.2148,0,0,4,1,0.0185,1,0,Inactive,1
PW019930,2026-07-06,MX,Mobile,1745,Medium,41,0,0,1,1,110.4,166.15,-1.0,-0.0492,1,0,0,2,0.0023,1,0,Inactive,1
PW010374,2026-07-06,US,Mobile,1711,Low,9,0,1,5,1,47.32,34.29,0.0,-0.1313,0,0,0,2,0.3051,0,1,Active,0
PW005616,2026-07-06,BR,Mobile,1458,Medium,41,0,0,3,1,50.87,48.54,-1.0,-0.365,0,1,0,1,0.0014,1,0,Inactive,1
PW018135,2026-05-04,BR,Mobile,775,Medium,5,3,3,6,3,251.82,66.77,0.0,-0.3407,1,0,9,3,0.7423,0,5,Active,0
PW020816,2026-02-02,CR,Mobile,1801,Medium,13,0,0,4,1,42.26,36.87,-1.0,0.103,0,0,5,2,0.2452,1,0,Inactive,1
PW000991,2026-01-05,BR,Mobile,1485,Medium,46,0,0,3,1,120.2,136.78,-1.0,-0.0149,0,0,5,1,0.0123,1,0,Inactive,1
PW006907,2026-01-05,US,Mobile,231,Medium,6,0,4,11,4,130.11,35.12,0.0,-0.0989,1,0,5,2,0.6053,0,6,Active,0
PW026326,2026-03-02,BR,Mobile,335,Medium,7,0,4,9,3,156.54,41.37,0.3333,0.1276,0,0,4,1,0.4411,0,8,Active,0
PW025714,2026-02-02,US,Mobile,480,Low,14,1,1,4,1,32.15,42.16,0.0,-0.1487,1,0,6,2,0.4715,0,3,Active,0
PW029657,2026-01-05,MX,Mobile,386,Medium,19,0,2,6,1,34.21,17.63,0.0,-0.0674,2,2,2,3,0.116,0,3,Active,0
PW028354,2026-05-04,US,Mobile,280,Medium,50,0,1,3,1,102.73,114.21,0.0,-0.0938,1,0,3,3,0.003,0,1,Active,0
PW004173,2026-06-01,US,Desktop,657,Medium,7,0,2,6,1,101.26,66.11,0.0,0.2095,0,1,10,2,0.8519,0,1,Active,0
PW014310,2026-03-02,US,Desktop,829,Medium,14,0,0,3,1,83.7,58.74,-1.0,0.1227,0,0,5,1,0.2187,0,1,Active,0
PW017061,2026-05-04,MX,Desktop,658,Medium,10,0,0,1,1,69.94,69.73,-1.0,0.055,1,2,3,1,0.2086,1,0,Inactive,0
PW015262,2026-03-02,US,Desktop,1641,Medium,3,1,3,6,3,125.23,41.08,0.0,-0.0563,0,0,8,2,0.7526,0,1,Active,0
PW019218,2026-05-04,BR,Mobile,1557,Medium,38,0,2,5,2,62.38,42.26,-0.3333,-0.0162,0,0,1,2,0.0139,0,4,Active,1
PW019308,2026-04-06,US,Mobile,258,Medium,44,0,1,3,1,43.19,45.72,0.0,-0.2298,1,0,0,1,0.0013,0,1,Active,0
PW018099,2026-05-04,US,Mobile,591,High,27,0,2,7,2,136.96,49.14,0.0,0.1082,1,0,4,2,0.2113,1,0,Inactive,1
PW016515,2026-02-02,BR,Mobile,1139,Medium,15,0,0,5,1,114.43,126.7,-1.0,-0.0388,0,0,8,3,0.3232,1,0,Inactive,0
PW022399,2026-05-04,US,Mobile,1055,Low,20,0,1,2,1,56.37,48.01,-0.5,-0.1041,1,2,5,2,0.1338,0,2,Active,0
PW020475,2026-06-01,US,Desktop,874,Low,18,0,0,1,1,21.25,29.3,-1.0,-0.4833,0,0,1,1,0.0729,0,4,Active,0
PW019431,2026-07-06,US,Desktop,1935,Medium,25,0,2,5,2,136.34,67.09,-0.3333,-0.0275,0,0,1,3,0.0305,0,2,Active,0
PW024678,2026-08-03,MX,Mobile,1252,Medium,18,1,2,3,2,125.26,59.94,-0.3333,-0.2555,1,0,2,1,0.042,0,2,Active,0
PW026477,2026-02-02,US,Desktop,1139,Low,16,0,1,3,1,34.26,30.3,0.0,-0.18,1,0,0,1,0.2136,1,0,Inactive,1
PW008696,2026-07-06,MX,Mobile,1649,Medium,8,1,2,3,2,105.63,43.54,0.0,-0.2628,0,0,3,2,0.1855,0,2,Active,0
PW011978,2026-08-03,US,Mobile,858,Low,15,0,2,3,2,81.95,43.58,0.0,-0.1145,0,0,0,1,0.1483,0,3,Active,0
PW004691,2026-05-04,CR,Mobile,970,Low,19,1,3,4,3,193.21,57.42,-0.4,-0.1274,0,0,5,1,0.1939,0,5,Active,1
PW018620,2026-03-02,US,Desktop,592,Low,12,0,0,1,1,67.73,50.74,-1.0,-0.2785,0,0,0,2,0.1025,0,2,Active,0
PW014950,2026-05-04,US,Desktop,461,Medium,23,0,2,4,1,66.57,,0.0,-0.0093,0,0,2,1,0.1041,1,0,Inactive,1
PW024263,2026-08-03,US,Mobile,307,Low,11,0,0,1,1,38.54,36.52,-1.0,-0.1892,2,0,10,2,0.4848,0,1,Active,0
PW018464,2026-03-02,US,Mobile,558,Medium,7,1,2,5,1,183.53,95.8,0.0,0.113,2,1,7,3,0.9579,0,5,Active,0
PW009512,2026-07-06,MX,Mobile,1817,Low,9,1,3,3,2,86.98,30.92,0.0,-0.2988,0,1,5,1,0.2752,0,3,Active,0
PW012574,2026-01-05,BR,Mobile,1271,Medium,5,2,3,10,3,175.83,50.99,0.0,-0.3385,3,0,4,3,0.6106,0,1,Active,0
PW013064,2026-05-04,US,Mobile,1088,Medium,5,2,5,5,4,409.21,71.83,0.25,0.2302,0,0,7,2,0.4909,0,1,Active,0
PW023012,2026-05-04,US,Desktop,1056,Medium,7,0,2,4,2,42.63,25.82,-0.3333,-0.1505,0,1,1,2,0.1668,0,2,Active,0
PW015745,2026-01-05,US,Mobile,277,Medium,18,0,2,5,2,57.52,28.94,-0.3333,-0.3507,0,1,6,2,0.1537,0,1,Active,0
PW005733,2026-03-02,us,Desktop,1282,Medium,8,0,2,4,1,98.77,43.06,-0.3333,-0.3533,1,2,3,2,0.1914,0,1,Active,0
PW017803,2026-01-05,BR,Mobile,1561,Medium,17,0,0,3,1,38.3,47.47,-1.0,-0.0951,0,0,4,2,0.0606,0,4,Active,0
PW015000,2026-03-02,BR,Mobile,764,Medium,8,4,9,11,7,598.21,84.97,0.125,0.4049,1,1,7,2,0.8749,0,7,Active,0
PW017943,2026-05-04,mx,Mobile,1164,Medium,4,0,1,3,1,66.69,65.84,0.0,0.2533,1,0,7,2,0.8091,0,3,Active,0
PW026832,2026-02-02,US,Mobile,574,Low,8,0,0,1,1,25.62,31.18,-1.0,0.2731,0,0,7,2,0.3876,1,0,Inactive,0
PW014963,2026-03-02,mx,Mobile,591,Medium,7,0,1,3,1,31.32,52.81,0.0,-0.1454,1,0,6,3,0.6702,0,2,Active,0
PW023577,2026-08-03,US,Mobile,525,Low,13,0,4,8,2,71.54,14.35,0.3333,-0.1497,1,1,2,2,0.3093,1,0,Inactive,1
PW022733,2026-08-03,BR,Mobile,415,Medium,13,0,1,3,1,45.93,55.53,0.0,-0.2664,1,2,7,1,0.1665,0,1,Active,0
PW009258,2026-04-06,BR,Desktop,1565,Low,17,0,1,6,1,33.93,25.28,0.0,-0.1902,1,0,1,1,0.0601,0,1,Active,0
PW027947,2026-06-01,US,Mobile,463,High,0,1,5,13,4,576.73,103.74,0.0,0.2275,0,1,8,3,0.952,0,3,Active,0
PW020211,2026-04-06,US,Desktop,352,Low,41,0,0,1,1,241.74,237.46,-1.0,-0.4773,0,0,2,2,0.0049,1,0,Inactive,1
PW001033,2026-05-04,US,Mobile,568,Low,15,0,1,5,1,36.49,42.51,0.0,-0.0847,1,0,3,1,0.1418,0,2,Active,0
PW024003,2026-01-05,MX,Mobile,1745,Low,2,1,2,3,1,129.85,78.6,0.0,0.0309,0,0,7,1,0.8746,0,1,Active,0
PW022707,2026-02-02,US,Mobile,1728,Medium,9,1,3,7,3,433.13,132.1,0.0,-0.2077,0,0,9,2,0.5609,0,4,Active,0
PW007869,2026-04-06,US,Mobile,236,Low,14,0,2,3,2,31.92,20.29,0.0,0.3529,1,0,5,1,0.4554,0,3,Active,0
PW021806,2026-06-01,MX,Desktop,439,Medium,6,1,2,6,1,244.99,131.27,0.0,-0.1942,0,0,8,2,0.9214,0,1,Active,0
PW023935,2026-07-06,BR,Desktop,357,Medium,48,1,2,3,2,65.31,32.61,0.0,-0.2284,0,1,6,3,0.0065,1,0,Inactive,1
PW028219,2026-06-01,BR,Mobile,854,Low,10,0,3,6,3,148.67,41.43,0.0,0.0324,2,0,2,3,0.3007,0,4,Active,0
PW007334,2026-01-05,MX,Desktop,899,Medium,8,2,2,4,2,139.99,76.26,0.0,0.5127,2,0,11,2,0.9825,0,4,Active,0
PW019965,2026-08-03,US,Mobile,459,Medium,8,4,7,13,7,191.84,39.49,0.0,0.1284,0,3,12,2,0.8458,0,4,Active,0
PW027565,2026-06-01,CR,Desktop,522,Low,10,0,5,6,5,117.27,24.8,0.25,-0.1901,1,0,12,1,0.8425,0,3,Active,0
PW003784,2026-06-01,MX,Mobile,921,Medium,30,0,0,2,1,201.6,196.02,-1.0,-0.1528,0,1,1,1,0.0129,1,0,Inactive,1
PW015124,2026-08-03,BR,Desktop,853,Medium,15,0,0,1,1,54.5,64.32,-1.0,-0.125,0,0,3,2,0.154,0,1,Active,0
PW007020,2026-06-01,MX,Mobile,914,Low,7,1,2,4,2,79.94,43.78,0.0,-0.0682,1,1,8,1,0.8996,0,2,Active,0
PW027944,2026-05-04,US,Mobile,855,Medium,34,0,1,3,1,83.99,72.48,0.0,-0.313,1,0,2,2,0.0324,0,1,Active,0
PW012651,2026-01-05,US,Desktop,1709,Low,6,1,2,6,2,113.94,41.9,0.0,0.3939,2,1,12,2,0.9888,1,0,Inactive,1
PW001913,2026-06-01,US,Mobile,1907,Low,6,1,1,5,1,75.85,77.93,0.0,-0.0054,2,1,5,2,0.6216,0,2,Active,0
PW017245,2026-06-01,US,Mobile,1869,Low,5,1,2,3,2,113.85,56.9,0.0,0.1098,3,0,1,1,0.0641,0,2,Active,0
PW008057,2026-02-02,CR,Desktop,930,Medium,33,2,5,7,5,278.7,40.94,-0.2857,0.261,0,1,6,2,0.1508,0,5,Active,1
PW001261,2026-05-04,BR,Mobile,1026,Low,57,1,1,3,1,63.56,72.98,0.0,0.2315,0,0,5,1,0.0071,1,0,Inactive,1
PW011234,2026-03-02,US,Mobile,1603,High,10,2,4,8,3,123.55,39.45,0.3333,-0.2014,0,0,8,3,0.816,0,5,Active,0
PW007976,2026-04-06,US,Mobile,1555,Medium,26,0,3,4,3,137.46,42.54,0.0,-0.0966,2,0,8,3,0.0928,0,1,Active,0
PW003929,2026-07-06,US,Desktop,313,Medium,1,0,1,2,1,47.22,42.46,0.0,-0.2236,0,0,6,1,,0,1,Active,0
PW003483,2026-04-06,MX,Mobile,1528,Medium,5,0,0,1,1,119.28,112.91,-1.0,-0.0442,0,0,5,3,0.6424,0,2,Active,0
PW025620,2026-03-02,CR,Mobile,388,Low,53,0,1,4,1,20.29,28.29,0.0,0.1037,0,0,6,1,0.0188,0,1,Active,0
PW010719,2026-06-01,US,Mobile,267,Low,15,0,1,5,1,35.94,30.1,0.0,-0.0371,0,0,7,3,0.7607,0,3,Active,0
PW014569,2026-07-06,MX,Desktop,1893,Low,9,0,1,3,1,97.44,84.94,0.0,-0.538,0,0,8,1,0.24,0,2,Active,0
PW011581,2026-03-02,BR,Desktop,1455,Medium,14,0,3,6,3,364.37,143.84,0.0,,2,0,7,3,0.5879,0,2,Active,0
PW014597,2026-08-03,US,Mobile,1890,Low,24,0,1,2,1,47.48,53.04,0.0,-0.0309,0,0,5,2,0.1641,0,1,Active,1
PW028620,2026-06-01,BR,Mobile,1461,Medium,12,0,0,5,1,55.93,53.03,-1.0,0.0805,0,0,0,2,0.4113,0,2,Active,0
PW011026,2026-01-05,BR,Desktop,1128,Medium,48,1,3,6,2,115.99,35.52,0.0,-0.0074,0,1,3,1,0.0021,0,2,Active,0
PW028488,2026-07-06,US,Mobile,730,Medium,7,1,2,3,1,82.66,49.58,0.0,-0.0688,0,1,6,1,0.6966,0,1,Active,1
PW018085,2026-05-04,CR,Mobile,956,Medium,10,0,1,8,1,55.67,43.47,0.0,-0.0055,0,1,1,2,,1,0,Inactive,1
PW017310,2026-02-02,US,Mobile,982,Medium,3,3,6,7,5,365.68,70.38,0.0,-0.2678,1,1,5,2,0.7523,0,2,Active,0
PW026126,2026-01-05,MX,Mobile,1379,Medium,2,0,0,4,1,29.13,30.09,-1.0,-0.0683,0,0,4,1,0.4494,0,2,Active,0
PW020940,2026-03-02,MX,Mobile,1752,Medium,16,0,3,5,3,59.99,28.49,0.0,-0.1712,2,0,7,3,0.1686,0,2,Active,0
PW000112,2026-07-06,BR,Mobile,1654,Low,23,0,0,5,1,26.31,25.51,-1.0,-0.1209,0,0,3,1,0.0461,0,1,Active,0
PW025970,2026-06-01,CR,Desktop,1431,Medium,14,0,0,3,1,52.75,52.74,-1.0,0.0968,1,0,5,3,0.1933,0,3,Active,0
PW000309,2026-02-02,US,Desktop,1340,Medium,6,1,3,4,3,235.22,54.45,-0.25,0.3436,0,1,3,2,0.6526,0,2,Active,0
PW025767,2026-02-02,CR,Mobile,-10,Medium,12,3,3,5,3,85.74,19.29,0.0,0.2268,0,1,5,3,0.7146,0,4,Active,0
PW012833,2026-03-02,US,Desktop,1638,Low,25,0,0,1,1,44.94,47.89,-1.0,-0.4709,1,1,0,1,0.0114,1,0,Inactive,1
PW015952,2026-04-06,US,Mobile,1206,High,15,4,8,10,5,741.33,62.05,0.1429,-0.1857,0,0,12,3,0.7996,0,5,Active,0
PW000823,2026-06-01,BR,Desktop,1485,Low,12,0,2,3,1,95.75,70.4,0.0,-0.3499,0,0,0,1,0.0872,0,1,Active,0
PW029840,2026-05-04,CR,Mobile,896,Medium,29,0,0,4,1,80.68,86.59,-1.0,0.0543,0,0,3,1,0.0158,1,0,Inactive,1
PW018073,2026-06-01,CR,Mobile,624,Low,6,0,0,1,1,21.08,23.44,-1.0,0.0406,0,1,8,2,0.7352,0,4,Active,0
PW014616,2026-05-04,US,Mobile,1253,Low,22,1,2,6,2,46.3,22.18,0.0,-0.1581,3,0,2,1,0.0335,0,1,Active,0
PW028731,2026-01-05,US,Desktop,266,Medium,18,0,1,6,1,73.94,110.77,0.0,0.2448,1,0,12,2,0.495,0,1,Active,0
PW001562,2026-03-02,CR,Mobile,795,Medium,9,0,3,6,3,401.36,145.86,0.5,-0.1094,0,0,2,2,0.2158,0,2,Active,0
PW025132,2026-06-01,US,Mobile,1678,Low,23,0,0,2,1,40.67,36.04,-1.0,0.0372,1,0,1,1,0.1385,0,2,Active,1
PW005687,2026-01-05,US,Mobile,911,Medium,37,0,2,6,2,56.75,23.57,0.0,-0.3413,0,0,7,2,0.0504,1,0,Inactive,1
PW022847,2026-01-05,BR,Mobile,1627,Medium,6,1,4,6,4,287.59,60.79,0.0,-0.0535,0,0,1,2,0.2118,0,3,Active,0
PW019900,2026-05-04,BR,Mobile,1481,Medium,22,0,2,5,2,616.13,219.8,-0.3333,-0.015,1,0,8,2,0.5889,0,1,Active,0
PW025624,2026-02-02,US,Mobile,299,Medium,2,1,1,2,1,87.13,106.15,0.0,-0.0562,0,0,3,1,0.4331,0,2,Active,0
PW004645,2026-03-02,CR,Mobile,1195,Medium,46,0,0,1,1,55.47,44.93,-1.0,-0.291,1,0,6,1,,0,3,Active,1
PW018930,2026-05-04,US,Desktop,842,Medium,68,0,1,4,1,101.25,83.19,0.0,-0.0721,0,0,0,2,0.0005,1,0,Inactive,1
PW014294,2026-04-06,BR,Desktop,528,Low,17,0,0,1,1,15.13,21.84,-1.0,-0.4764,2,0,7,1,0.3308,0,4,Active,0
PW000933,2026-05-04,MX,Mobile,1458,Low,6,0,3,3,3,166.4,51.94,-0.25,-0.1388,0,0,0,1,0.3263,0,1,Active,0
PW003667,2026-06-01,US,Mobile,1618,High,10,4,8,12,8,1232.41,136.4,0.0,-0.1923,0,0,11,3,0.9114,0,8,Active,0
PW007692,2026-01-05,BR,Mobile,811,Low,6,1,3,4,2,158.75,35.88,0.0,-0.4633,2,0,6,1,0.4161,0,3,Active,0
PW010008,2026-07-06,MX,Mobile,291,Medium,22,0,1,2,1,57.19,54.03,0.0,-0.2139,0,0,0,1,0.2151,0,3,Active,0
PW018649,2026-08-03,BR,Mobile,627,Low,65,0,0,3,1,45.77,57.89,-1.0,0.034,1,0,3,2,0.0008,1,0,Inactive,1
PW029913,2026-05-04,US,Mobile,305,Medium,33,0,0,3,1,32.08,34.13,-1.0,0.1911,1,0,1,1,0.0048,1,0,Inactive,1
PW001253,2026-08-03,BR,Mobile,1512,Medium,12,0,1,3,1,65.9,71.05,0.0,-0.1898,0,0,7,2,0.5344,0,2,Active,0
PW026557,2026-02-02,US,Mobile,981,Medium,18,0,1,2,1,23.98,23.93,0.0,-0.1193,0,0,1,2,0.1147,0,2,Active,0
PW013085,2026-04-06,MX,Desktop,1262,Low,6,1,5,6,4,231.94,39.11,0.25,-0.293,3,0,10,1,0.9648,1,0,Inactive,0
PW023786,2026-06-01,US,Mobile,1778,Medium,17,0,1,1,1,96.8,96.91,-0.5,-0.0563,0,0,0,1,0.0484,0,2,Active,0
PW015185,2026-08-03,BR,Mobile,1666,Medium,22,0,3,4,3,83.76,32.69,-0.25,0.2375,0,1,0,1,,0,1,Active,0
PW011685,2026-04-06,BR,Mobile,1346,Medium,14,1,4,7,3,386.3,77.49,0.3333,0.1174,0,0,8,2,0.8028,0,6,Active,0
PW027814,2026-05-04,US,Mobile,374,Low,8,0,1,1,1,15.84,16.1,0.0,0.0269,0,0,7,1,0.4941,0,1,Active,0
PW008618,2026-04-06,BR,Mobile,1639,High,6,1,3,3,3,647.57,189.28,-0.25,-0.2114,0,1,3,2,0.5626,0,2,Active,0
PW029787,2026-05-04,US,Mobile,594,Medium,17,0,3,5,3,122.83,46.92,-0.4,0.1212,1,0,7,3,0.1597,0,3,Active,0
PW010610,2026-03-02,US,Desktop,567,Low,12,0,3,6,2,43.86,19.09,-0.4,0.1694,1,1,9,1,0.6489,1,0,Inactive,0
PW001501,2026-08-03,MX,Mobile,1227,Medium,15,0,1,1,1,105.64,74.99,0.0,-0.3778,0,0,0,2,0.0777,0,1,Active,0
PW001272,2026-02-02,US,Mobile,1710,Medium,13,2,5,9,2,144.34,30.38,0.0,0.3162,1,0,12,3,0.6518,0,5,Active,0
PW007420,2026-08-03,US,Mobile,1475,Medium,9,0,0,2,1,34.86,31.39,-1.0,-0.2658,2,1,5,1,0.159,0,1,Active,0
PW028975,2026-02-02,MX,Mobile,1037,Medium,13,0,2,3,2,216.34,87.38,-0.5,-0.0863,1,0,8,2,0.4824,0,5,Active,0
PW018553,2026-04-06,US,Mobile,630,Medium,12,0,3,6,2,139.62,62.8,-0.25,-0.208,1,1,6,2,0.588,0,2,Active,0
PW000549,2026-05-04,US,Mobile,453,Medium,14,0,4,5,2,190.41,44.44,0.0,-0.1652,1,0,6,2,0.4333,0,4,Active,0
PW020997,2026-08-03,US,Mobile,328,High,9,0,3,5,2,202.45,50.23,0.0,0.1226,1,3,7,2,0.686,1,0,Inactive,1
PW011643,2026-06-01,BR,Mobile,534,Low,17,1,2,4,2,78.53,48.88,0.0,-0.1393,1,0,2,2,0.1837,0,1,Active,0
PW017975,2026-05-04,US,Mobile,837,High,1,4,6,8,6,583.98,122.77,0.5,-0.1124,0,0,7,3,0.8641,0,4,Active,0
PW015098,2026-07-06,US,Mobile,1479,Medium,23,0,1,4,1,96.24,92.12,-0.5,-0.1167,0,0,0,1,0.0287,1,0,Inactive,1
PW022605,2026-04-06,US,Desktop,1806,High,12,2,4,11,3,449.49,130.05,0.0,-0.0659,0,0,5,3,0.4273,0,2,Active,0
PW008882,2026-02-02,US,Mobile,923,Low,8,0,1,2,1,60.71,70.72,0.0,-0.2727,0,0,4,1,0.3646,0,1,Active,0
PW004994,2026-03-02,CR,Mobile,1408,High,21,1,3,6,3,642.51,230.17,0.0,-0.0051,2,0,6,2,0.2527,1,0,Inactive,1
PW008483,2026-08-03,CR,Mobile,1378,Low,7,0,2,4,2,86.07,58.01,0.0,-0.2873,0,2,4,3,0.4213,0,1,Active,0
PW006648,2026-02-02,US,Mobile,942,Medium,7,1,2,7,2,218.94,92.85,-0.3333,-0.1319,1,0,3,1,0.2985,0,2,Active,1
PW028416,2026-07-06,MX,Mobile,836,Medium,24,1,1,6,1,88.38,79.09,0.0,-0.1804,0,0,4,3,0.3165,1,0,Inactive,1
PW007738,2026-04-06,BR,Mobile,671,Medium,22,1,2,5,1,137.74,65.82,0.0,,0,0,5,1,0.0541,0,2,Active,0
PW018989,2026-02-02,MX,Mobile,442,High,15,0,6,8,5,348.17,57.5,0.2,-0.0108,0,0,5,2,0.3096,0,1,Active,0
PW016450,2026-02-02,MX,Desktop,1387,High,3,3,5,15,5,588.79,112.55,-0.2857,0.1608,0,0,8,3,,0,4,Active,0
PW021307,2026-03-02,BR,Mobile,859,Medium,8,0,4,6,3,174.24,51.81,0.3333,0.2493,0,0,8,3,0.6288,0,1,Active,0
PW026433,2026-03-02,BR,Mobile,736,High,4,2,11,19,11,1526.67,163.47,0.2222,0.1894,1,1,13,4,0.987,0,9,Active,0
PW011560,2026-05-04,US,Mobile,1125,Medium,6,0,2,4,2,39.24,26.13,0.0,-0.3685,1,1,5,2,0.5927,0,1,Active,0
PW018366,2026-01-05,US,Desktop,1293,Medium,12,1,5,6,4,125.08,33.57,-0.1667,0.033,0,0,7,1,0.7636,0,5,Active,0
PW006677,2026-04-06,MX,Mobile,1387,Medium,21,1,2,5,1,71.45,52.51,0.0,-0.1181,0,0,9,2,0.4165,0,3,Active,0
PW023975,2026-07-06,MX,Desktop,1478,Medium,5,0,3,4,3,166.25,48.24,-0.25,0.1491,1,0,2,1,0.727,0,4,Active,0
PW002962,2026-02-02,US,Mobile,325,Medium,14,0,3,3,1,188.81,53.43,0.5,0.104,0,0,8,1,0.7758,0,6,Active,0
PW019916,2026-08-03,MX,Mobile,1567,Medium,15,0,1,5,1,106.68,111.28,0.0,0.0869,0,0,2,3,0.0752,0,1,Active,0
PW002274,2026-05-04,BR,Mobile,1337,Medium,4,1,3,6,3,123.59,50.27,0.0,-0.263,0,0,12,1,0.6407,0,3,Active,1
PW007765,2026-03-02,US,Desktop,1677,Low,42,0,0,1,1,38.41,38.76,-1.0,-0.5508,1,0,5,1,0.0244,1,0,Inactive,0
PW014422,2026-06-01,US,Mobile,1603,Low,18,0,1,4,1,54.38,49.77,0.0,0.1265,1,1,4,2,0.5901,0,2,Active,0
PW025121,2026-03-02,CR,Desktop,1487,High,11,3,11,12,11,703.97,61.62,0.0,0.1303,4,0,14,3,0.9445,0,4,Active,0
PW003306,2026-07-06,BR,Desktop,413,Medium,32,0,1,1,1,181.19,151.45,-0.5,-0.2306,1,0,0,1,0.0215,0,1,Active,0
PW021053,2026-07-06,BR,Mobile,1478,Medium,50,0,3,6,3,274.02,97.97,0.0,-0.487,2,0,0,2,0.0078,1,0,Inactive,1
PW004262,2026-06-01,US,Desktop,909,Medium,2,0,1,3,1,68.75,53.32,-0.5,0.411,0,0,7,2,0.933,0,4,Active,0
PW001481,2026-07-06,US,Desktop,856,Medium,8,0,3,4,3,236.73,90.63,0.0,0.0529,0,0,7,3,0.8395,0,2,Active,0
PW024178,2026-04-06,BR,Mobile,1664,Medium,14,0,4,7,3,179.22,52.9,-0.2,-0.1814,0,0,11,1,0.7284,0,9,Active,0
PW027762,2026-05-04,MX,Desktop,263,Low,10,0,1,3,1,22.63,21.84,0.0,-0.5056,0,0,0,2,0.4377,0,4,Active,1
PW019451,2026-06-01,US,Mobile,692,Medium,11,1,2,6,2,151.32,76.94,0.0,0.0237,0,0,6,2,0.4913,0,2,Active,0
PW002195,2026-02-02,US,Mobile,1410,Medium,16,0,0,2,1,163.09,86.84,-1.0,-0.3042,0,1,8,2,0.4265,0,1,Active,0
PW017484,2026-02-02,MX,Mobile,1516,High,7,2,5,8,5,512.65,81.84,-0.1667,-0.4499,1,0,8,2,0.5505,1,0,Inactive,0
PW013420,2026-04-06,US,Mobile,339,Medium,4,0,3,6,2,120.52,49.7,-0.25,-0.2199,0,0,0,2,0.091,0,2,Active,0
PW025077,2026-02-02,CR,Mobile,251,Medium,24,0,1,4,1,35.79,30.63,0.0,-0.1022,0,0,3,1,0.2274,0,3,Active,0
PW026148,2026-05-04,BR,Desktop,1442,Low,1,1,2,4,2,42.0,29.31,0.0,-0.2031,0,0,5,2,0.7995,0,1,Active,0
PW019731,2026-06-01,MX,Mobile,1303,Medium,19,3,4,9,3,413.1,149.51,0.0,-0.229,0,0,6,3,0.3835,0,2,Active,0
PW021160,2026-04-06,MX,Desktop,1745,Medium,6,0,1,3,1,33.75,27.52,0.0,0.1736,1,0,9,2,0.8832,0,7,Active,0
PW025515,2026-04-06,US,Mobile,1042,Medium,32,0,1,1,1,74.73,86.34,-0.5,0.2458,0,2,7,1,0.0874,0,1,Active,1
PW027429,2026-06-01,BR,Mobile,1467,Low,1,0,2,3,1,91.83,45.74,-0.3333,0.1536,1,1,5,2,0.9181,0,3,Active,0
PW008990,2026-06-01,BR,Mobile,1405,Low,33,0,0,2,1,12.04,17.51,-1.0,-0.6118,0,0,4,1,0.0128,0,2,Active,0
PW014869,2026-02-02,US,Mobile,1145,Low,4,0,2,4,2,235.61,90.13,0.0,0.0065,0,0,5,3,0.411,0,1,Active,0
PW021800,2026-05-04,CR,Mobile,441,Medium,16,2,6,8,5,343.56,51.06,0.5,0.3781,0,0,6,1,0.6523,0,2,Active,0
PW011159,2026-08-03,MX,Mobile,364,Low,17,0,2,6,2,123.58,60.3,-0.3333,-0.264,1,0,5,1,0.357,0,3,Active,0
PW025718,2026-03-02,US,Desktop,1741,Medium,8,0,2,8,1,277.48,148.38,0.0,-0.1139,1,0,2,2,0.5291,0,3,Active,0
PW004337,2026-03-02,CR,Mobile,915,Low,7,2,2,3,1,73.82,38.35,0.0,-0.1341,0,1,8,2,0.7109,0,3,Active,0
PW010416,2026-02-02,US,Desktop,1759,Medium,1,1,2,6,2,60.36,25.49,0.0,-0.0043,0,2,3,2,0.5361,0,1,Active,0
PW026848,2026-08-03,US,Mobile,1744,Low,9,0,2,4,1,43.14,27.76,-0.3333,0.159,0,1,5,1,0.194,0,3,Active,0
PW026131,2026-01-05,MX,Mobile,1454,Low,19,1,1,1,1,20.1,27.36,0.0,,1,0,1,1,0.209,1,0,Inactive,1
PW015695,2026-03-02,US,Mobile,967,Medium,30,0,0,1,1,32.12,29.12,-1.0,-0.4406,0,0,0,1,0.0052,0,1,Active,0
PW010719,2026-03-02,US,Mobile,183,Medium,6,1,6,9,5,220.58,41.98,0.0,0.0679,1,0,9,2,0.9581,0,3,Active,0
PW019020,2026-08-03,US,Desktop,731,Medium,2,1,3,4,3,196.42,58.11,0.0,-0.4413,0,1,6,1,0.8031,0,1,Active,0
PW016664,2026-06-01,CR,Desktop,1576,Medium,9,0,0,2,1,33.9,34.32,-1.0,-0.0879,0,0,7,3,0.4963,0,1,Active,0
PW017935,2026-03-02,BR,Mobile,240,Medium,9,0,1,2,1,125.25,94.65,0.0,-0.2123,1,0,10,2,0.7616,0,1,Active,0
PW010726,2026-07-06,US,Desktop,299,Low,12,1,2,4,1,188.97,63.95,-0.3333,-0.1758,0,0,7,2,0.2506,0,4,Active,0
PW007555,2026-06-01,US,Mobile,1044,Low,4,0,2,5,2,43.92,18.51,0.0,-0.5084,0,0,1,1,0.2107,1,0,Inactive,1
PW016897,2026-08-03,CR,Desktop,1621,Medium,42,2,2,3,2,48.82,21.13,-0.3333,-0.207,1,1,0,1,0.003,1,0,Inactive,1
PW018663,2026-04-06,US,Mobile,587,Low,2,1,5,7,4,197.38,49.48,-0.1667,-0.0506,0,0,2,2,0.9068,0,5,Active,0
PW010599,2026-01-05,MX,Mobile,653,Medium,10,1,4,7,4,250.89,72.28,0.0,,0,0,7,3,0.7273,0,5,Active,1
PW013805,2026-07-06,US,Desktop,466,Medium,23,0,1,1,1,41.01,42.88,0.0,-0.1393,1,0,3,1,0.0962,0,1,Active,1
PW002932,2026-08-03,US,Mobile,573,Medium,18,1,5,8,5,158.55,31.43,-0.4444,0.1025,0,0,7,1,0.3219,0,4,Active,0
PW010835,2026-01-05,US,Desktop,1379,Low,45,0,0,4,1,60.78,63.63,-1.0,-0.3823,1,1,4,1,0.0087,1,0,Inactive,1
PW001713,2026-06-01,MX,Mobile,732,Low,-4,1,2,5,2,50.04,38.12,0.0,0.4221,0,0,11,1,0.9296,0,1,Active,0
PW026508,2026-07-06,US,Mobile,763,Medium,9,0,1,4,1,79.62,93.07,0.0,0.0737,0,0,0,2,0.2014,1,0,Inactive,1
PW015614,2026-06-01,BR,Desktop,1056,Medium,10,1,1,6,1,90.21,92.18,0.0,-0.0062,0,0,5,2,0.5674,0,3,Active,0
PW016167,2026-08-03,BR,Desktop,491,Medium,20,0,1,6,1,46.39,,0.0,0.1926,0,1,0,3,0.0071,0,1,Active,0
PW011891,2026-05-04,BR,Mobile,1331,Medium,5,1,3,9,3,67.72,19.97,0.0,0.0083,2,0,9,1,,1,0,Inactive,1
PW004724,2026-03-02,CR,Mobile,650,Medium,26,1,2,4,2,171.77,83.35,-0.3333,-0.4247,1,0,2,1,0.135,0,6,Active,0
PW027078,2026-06-01,US,Mobile,799,Medium,21,0,3,10,3,103.73,32.16,0.0,0.0476,1,0,12,2,0.6859,0,6,Active,0
PW018860,2026-04-06,MX,Mobile,819,Medium,10,1,4,5,3,218.32,61.76,0.0,0.4358,1,0,13,2,0.8167,0,2,Active,0
PW003467,2026-01-05,MX,Mobile,517,Medium,13,0,2,4,2,72.48,36.84,0.0,0.0765,2,0,7,3,0.4485,0,4,Active,0
PW015692,2026-02-02,MX,Mobile,1426,Medium,24,0,1,5,1,99.48,89.15,0.0,-0.3076,2,1,5,1,0.1559,1,0,Inactive,1
PW023378,2026-07-06,MX,Mobile,1827,Medium,10,0,4,6,4,282.15,57.11,0.0,,2,0,5,1,0.4874,0,2,Active,0
PW025605,2026-08-03,CR,Mobile,1046,Medium,42,0,1,1,1,38.03,45.98,-0.5,-0.1564,1,0,0,1,0.0009,1,0,Inactive,1
PW010439,2026-03-02,MX,Mobile,1193,Low,5,0,0,1,1,44.01,68.95,-1.0,-0.0315,0,0,4,2,0.8845,0,1,Active,0
PW021145,2026-04-06,BR,Mobile,1446,High,6,1,4,7,4,409.03,112.42,-0.4286,-0.1784,0,0,10,2,0.7119,0,3,Active,0
PW026695,2026-04-06,US,Mobile,830,Medium,17,0,1,2,1,28.52,22.04,0.0,-0.0456,1,0,6,1,0.5115,0,1,Active,0
PW003428,2026-03-02,US,Desktop,962,Medium,60,0,4,6,4,303.5,85.38,0.0,-0.1907,2,0,11,2,0.0122,1,0,Inactive,1
PW006362,2026-05-04,br,Mobile,1375,Low,30,0,0,1,1,32.46,44.73,-1.0,-0.3719,0,0,0,1,0.0013,1,0,Inactive,1
PW011090,2026-03-02,US,Mobile,1415,Medium,8,0,2,5,2,41.34,22.71,-0.3333,-0.069,3,1,1,1,0.3057,0,1,Active,0
PW014247,2026-01-05,US,Mobile,658,Low,7,0,1,6,1,73.96,56.98,0.0,-0.3,0,0,2,1,0.3029,0,1,Active,1
PW024765,2026-05-04,MX,Desktop,711,Low,8,1,4,11,3,64.73,20.45,0.3333,-0.0065,0,0,7,2,,0,5,Active,0
PW020779,2026-04-06,US,Mobile,1819,Medium,18,0,3,8,1,343.79,134.36,0.5,0.0735,0,0,2,3,0.756,0,1,Active,0
PW006081,2026-02-02,MX,Mobile,1716,Medium,14,2,4,8,4,142.61,36.87,0.3333,-0.3929,1,1,6,2,0.5513,0,4,Active,0
PW012928,2026-02-02,US,Mobile,730,Low,3,1,1,5,1,62.15,70.64,0.0,-0.5019,1,0,6,2,0.8658,0,2,Active,0
PW000567,2026-02-02,US,Mobile,291,Low,26,0,0,3,1,69.4,73.71,-1.0,0.1868,1,0,2,2,0.1779,0,2,Active,1
PW005135,2026-08-03,US,Mobile,1698,Medium,17,1,3,7,3,287.76,83.19,0.0,-0.268,0,0,4,1,0.2396,0,3,Active,0
PW028373,2026-04-06,US,Desktop,1803,High,2,3,6,12,4,543.72,72.68,0.5,0.2324,1,0,8,2,0.9256,0,5,Active,0
PW012169,2026-07-06,MX,Mobile,386,Medium,3,0,1,1,1,32.14,38.41,0.0,-0.087,0,1,2,2,0.5078,0,1,Active,0
PW026716,2026-06-01,US,Mobile,1049,Medium,15,0,2,3,2,96.31,42.85,0.0,0.1175,2,0,5,1,0.5209,0,5,Active,0
PW001787,2026-01-05,MX,Mobile,1120,Medium,0,1,1,5,1,192.55,169.88,0.0,-0.0251,0,0,6,1,0.4373,0,2,Active,0
PW017012,2026-07-06,US,Mobile,1331,Medium,2,0,1,5,1,61.7,67.7,0.0,0.3708,0,0,5,2,0.9102,0,4,Active,0
PW000904,2026-02-02,US,Mobile,616,High,3,1,5,10,5,691.67,163.63,0.6667,0.0467,1,0,5,3,0.7483,0,3,Active,0
PW012696,2026-06-01,MX,Mobile,1670,Medium,18,0,0,2,1,41.54,33.68,-1.0,-0.384,1,0,4,1,0.0566,1,0,Inactive,1
PW005511,2026-01-05,US,Mobile,969,Low,2,0,1,4,1,18.26,21.48,0.0,-0.2423,0,0,0,2,0.828,1,0,Inactive,0
PW005026,2026-05-04,US,Desktop,1545,Medium,16,0,1,2,1,80.8,87.01,0.0,0.1005,1,0,8,1,0.4091,0,1,Active,0
PW010741,2026-01-05,MX,Desktop,1463,Low,8,0,0,2,1,28.6,27.76,-1.0,-0.092,0,0,4,1,0.251,0,2,Active,0
PW009528,2026-06-01,US,Mobile,742,Medium,17,0,0,4,1,26.02,25.57,-1.0,-0.0607,0,0,2,1,0.0941,0,1,Active,0
PW004534,2026-03-02,US,Mobile,1733,Low,2,1,7,7,6,125.88,18.89,0.0,0.2236,0,0,6,2,0.7466,0,4,Active,0
PW016951,2026-08-03,US,Desktop,1622,Medium,16,0,1,4,1,60.02,68.62,-0.5,-0.1833,0,0,3,2,0.0812,0,1,Active,0
PW001737,2026-07-06,BR,Desktop,557,Low,2,0,0,2,1,147.25,154.3,-1.0,-0.3794,0,0,0,1,0.1079,0,1,Active,0
PW002628,2026-02-02,US,Mobile,1425,Low,3,0,1,5,1,24.56,23.86,0.0,-0.65,2,0,0,1,0.2987,0,4,Active,0
PW015652,2026-07-06,BR,Mobile,1553,Medium,11,0,1,6,1,51.57,57.81,0.0,-0.1262,0,0,12,2,0.8692,0,7,Active,0
PW023443,2026-04-06,BR,Desktop,889,Medium,6,0,1,5,1,76.83,88.39,-0.5,-0.0085,1,1,2,2,0.3326,0,2,Active,0
PW018820,2026-03-02,US,Desktop,218,Medium,6,0,1,6,1,78.72,58.65,0.0,0.0698,2,0,7,1,0.9415,0,5,Active,0
PW017432,2026-02-02,US,Mobile,1420,Medium,10,2,3,5,3,370.58,164.48,-0.25,-0.1405,0,1,0,1,0.3031,0,2,Active,0
PW018042,2026-01-05,MX,Desktop,258,High,1,1,6,9,6,369.58,66.13,0.2,0.0582,0,1,8,3,0.8591,0,5,Active,0
PW023777,2026-02-02,US,Mobile,1726,High,5,0,4,7,2,281.27,70.97,-0.2,-0.1713,0,0,1,1,0.2976,0,2,Active,0
PW007771,2026-04-06,BR,Mobile,345,High,11,0,2,5,2,230.86,81.82,0.0,0.1465,0,0,2,1,0.5448,0,1,Active,0
PW006668,2026-07-06,US,Mobile,757,Low,22,0,0,2,1,35.64,31.1,-1.0,0.2705,1,0,0,1,0.0095,1,0,Inactive,0
PW028607,2026-05-04,CR,Mobile,1213,Low,7,0,0,2,1,72.49,79.39,-1.0,0.3161,0,0,5,2,0.6533,0,1,Active,1
PW009479,2026-08-03,US,Mobile,959,Low,4,0,1,3,1,56.34,56.8,0.0,-0.055,0,0,4,2,0.8285,0,1,Active,0
PW027866,2026-07-06,BR,Desktop,1141,Medium,12,1,3,7,3,159.72,55.13,0.0,-0.3411,1,0,3,2,0.3109,0,1,Active,0
PW002631,2026-08-03,MX,Mobile,796,Medium,2,1,2,6,1,83.63,35.83,-0.3333,-0.3282,0,0,2,2,0.8199,0,2,Active,0
PW020870,2026-07-06,BR,Desktop,994,Medium,24,2,4,5,4,207.27,53.45,0.0,-0.1427,2,0,8,2,0.386,0,4,Active,1
PW026605,2026-07-06,MX,Desktop,542,Medium,27,0,0,2,1,55.71,47.01,-1.0,0.2251,0,0,10,2,0.3624,1,0,Inactive,1
PW019999,2026-01-05,US,Mobile,1410,Medium,10,0,1,4,1,99.93,91.23,0.0,0.018,1,0,0,2,0.3337,0,4,Active,1
PW017325,2026-05-04,US,Mobile,1514,Medium,15,0,1,2,1,34.03,35.14,0.0,-0.5311,1,3,4,2,,0,3,Active,0
PW026653,2026-05-04,US,Mobile,785,Low,44,0,0,3,1,36.31,41.04,-1.0,-0.2595,0,1,0,1,0.0013,1,0,Inactive,1
PW000635,2026-03-02,US,Mobile,1711,Low,9,0,0,3,1,23.73,30.03,-1.0,-0.1914,0,0,8,1,0.628,0,2,Active,0
PW016906,2026-03-02,BR,Mobile,1250,Medium,3,0,3,4,3,122.37,57.33,0.0,-0.4169,1,0,2,1,0.187,0,3,Active,0
PW003904,2026-01-05,US,Desktop,1390,Medium,22,0,1,1,1,81.78,63.25,0.0,-0.0977,1,0,0,1,0.0082,1,0,Inactive,1
PW023653,2026-01-05,CR,Mobile,1606,Medium,34,1,2,4,1,67.7,36.02,0.0,-0.2576,1,1,7,2,0.0729,0,1,Active,1
PW017697,2026-01-05,US,Mobile,985,Medium,37,0,1,4,1,51.27,56.79,0.0,-0.2025,0,0,0,2,0.0081,1,0,Inactive,1
PW022494,2026-07-06,MX,Mobile,1577,Low,16,1,1,4,1,82.5,93.89,0.0,0.0918,0,0,5,2,0.4689,1,0,Inactive,0
PW016937,2026-07-06,US,Mobile,1470,Medium,10,0,5,9,2,213.05,53.28,0.25,0.3361,2,0,5,1,0.4852,0,6,Active,0
PW020196,2026-04-06,MX,Mobile,1424,Low,64,0,2,5,2,36.45,16.87,0.0,-0.3787,1,0,2,1,0.0022,1,0,Inactive,0
PW017396,2026-03-02,BR,Mobile,1791,Medium,17,1,2,4,1,60.99,31.21,-0.3333,-0.3752,0,1,0,2,0.1958,0,6,Active,0
PW015360,2026-06-01,BR,Desktop,792,Low,16,1,2,4,1,84.96,28.34,0.0,-0.2773,1,0,1,2,0.0396,0,6,Active,0
PW023888,2026-08-03,MX,Mobile,1991,Low,46,0,0,1,1,35.91,49.78,-1.0,-0.1154,0,1,3,1,0.0068,0,1,Active,0
PW002436,2026-03-02,US,Mobile,806,Low,10,0,0,2,1,95.75,88.39,-1.0,-0.3514,0,0,0,1,0.1007,0,1,Active,0
PW013162,2026-04-06,US,Mobile,976,Medium,16,1,3,4,3,237.08,81.73,-0.4,0.0168,0,0,4,1,0.2253,1,0,Inactive,1
PW028970,2026-07-06,CR,Desktop,311,Low,43,0,0,1,1,52.15,52.67,-1.0,-0.2677,1,1,0,1,0.0034,1,0,Inactive,0
PW010759,2026-05-04,US,Mobile,1760,High,15,2,6,8,6,330.65,73.63,-0.1429,0.1381,3,1,0,2,0.0278,0,1,Active,0
PW005459,2026-04-06,MX,Desktop,1044,Low,14,0,0,2,1,53.37,71.73,-1.0,0.2083,0,0,8,1,0.26,0,1,Active,0
PW013426,2026-05-04,US,Mobile,249,Medium,2,0,0,2,1,26.98,32.07,-1.0,,0,0,2,2,0.0896,0,2,Active,0
PW004042,2026-05-04,BR,Mobile,703,Medium,6,2,4,9,4,341.46,88.95,0.0,-0.0597,0,0,8,3,0.9439,0,2,Active,0
PW024585,2026-06-01,MX,Mobile,1936,Medium,48,0,2,8,2,204.09,118.29,-0.3333,-0.1667,0,2,6,2,0.0149,0,4,Active,0
PW012521,2026-03-02,BR,Mobile,998,Medium,14,1,4,6,4,90.64,25.39,0.0,-0.4757,1,1,12,3,0.6557,0,3,Active,0
PW017438,2026-01-05,US,Mobile,121,Low,6,1,2,6,2,92.58,44.11,0.0,0.0863,0,0,10,3,0.9423,0,4,Active,0
PW027339,2026-06-01,BR,Mobile,265,Medium,7,0,0,3,1,20.05,22.1,-1.0,-0.0396,0,2,3,2,0.444,0,1,Active,0
PW022767,2026-07-06,MX,Mobile,1659,Low,14,0,0,1,1,19.48,18.74,-1.0,-0.0979,0,0,1,1,0.0567,0,1,Active,1
PW007491,2026-05-04,BR,Desktop,586,Medium,17,0,1,4,1,157.61,145.93,0.0,0.0415,0,0,0,2,0.0795,1,0,Inactive,1
PW025606,2026-02-02,CR,Mobile,714,High,15,0,4,10,3,509.7,113.91,-0.2,-0.1856,1,1,8,4,0.3979,0,4,Active,0
PW016238,2026-01-05,US,Mobile,711,Medium,4,1,1,6,1,36.63,27.23,0.0,-0.0083,1,1,4,3,0.4846,0,3,Active,0
PW022314,2026-08-03,MX,Mobile,586,High,11,0,2,3,2,46.61,29.34,-0.3333,-0.4217,1,1,2,3,0.3371,0,3,Active,1
PW020816,2026-05-04,CR,Mobile,1885,Medium,8,0,1,5,1,82.29,116.88,-0.6667,-0.0094,1,0,2,1,0.4462,0,2,Active,0
PW024562,2026-07-06,BR,Mobile,1894,Low,3,1,1,1,1,33.4,31.8,0.0,-0.3696,0,2,2,1,,0,1,Active,0
PW015392,2026-01-05,MX,Mobile,220,Medium,9,1,3,7,2,246.19,74.82,0.0,0.2387,0,1,5,2,0.5535,0,3,Active,0
PW015551,2026-06-01,US,Mobile,362,Medium,2,0,2,3,2,109.59,48.67,0.0,-0.2717,2,1,6,3,0.6465,0,2,Active,0
PW015690,2026-01-05,MX,Mobile,1597,Medium,50,0,0,1,1,36.99,35.37,-1.0,-0.1172,0,1,2,2,0.0019,1,0,Inactive,1
PW006096,2026-07-06,BR,Mobile,1551,Low,19,0,1,3,1,41.3,34.78,0.0,0.0238,1,0,5,2,0.263,1,0,Inactive,1
PW001375,2026-03-02,US,Mobile,1247,Medium,3,0,0,3,1,67.66,63.17,-1.0,-0.1395,1,0,4,2,0.667,0,2,Active,0
PW023430,2026-02-02,CR,Mobile,806,High,6,0,2,7,2,250.45,106.62,0.0,-0.1651,0,0,5,2,0.5351,0,2,Active,0
PW009571,2026-04-06,MX,Mobile,187,Medium,2,2,2,3,1,108.51,68.06,0.0,-0.1037,1,0,10,2,0.931,0,5,Active,0
PW013859,2026-04-06,US,Mobile,1644,Low,21,0,2,4,1,152.0,55.47,0.0,-0.0551,0,0,4,1,0.137,1,0,Inactive,1
PW015718,2026-04-06,MX,Mobile,1696,High,15,1,5,8,2,824.2,177.78,0.0,-0.0354,1,1,3,2,0.1714,1,0,Inactive,0
PW027490,2026-06-01,US,Mobile,1260,Medium,11,0,3,5,3,232.15,71.87,-0.4,-0.5493,0,0,0,1,0.0598,1,0,Inactive,0
PW016434,2026-04-06,US,Mobile,1245,High,5,2,2,4,2,446.04,145.87,0.0,-0.0136,0,0,8,3,0.8549,0,4,Active,0
PW011361,2026-07-06,US,Mobile,404,Medium,8,2,4,6,4,531.53,138.33,-0.2,-0.1224,1,1,10,1,0.8827,1,0,Inactive,0
PW028080,2026-01-05,BR,Mobile,1033,Medium,3,1,4,7,4,270.24,58.09,0.3333,0.0674,2,0,6,3,0.7626,0,8,Active,0
PW001738,2026-05-04,BR,Mobile,1156,High,33,0,0,6,1,258.89,230.93,-1.0,-0.3376,0,0,5,2,0.1297,1,0,Inactive,1
PW028330,2026-06-01,CR,Mobile,1802,Low,50,0,1,1,1,21.87,25.29,0.0,-0.4871,2,2,5,1,,1,0,Inactive,1
PW008040,2026-02-02,US,Mobile,595,Medium,12,1,4,8,4,146.67,49.87,0.3333,-0.2755,0,0,6,2,0.4986,0,5,Active,0
PW010459,2026-02-02,US,Mobile,269,High,5,0,6,8,6,565.74,79.05,-0.1429,0.084,0,0,10,2,0.8686,0,1,Active,0
PW017523,2026-02-02,US,Mobile,1689,Low,7,2,8,10,7,244.43,30.48,0.1429,0.2564,0,1,12,1,0.7825,0,2,Active,0
PW004201,2026-04-06,US,Mobile,186,Medium,8,1,3,5,2,63.34,22.13,0.0,-0.0091,0,0,7,2,0.267,0,2,Active,0
PW025842,2026-05-04,US,Mobile,1115,Medium,4,1,1,5,1,129.17,115.06,0.0,-0.2612,2,1,9,1,0.3976,0,1,Active,0
PW009675,2026-03-02,US,Mobile,1415,Medium,5,2,4,7,3,362.8,73.41,0.0,-0.0153,0,2,5,3,0.5223,0,2,Active,0
PW022814,2026-04-06,BR,Desktop,1635,Low,4,0,0,2,1,62.2,57.73,-1.0,-0.1588,0,0,3,1,0.2986,1,0,Inactive,1
PW012168,2026-03-02,BR,Mobile,242,Medium,0,1,4,8,1,69.05,24.23,0.3333,-0.2352,3,0,4,2,0.8634,1,0,Inactive,1
PW003855,2026-02-02,US,Mobile,648,Medium,14,0,2,3,2,99.56,49.16,-0.6,-0.2006,0,0,4,3,0.2064,0,2,Active,0
PW009396,2026-08-03,MX,Mobile,1147,Medium,20,0,0,4,1,19.85,20.57,-1.0,-0.4165,0,0,0,1,0.0345,1,0,Inactive,1
PW025136,2026-07-06,US,Mobile,508,Medium,19,1,1,1,1,289.42,294.96,0.0,-0.0359,0,0,0,1,0.0292,0,2,Active,0
PW002229,2026-01-05,US,Desktop,533,Medium,4,0,8,10,8,449.03,41.83,0.0,0.0847,2,0,9,2,0.9361,0,7,Active,1
PW011233,2026-06-01,MX,Mobile,407,Low,17,0,1,3,1,65.72,76.5,-0.5,-0.2878,0,0,0,1,0.0199,1,0,Inactive,1
PW004408,2026-03-02,BR,Mobile,974,Medium,32,0,1,4,1,57.67,51.89,0.0,-0.0144,3,0,0,3,0.0542,0,1,Active,0
PW015041,2026-08-03,MX,Mobile,1087,Low,29,0,1,1,1,73.56,61.93,-0.6667,-0.1848,1,0,0,1,0.0106,1,0,Inactive,1
PW013425,2026-08-03,US,Desktop,615,Low,10,0,3,5,3,96.51,35.56,0.0,-0.072,0,0,3,1,0.3428,0,6,Active,0
PW029498,2026-07-06,MX,Mobile,1107,High,9,0,0,3,1,557.21,561.44,-1.0,-0.2196,0,0,1,3,0.1143,0,1,Active,0
PW028173,2026-02-02,BR,Mobile,1179,High,35,2,7,9,5,481.2,70.96,0.1667,-0.2124,3,0,3,2,0.0187,1,0,Inactive,1
PW004105,2026-03-02,BR,Desktop,1809,Low,2,1,1,4,1,32.59,32.78,0.0,0.1614,1,0,6,2,0.8318,0,2,Active,0
PW001744,2026-07-06,BR,Desktop,654,Medium,23,0,1,2,1,113.78,117.61,0.0,-0.4307,2,0,0,1,0.0514,1,0,Inactive,1
PW007609,2026-03-02,BR,Desktop,1373,Medium,3,0,1,3,1,53.42,58.77,0.0,0.1062,0,0,0,1,0.2198,0,3,Active,0
PW011729,2026-01-05,US,Desktop,1504,Low,12,0,1,2,1,30.09,39.08,0.0,0.1431,1,0,6,2,0.5215,0,5,Active,0
PW009663,2026-06-01,US,Mobile,519,Medium,41,1,2,3,2,74.77,36.23,-0.3333,-0.2799,0,0,0,1,0.0033,0,2,Active,1
PW015644,2026-05-04,US,Mobile,1693,Medium,34,1,5,12,4,219.11,34.8,0.25,0.2106,2,0,7,2,0.3036,1,0,Inactive,1
PW001430,2026-08-03,US,Mobile,1135,Medium,3,0,2,3,2,116.05,53.15,-0.6,0.0111,0,0,2,2,0.2734,0,1,Active,0
PW003834,2026-04-06,BR,Mobile,982,Medium,55,0,1,3,1,36.02,42.84,0.0,-0.5611,0,2,7,2,0.0068,1,0,Inactive,1
PW010576,2026-07-06,US,Mobile,1864,Medium,11,0,1,4,1,41.57,41.7,0.0,-0.3853,0,0,1,2,0.2887,1,0,Inactive,1
PW006771,2026-03-02,MX,Desktop,1662,Low,3,0,1,2,1,43.81,41.15,0.0,-0.0919,0,1,7,1,0.4902,0,3,Active,0
PW007593,2026-05-04,BR,Mobile,1271,Medium,4,0,0,4,1,47.92,46.87,-1.0,-0.1532,1,0,0,3,0.5931,1,0,Inactive,1
PW024230,2026-03-02,BR,Mobile,1678,Medium,12,0,2,9,2,149.15,61.98,1.0,-0.0197,0,0,2,1,0.3594,1,0,Inactive,1
PW003146,2026-04-06,US,Mobile,656,High,4,1,6,7,5,803.56,144.06,0.2,0.1384,1,0,6,2,0.5737,0,1,Active,0
PW002922,2026-01-05,MX,Desktop,1674,Medium,7,2,4,6,4,302.9,64.6,-0.2,-0.0811,0,0,7,2,0.5811,0,4,Active,0
PW002915,2026-04-06,US,Mobile,782,Medium,8,0,2,3,2,150.18,87.6,-0.5,-0.2737,0,1,0,1,0.074,0,1,Active,0
PW029946,2026-03-02,US,Desktop,1097,Low,5,0,0,2,1,53.54,44.37,-1.0,-0.65,0,0,0,1,0.3237,0,1,Active,0
PW017839,2026-06-01,US,Desktop,1658,Medium,19,1,4,5,4,190.58,44.27,-0.2,-0.0962,2,0,3,2,0.1829,1,0,Inactive,1
PW004415,2026-06-01,US,Mobile,380,Medium,1,1,2,3,2,119.21,55.63,-0.3333,0.1127,1,0,7,2,0.8372,0,5,Active,0
PW027518,2026-07-06,US,Mobile,1137,Medium,92,0,0,2,1,66.6,69.51,-1.0,-0.1686,0,0,1,2,0.0001,1,0,Inactive,1
PW024393,2026-07-06,US,Desktop,1466,Low,2,0,3,4,2,144.84,46.98,-0.4,-0.1619,0,1,5,2,0.4511,0,5,Active,0
PW003086,2026-05-04,US,Mobile,1467,High,23,1,6,7,5,612.45,107.09,0.2,0.0305,1,1,10,2,0.4737,0,7,Active,0
PW018807,2026-04-06,US,Mobile,433,Low,6,0,0,2,1,75.19,68.01,-1.0,-0.1848,0,0,0,1,0.1141,0,2,Active,0
PW029592,2026-06-01,BR,Desktop,1154,Medium,29,0,0,3,1,70.99,79.0,-1.0,-0.2735,0,2,0,1,0.0219,1,0,Inactive,1
PW004088,2026-03-02,BR,Mobile,177,Medium,58,0,2,6,2,95.78,55.82,0.0,-0.042,0,0,0,1,0.0004,0,1,Active,0
PW008197,2026-03-02,US,Mobile,1360,Medium,23,0,0,3,1,19.94,23.3,-1.0,-0.0042,1,1,3,1,0.012,0,1,Active,0
PW026116,2026-07-06,US,Mobile,1484,Medium,45,1,2,6,2,56.73,30.95,0.0,-0.1109,0,0,0,2,0.0045,1,0,Inactive,1
PW016813,2026-01-05,CR,Mobile,1211,Medium,2,4,8,14,7,158.25,17.04,0.0,,0,1,10,3,0.9816,0,3,Active,0
PW012802,2026-04-06,US,Mobile,1128,Medium,7,1,2,3,1,466.18,236.35,0.0,-0.0778,1,1,3,2,0.5672,0,2,Active,0
PW027675,2026-07-06,CR,Desktop,393,Low,27,0,1,2,1,53.56,58.14,0.0,-0.2905,0,0,0,1,0.0201,0,2,Active,0
PW012314,2026-02-02,BR,Mobile,142,Low,19,0,0,2,1,35.39,36.19,-1.0,-0.2087,0,0,0,1,0.0324,0,1,Active,1
PW023584,2026-04-06,US,Mobile,1660,Medium,5,0,5,11,5,174.66,36.85,0.25,0.4171,1,0,9,3,0.9215,0,5,Active,0
PW018667,2026-01-05,MX,Mobile,286,Low,27,2,4,4,4,111.92,27.31,0.0,-0.0409,0,0,9,1,0.5706,1,0,Inactive,0
PW014061,2026-01-05,US,Mobile,1111,Medium,19,0,0,4,1,70.0,62.12,-1.0,-0.4786,0,0,0,1,0.0527,0,2,Active,0
PW005317,2026-06-01,US,Desktop,254,Low,4,0,0,1,1,25.98,19.56,-1.0,-0.5098,0,1,5,1,0.2696,0,1,Active,1
PW012953,2026-04-06,US,Mobile,540,High,15,1,4,6,4,721.08,250.18,0.3333,-0.0121,1,2,5,3,0.3942,0,1,Active,0
PW001126,2026-07-06,CR,Mobile,1362,Low,3,0,1,1,1,21.26,21.03,0.0,0.0261,0,2,4,2,0.8227,0,4,Active,1
PW021246,2026-01-05,CR,Mobile,1790,Low,3,1,5,8,4,233.57,41.27,0.0,0.4647,1,0,12,3,0.9416,0,5,Active,0
PW002419,2026-07-06,US,Mobile,855,Medium,11,0,3,5,1,213.19,72.35,-0.4,0.062,1,0,4,2,0.3218,0,2,Active,0
PW019266,2026-02-02,BR,Mobile,158,Low,8,0,1,2,1,13.4,10.65,0.0,-0.2272,0,0,3,1,,0,3,Active,0
PW021784,2026-04-06,MX,Mobile,1217,Medium,22,0,1,6,1,37.65,44.3,0.0,-0.1681,1,0,7,2,0.2468,0,1,Active,0
PW024903,2026-04-06,US,Desktop,835,High,13,0,5,13,3,469.96,83.79,0.0,0.0559,1,0,11,3,0.8417,0,8,Active,1
PW028288,2026-08-03,US,Desktop,1983,Medium,8,0,5,7,3,448.63,86.9,0.0,-0.2225,0,0,8,1,0.5716,0,2,Active,0
PW024394,2026-05-04,US,Desktop,1713,Low,34,0,1,1,1,72.3,65.7,-0.5,0.1236,0,0,0,1,0.0022,1,0,Inactive,1
PW029394,2026-02-02,BR,Mobile,1554,Medium,9,1,1,3,1,36.22,44.29,0.0,-0.0577,0,0,0,1,0.0935,0,1,Active,0
PW014849,2026-05-04,BR,Mobile,325,Medium,24,0,3,3,3,340.98,106.22,-0.4,0.1537,1,0,8,2,0.5809,0,3,Active,0
PW014268,2026-07-06,MX,Mobile,411,High,3,3,12,18,10,1038.69,72.45,0.2,0.2009,1,0,10,3,0.9462,0,4,Active,0
PW006153,2026-06-01,MX,Mobile,1742,Low,20,0,0,5,1,34.07,43.32,-1.0,-0.0724,0,0,6,2,0.2757,1,0,Inactive,0
PW003227,2026-08-03,MX,Desktop,1526,Medium,7,0,1,3,1,37.72,40.62,-0.5,0.062,1,0,8,1,0.5987,0,3,Active,0
PW011483,2026-06-01,BR,Desktop,406,Medium,21,0,1,3,1,41.14,49.81,-0.5,0.0268,2,1,4,2,0.0551,0,3,Active,1
PW028479,2026-08-03,BR,Desktop,1501,Medium,2,1,3,7,3,96.54,42.98,0.0,-0.0363,2,0,8,3,0.9611,0,5,Active,0
PW012438,2026-03-02,MX,Mobile,453,Medium,7,1,1,7,1,34.65,38.98,0.0,0.2052,0,0,6,2,0.66,0,2,Active,0
PW027861,2026-08-03,MX,Desktop,1221,Medium,29,0,0,1,1,144.06,130.17,-1.0,-0.066,0,0,3,1,0.085,1,0,Inactive,1
PW023515,2026-07-06,BR,Mobile,988,Medium,4,0,1,4,1,62.32,78.35,0.0,-0.2189,1,1,2,1,0.5831,0,2,Active,0
PW018483,2026-01-05,US,Mobile,1463,Medium,9,2,4,10,4,248.56,47.33,0.3333,0.0443,1,1,8,1,0.6875,0,7,Active,0
PW011308,2026-04-06,CR,Mobile,574,Medium,-4,0,0,1,1,49.29,45.33,-1.0,-0.3235,0,1,12,2,,1,0,Inactive,1
PW000943,2026-06-01,US,Mobile,786,Medium,10,1,3,4,2,179.17,74.13,0.5,-0.092,0,0,6,3,0.8704,0,4,Active,0
PW007599,2026-08-03,US,Desktop,298,Medium,8,0,3,6,3,89.15,26.43,0.0,-0.1595,0,0,6,3,0.5439,0,5,Active,0
PW017950,2026-07-06,MX,Mobile,1373,High,2,0,4,6,3,688.67,120.61,0.3333,0.2677,1,0,5,3,,0,4,Active,1
PW020674,2026-06-01,MX,Mobile,1456,Low,63,0,0,1,1,55.7,,-1.0,,0,0,0,1,0.0006,1,0,Inactive,1
PW011861,2026-07-06,US,Mobile,1220,Low,3,0,0,2,1,50.6,54.37,-1.0,0.0484,0,0,0,1,0.0858,1,0,Inactive,1
PW001454,2026-07-06,US,Desktop,492,Low,11,1,1,1,1,33.64,41.85,0.0,-0.398,1,0,3,2,0.0963,0,1,Active,0
PW007916,2026-05-04,US,Mobile,829,Low,2,1,4,5,4,138.13,26.73,0.0,0.0071,0,0,16,2,0.9838,1,0,Inactive,1
PW009352,2026-04-06,US,Mobile,465,Medium,21,0,3,5,3,348.11,96.05,0.0,-0.3569,0,1,3,1,0.1619,0,3,Active,0
PW014587,2026-08-03,CR,Mobile,1608,Low,9,0,0,2,1,25.04,21.53,-1.0,-0.3084,0,0,1,1,0.1591,0,1,Active,0
PW015827,2026-07-06,BR,Mobile,828,Medium,63,0,0,2,1,90.16,97.17,-1.0,0.0406,2,0,0,1,0.0006,1,0,Inactive,1
PW026749,2026-07-06,US,Mobile,632,High,0,2,4,8,2,220.1,45.9,0.3333,-0.0676,4,2,8,2,0.7694,0,5,Active,0
PW024003,2026-01-05,MX,Mobile,1745,Low,2,1,2,3,1,129.85,78.6,0.0,0.0309,0,0,7,1,0.8746,0,1,Active,0
PW026755,2026-02-02,US,Desktop,972,Medium,19,0,5,6,5,251.72,57.62,0.25,0.2124,1,0,7,2,0.6162,0,6,Active,0
PW015339,2026-08-03,BR,Mobile,1439,Low,14,0,2,4,2,55.04,27.12,-0.3333,-0.195,0,1,8,2,0.2732,0,1,Active,0
PW009981,2026-04-06,US,Mobile,491,Low,5,0,0,1,1,44.46,48.61,-1.0,-0.0655,0,0,4,2,0.282,0,3,Active,0
PW015911,2026-08-03,US,Desktop,892,Medium,0,0,1,4,1,77.36,86.25,0.0,0.0661,0,0,0,1,0.6487,0,1,Active,0
PW017746,2026-07-06,US,Desktop,1631,Low,5,1,2,3,1,140.42,83.03,0.0,-0.1689,1,0,4,2,0.8906,0,3,Active,0
PW011979,2026-08-03,US,Mobile,1506,Medium,6,0,1,3,1,123.36,131.73,0.0,0.175,0,1,0,2,0.0465,0,2,Active,0
PW029717,2026-01-05,US,Mobile,728,Medium,12,0,1,5,1,99.95,79.88,0.0,-0.3672,1,0,0,2,0.1275,0,1,Active,0
PW020956,2026-05-04,US,Mobile,1126,Low,5,0,0,1,1,36.31,39.14,-1.0,-0.5538,1,1,2,1,0.1695,1,0,Inactive,1
PW002938,2026-03-02,BR,Mobile,1113,Low,9,0,2,3,2,57.1,,0.0,-0.0337,0,0,11,1,0.5849,0,4,Active,0
PW022690,2026-01-05,BR,Mobile,1676,Low,5,0,2,6,2,51.42,26.53,-0.3333,-0.1473,0,1,5,1,0.5892,1,0,Inactive,1
PW014029,2026-02-02,CR,Mobile,557,Medium,1,2,4,6,4,180.23,37.11,-0.2,-0.1265,1,1,6,2,0.8603,0,3,Active,0
PW028085,2026-05-04,BR,Mobile,1210,Low,6,0,7,14,5,157.54,25.68,0.1667,-0.0645,2,0,4,2,0.6869,0,5,Active,0
PW028523,2026-03-02,US,Desktop,819,Medium,9,2,5,8,5,89.45,20.34,0.25,-0.0274,0,1,8,3,0.899,0,4,Active,0
PW021384,2026-08-03,US,Mobile,1356,Medium,5,0,1,5,1,67.16,61.86,0.0,0.0373,0,0,3,2,0.4363,0,1,Active,0
PW017862,2026-01-05,MX,Mobile,359,Low,7,1,1,2,1,62.93,58.68,0.0,0.19,1,0,5,1,0.3598,0,4,Active,0
PW024528,2026-07-06,BR,Desktop,1518,Low,12,0,1,3,1,39.42,50.88,0.0,-0.1447,0,1,3,3,0.5129,0,1,Active,0
PW013730,2026-03-02,BR,Mobile,1818,Medium,17,1,3,8,2,245.33,70.02,-0.25,-0.1051,0,1,5,1,0.1135,0,2,Active,0
PW015734,2026-08-03,MX,Mobile,1462,High,19,3,6,8,5,599.11,109.99,0.0,-0.0345,1,1,12,2,0.6553,0,1,Active,0
PW017212,2026-06-01,CR,Desktop,761,Low,31,0,0,1,1,39.94,41.67,-1.0,0.3162,1,0,2,1,0.011,0,1,Active,1
PW017184,2026-01-05,BR,Mobile,816,Low,8,1,2,3,2,70.62,30.64,0.0,0.0393,0,0,9,2,0.5925,0,1,Active,0
PW016965,2026-03-02,US,Desktop,1199,Medium,14,1,3,4,3,146.29,49.77,0.5,-0.0531,1,0,14,2,0.71,0,3,Active,0
PW019128,2026-06-01,US,Mobile,1141,Medium,3,1,5,12,4,242.41,57.28,0.25,0.3008,2,0,13,1,0.9579,0,4,Active,1
PW001504,2026-01-05,US,Mobile,975,Low,27,0,1,1,1,124.2,104.59,-0.5,-0.0294,0,0,0,2,,1,0,Inactive,1
PW024699,2026-08-03,BR,Desktop,1561,Medium,61,0,0,1,1,13.4,15.43,-1.0,-0.2698,0,1,3,1,0.0003,1,0,Inactive,1
PW016703,2026-06-01,US,Mobile,993,Low,6,1,1,1,1,63.97,66.7,0.0,-0.1036,1,0,6,1,0.5916,1,0,Inactive,1
PW008179,2026-07-06,US,Desktop,1521,Medium,6,0,2,2,1,106.41,47.62,-0.3333,-0.0375,0,0,5,1,0.5433,0,3,Active,0
PW023582,2026-07-06,BR,Mobile,1338,Medium,13,2,3,4,1,133.77,58.59,0.0,-0.0129,0,0,11,3,0.729,0,7,Active,0
PW013111,2026-01-05,US,Desktop,1437,Medium,6,1,1,1,1,90.8,78.83,0.0,-0.0148,0,0,6,2,0.5611,0,1,Active,0
PW000249,2026-03-02,MX,Mobile,456,Low,10,1,3,3,2,135.0,66.76,0.0,-0.2004,1,0,7,3,0.862,0,3,Active,0
PW004331,2026-01-05,US,Desktop,1699,Medium,9,0,2,2,2,210.33,117.99,0.0,-0.0517,1,1,6,2,0.4587,0,1,Active,0
PW007095,2026-04-06,US,Desktop,1753,Low,58,0,2,5,1,72.29,38.1,1.0,-0.2071,0,1,5,2,0.0104,1,0,Inactive,0
PW013383,2026-06-01,CR,Desktop,543,Medium,34,1,1,4,1,83.86,81.21,0.0,-0.0956,0,1,1,1,0.0047,0,1,Active,0
PW016701,2026-01-05,MX,Mobile,128,Medium,0,2,5,8,4,346.32,85.43,0.6667,0.0935,0,0,3,2,0.9105,0,8,Active,0
PW023466,2026-06-01,BR,Mobile,1230,Medium,22,2,4,5,1,321.81,71.27,-0.3333,-0.1995,0,0,9,3,0.7531,0,1,Active,1
PW005418,2026-05-04,BR,Mobile,803,High,6,3,10,12,9,547.24,59.78,-0.0909,-0.1199,1,0,11,3,0.9028,0,5,Active,1
PW028977,2026-03-02,BR,Mobile,743,Medium,11,1,3,4,3,436.96,136.82,0.0,0.0816,0,0,13,2,0.8431,0,1,Active,0
PW019241,2026-03-02,US,Mobile,235,Medium,3,1,2,4,2,159.61,55.56,0.0,0.2089,2,0,14,3,0.9771,0,3,Active,0
PW006376,2026-01-05,BR,Mobile,1117,Low,23,0,0,2,1,65.78,,-1.0,-0.1635,0,0,4,3,0.4048,0,4,Active,0
PW025839,2026-02-02,US,Desktop,1621,Low,4,0,0,3,1,11.85,14.41,-1.0,-0.1278,1,0,3,1,0.7307,0,3,Active,0
PW029150,2026-02-02,US,Mobile,1468,Low,25,0,0,1,1,31.62,37.83,-1.0,-0.2353,0,0,0,1,0.0375,0,1,Active,0
PW028985,2026-03-02,MX,Desktop,963,Medium,19,0,0,1,1,32.25,31.33,-1.0,-0.4998,0,1,2,1,0.0257,1,0,Inactive,1
PW002963,2026-06-01,US,Mobile,1893,Low,44,0,0,1,1,35.07,43.21,-1.0,-0.1273,0,0,0,1,0.0014,1,0,Inactive,1
PW001902,2026-01-05,mx,Mobile,291,Medium,9,3,9,10,8,383.34,50.36,-0.1818,-0.0477,1,0,8,2,0.8013,0,2,Active,0
PW006149,2026-01-05,BR,Mobile,1386,Low,2,0,0,1,1,78.42,73.83,-1.0,-0.1156,1,2,1,1,0.0827,0,2,Active,0
PW009428,2026-04-06,BR,Mobile,1312,Low,25,0,2,3,1,88.25,42.05,0.0,-0.0406,0,0,5,1,0.0464,1,0,Inactive,0
PW008253,2026-05-04,MX,Mobile,911,Low,8,0,0,1,1,45.67,47.76,-1.0,-0.2661,1,0,5,1,,0,2,Active,1
PW014079,2026-05-04,US,Mobile,290,Medium,22,1,2,5,2,210.68,75.45,0.0,0.1458,1,1,0,2,0.0392,1,0,Inactive,1
PW014243,2026-04-06,US,Mobile,1865,Low,14,1,2,3,2,76.29,34.5,0.0,-0.0537,1,0,2,1,0.1091,0,5,Active,0
PW029580,2026-01-05,BR,Desktop,715,Medium,6,2,6,6,5,176.71,39.18,0.2,-0.1096,0,1,6,3,0.9325,0,7,Active,0
PW004726,2026-06-01,MX,Mobile,451,Low,17,0,1,2,1,69.17,58.18,0.0,-0.3906,0,0,3,1,0.1812,1,0,Inactive,1
PW016219,2026-08-03,MX,Mobile,1378,Medium,29,0,0,5,1,207.63,211.05,-1.0,0.0199,2,0,0,1,0.0087,1,0,Inactive,1
PW009602,2026-04-06,US,Mobile,1649,Low,14,0,1,3,1,18.74,15.9,0.0,-0.1044,2,0,3,2,0.3135,0,2,Active,0
PW000296,2026-08-03,CR,Desktop,1264,Medium,2,0,1,3,1,27.37,53.25,0.0,-0.2368,0,0,0,1,,0,1,Active,0
PW016242,2026-08-03,MX,Mobile,591,Medium,23,0,0,5,1,95.06,111.68,-1.0,-0.1094,0,0,1,2,0.0149,0,1,Active,0
PW003878,2026-04-06,US,Mobile,1706,Medium,9,0,1,4,1,43.9,49.82,0.0,-0.0776,0,0,1,1,0.4178,0,6,Active,0
PW014625,2026-01-05,US,Desktop,297,Medium,13,0,0,1,1,74.96,75.9,-1.0,-0.2494,0,0,10,1,0.7532,0,1,Active,1
PW028951,2026-03-02,US,Mobile,757,Low,11,0,1,2,1,91.1,74.94,0.0,-0.4516,0,0,6,2,0.4696,1,0,Inactive,1
PW028047,2026-04-06,BR,Mobile,504,Medium,19,0,0,4,1,27.13,27.47,-1.0,0.096,0,1,7,2,0.4938,1,0,Inactive,1
PW015798,2026-02-02,MX,Mobile,1470,Medium,13,0,3,6,2,118.09,36.05,0.0,0.0215,0,0,7,3,0.7263,0,1,Active,0
PW000647,2026-07-06,US,Mobile,1640,Medium,22,1,1,2,1,161.18,144.23,0.0,-0.4904,1,1,3,1,0.0444,1,0,Inactive,1
PW028023,2026-03-02,CR,Desktop,1408,Medium,6,0,1,4,1,85.08,80.77,0.0,-0.1667,1,0,3,3,0.8044,0,2,Active,0
PW003753,2026-03-02,US,Mobile,378,Low,10,1,1,3,1,48.47,44.13,0.0,-0.5488,1,1,2,1,0.1805,0,2,Active,0
PW017789,2026-06-01,US,Mobile,654,Medium,17,0,1,3,1,31.97,36.17,0.0,-0.2842,0,1,7,1,0.2221,0,1,Active,0
PW022066,2026-07-06,MX,Mobile,346,Medium,43,0,0,1,1,109.15,117.49,-1.0,-0.3165,1,0,5,1,0.0145,1,0,Inactive,0
PW005386,2026-02-02,US,Mobile,536,Medium,22,0,3,3,3,224.47,64.08,-0.25,-0.3764,2,0,0,1,0.0518,1,0,Inactive,1
PW006715,2026-07-06,US,Mobile,572,Low,23,0,2,2,2,42.7,21.7,0.0,0.1834,0,0,10,2,0.5465,0,1,Active,0
PW027501,2026-03-02,MX,Mobile,328,Medium,16,0,1,3,1,52.83,44.39,0.0,-0.0713,0,0,0,1,0.0511,0,1,Active,0
PW007746,2026-03-02,US,Mobile,1156,Low,15,0,3,4,3,124.61,40.93,0.0,-0.0859,3,0,7,2,0.4965,0,1,Active,0
PW004670,2026-01-05,CR,Mobile,1254,Low,1,0,1,6,1,19.03,14.53,0.0,-0.0206,0,0,6,2,0.8155,0,1,Active,0
PW025084,2026-01-05,US,Desktop,1285,Medium,22,0,4,7,4,381.4,91.14,-0.2,0.3437,0,1,8,2,0.5568,0,3,Active,0
PW018739,2026-04-06,BR,Mobile,301,Low,27,0,1,2,1,52.06,50.22,0.0,-0.0244,0,0,10,1,0.2337,0,1,Active,0
PW029148,2026-06-01,US,Mobile,1453,Medium,9,0,0,2,1,47.11,50.4,-1.0,-0.2915,0,0,4,1,0.4514,0,3,Active,0
PW028813,2026-04-06,US,Desktop,388,Medium,8,0,0,2,1,24.84,17.19,-1.0,0.1807,1,0,4,1,0.3441,0,2,Active,0
PW002101,2026-01-05,US,Desktop,601,Low,2,1,1,3,1,25.7,30.23,0.0,0.0453,0,0,2,2,0.6511,0,1,Active,0
PW009203,2026-03-02,US,Desktop,1173,Low,17,0,1,5,1,48.12,51.52,0.0,-0.2413,0,0,3,2,0.1888,0,1,Active,0
PW029712,2026-05-04,US,Mobile,1227,Low,19,0,0,1,1,34.19,34.17,-1.0,0.1426,0,1,10,2,0.5824,1,0,Inactive,1
PW028914,2026-03-02,BR,Mobile,318,Low,15,1,4,9,3,85.66,36.31,0.0,-0.0009,0,0,3,2,0.4649,0,2,Active,0
PW022970,2026-08-03,BR,Desktop,998,Low,2,0,2,3,2,42.58,20.32,-0.5,-0.4093,1,0,6,2,0.6799,0,2,Active,0
PW027811,2026-02-02,US,Mobile,593,Medium,4,1,3,7,3,115.85,47.2,0.0,0.0601,1,0,8,1,0.8741,0,4,Active,1
PW013898,2026-07-06,US,Mobile,419,Medium,13,0,1,2,1,58.72,48.26,-0.5,-0.1129,1,0,0,1,0.0072,1,0,Inactive,1
PW000222,2026-02-02,US,Desktop,1361,Low,3,0,4,8,4,141.54,49.86,0.3333,-0.107,1,0,8,2,0.8407,0,4,Active,1
PW024082,2026-08-03,BR,Mobile,958,Medium,9,0,1,4,1,62.55,59.36,0.0,0.032,0,0,4,1,,0,1,Active,0
PW010876,2026-02-02,US,Desktop,1757,Medium,6,2,2,6,1,245.7,83.03,0.0,-0.1124,1,1,0,1,0.3148,1,0,Inactive,1
PW017181,2026-08-03,US,Mobile,502,Medium,4,0,3,6,2,142.37,60.1,-0.25,0.4391,0,0,4,1,0.4839,0,2,Active,0
PW018523,2026-06-01,US,Mobile,1190,Low,13,0,2,2,2,59.15,28.71,0.0,-0.1568,0,0,5,1,0.3192,0,1,Active,0
PW022903,2026-05-04,CR,Mobile,1541,Low,10,1,4,5,4,238.95,40.33,0.3333,0.1408,1,1,12,2,0.9491,0,7,Active,0
PW008526,2026-04-06,US,Mobile,1645,Medium,8,2,5,7,3,185.29,35.09,0.25,0.265,0,0,10,2,0.9565,0,3,Active,0
PW028142,2026-03-02,US,Mobile,1048,Low,4,0,4,7,3,78.1,28.52,-0.2,,0,0,4,1,0.6778,0,2,Active,0
PW006918,2026-02-02,US,Desktop,1026,Low,21,2,4,6,2,293.71,82.03,-0.3333,-0.0774,0,0,3,2,0.2269,0,1,Active,0
PW021016,2026-04-06,US,Mobile,235,Medium,6,1,3,5,3,148.03,53.18,0.0,-0.1169,1,0,3,1,0.1843,0,1,Active,0
PW016736,2026-02-02,MX,Mobile,922,Low,11,0,1,1,1,47.39,50.77,0.0,-0.1413,0,0,2,1,0.1745,0,4,Active,0
PW027867,2026-04-06,US,Mobile,901,Low,17,1,4,4,4,219.78,52.4,0.0,-0.1828,0,0,3,1,0.1567,0,4,Active,0
PW023060,2026-07-06,MX,Mobile,1878,Medium,27,0,1,1,1,90.1,88.07,0.0,-0.0762,1,1,0,1,0.0089,0,3,Active,0
PW022632,2026-06-01,US,Mobile,1733,High,7,3,7,8,3,586.11,87.03,0.0,0.0462,0,1,8,2,0.9075,1,0,Inactive,1
PW000957,2026-07-06,MX,Desktop,1223,High,8,0,2,6,2,202.76,100.98,0.0,-0.3161,1,0,5,2,0.3864,0,2,Active,0
PW004284,2026-02-02,MX,Desktop,1038,Medium,22,0,-1,4,1,49.12,34.87,-0.5,-0.5365,0,1,2,1,0.0103,1,0,Inactive,1
PW020261,2026-07-06,BR,Desktop,365,Medium,20,0,1,1,1,140.89,104.87,0.0,0.0785,0,2,7,1,0.0183,0,1,Active,0
PW027720,2026-08-03,US,Mobile,1436,Medium,2,1,4,5,4,147.16,34.34,0.0,-0.1577,1,0,9,2,0.5176,0,3,Active,0
PW016553,2026-03-02,US,Mobile,1555,Medium,23,1,3,7,3,232.74,68.8,-0.5,0.0529,0,0,7,1,0.1594,0,1,Active,0
PW028860,2026-02-02,MX,Desktop,1252,Low,27,0,0,2,1,100.82,98.86,-1.0,0.0942,1,1,1,1,,1,0,Inactive,1
PW000141,2026-02-02,MX,Desktop,1136,Medium,7,0,4,7,4,268.41,,0.0,0.0442,0,0,7,3,0.5452,0,4,Active,0
PW015019,2026-03-02,BR,Desktop,1269,Low,0,0,0,3,1,41.56,44.25,-1.0,-0.0153,0,0,9,1,0.8569,0,1,Active,0
PW004140,2026-02-02,US,Mobile,323,Medium,0,1,3,4,3,72.2,42.39,0.0,-0.5014,2,0,0,2,0.3208,0,5,Active,0
PW008830,2026-06-01,MX,Mobile,445,Medium,6,0,1,7,1,98.83,113.8,0.0,0.0937,1,0,4,2,0.8024,1,0,Inactive,1
PW029349,2026-01-05,MX,Mobile,655,High,3,2,6,13,4,545.49,87.13,0.0,-0.3479,1,1,8,3,0.9652,0,3,Active,0
PW004158,2026-08-03,US,Mobile,1915,Low,14,0,2,3,1,113.97,68.78,0.0,-0.0886,2,0,13,2,0.5476,0,3,Active,1
PW018464,2026-05-04,US,Mobile,614,Low,28,1,3,9,1,82.71,29.8,0.0,0.0386,0,0,7,2,0.3254,0,5,Active,0
PW026632,2026-02-02,BR,Desktop,757,Low,20,0,1,1,1,61.56,57.55,0.0,,1,0,2,1,0.0465,0,1,Active,0
PW026457,2026-06-01,BR,Mobile,531,Low,9,1,2,6,1,106.64,65.94,0.0,-0.0816,2,0,6,2,0.8183,0,5,Active,1
PW028284,2026-03-02,US,Desktop,1290,Low,4,1,4,6,4,91.65,28.53,0.3333,0.0852,0,0,6,2,0.8225,0,6,Active,0
PW002778,2026-01-05,US,Mobile,896,Medium,3,1,4,5,3,235.9,46.63,0.0,-0.1852,0,1,6,1,0.5959,0,4,Active,0
PW028268,2026-08-03,US,Mobile,509,Medium,6,0,2,5,2,176.83,77.12,0.0,-0.6325,1,0,3,2,0.2952,0,3,Active,1
PW016813,2026-07-06,CR,Mobile,1379,Medium,5,0,3,6,3,322.86,106.78,0.0,0.1237,1,0,10,2,0.7848,0,1,Active,0
PW009786,2026-06-01,BR,Mobile,1191,Medium,9,3,12,14,9,366.51,31.75,0.2,0.0406,1,0,17,3,0.9602,0,9,Active,0
PW029357,2026-03-02,US,Mobile,1009,Low,34,0,1,2,1,114.23,89.05,0.0,-0.0532,0,0,3,1,0.0648,1,0,Inactive,1
PW011482,2026-06-01,MX,Mobile,372,Medium,50,2,3,4,2,213.67,49.54,0.0,-0.3357,1,1,0,3,0.0059,1,0,Inactive,1
PW007805,2026-06-01,MX,Mobile,812,Medium,7,0,0,1,1,67.62,71.01,-1.0,0.1409,0,0,7,1,0.6203,0,1,Active,0
PW013711,2026-04-06,US,Mobile,1455,Medium,31,1,2,3,2,59.57,40.56,-0.5,-0.2822,0,2,5,3,0.0156,0,3,Active,0
PW028763,2026-07-06,US,Mobile,1679,Low,35,0,0,1,1,39.4,39.49,-1.0,-0.2326,0,0,3,1,0.0185,1,0,Inactive,0
PW029008,2026-02-02,US,Mobile,1615,Medium,20,1,3,7,3,106.72,46.17,0.0,0.2446,0,0,4,3,0.5893,0,7,Active,0
PW012121,2026-04-06,MX,Mobile,718,Low,85,0,0,2,1,64.13,58.89,-1.0,-0.1985,0,0,0,1,0.0,1,0,Inactive,1
PW007604,2026-06-01,MX,Mobile,1594,Medium,5,1,3,5,3,171.38,51.66,0.5,0.0451,0,0,9,2,0.9226,0,3,Active,0
PW029679,2026-02-02,US,Desktop,874,High,3,3,8,12,5,415.36,43.37,0.0,0.1548,2,0,13,2,0.985,0,2,Active,0
PW016242,2026-08-03,MX,Mobile,591,Medium,23,0,0,5,1,95.06,111.68,-1.0,-0.1094,0,0,1,2,0.0149,0,1,Active,0
PW013780,2026-02-02,CR,Mobile,855,Low,8,0,0,1,1,53.24,60.17,-1.0,0.1888,1,0,8,2,0.8355,1,0,Inactive,1
PW013961,2026-01-05,US,Mobile,1036,Medium,45,0,1,3,1,147.1,102.2,-0.5,-0.2177,0,0,2,1,0.0044,1,0,Inactive,1
PW004281,2026-05-04,MX,Mobile,1537,Medium,4,0,0,4,1,50.89,48.04,-1.0,-0.3269,1,3,2,3,0.226,0,1,Active,0
PW025493,2026-08-03,US,Desktop,417,Medium,74,0,1,2,1,63.5,53.79,0.0,-0.2484,1,0,8,2,0.0005,1,0,Inactive,1
PW020704,2026-03-02,BR,Mobile,1816,Low,7,0,3,4,2,119.92,42.55,0.0,0.0567,1,2,3,1,0.5307,1,0,Inactive,1
PW025199,2026-04-06,CR,Mobile,1075,High,5,2,7,9,6,155.82,25.01,-0.2222,0.1858,2,1,12,2,0.9504,0,8,Active,0
PW012586,2026-04-06,BR,Mobile,1672,Medium,17,2,6,10,5,601.89,101.27,0.0,-0.2153,0,0,11,3,0.8421,0,2,Active,0
PW027167,2026-02-02,US,Mobile,1511,Low,6,1,4,8,4,256.08,78.98,0.3333,-0.17,1,0,11,3,0.8967,0,2,Active,0
PW027209,2026-08-03,BR,Mobile,796,Low,55,0,0,1,1,11.39,18.54,-1.0,-0.2649,1,1,0,2,0.0002,1,0,Inactive,1
PW009939,2026-01-05,US,Mobile,1181,Low,5,2,6,7,5,226.39,41.19,0.2,-0.3822,1,0,5,1,0.7129,0,3,Active,0
PW021923,2026-06-01,MX,Mobile,1573,Low,0,0,3,4,3,182.01,58.19,0.5,0.1263,0,0,10,2,0.8671,0,2,Active,0
PW002813,2026-04-06,US,Desktop,1826,Low,16,0,1,2,1,30.13,32.39,0.0,0.12,1,1,7,2,0.413,0,3,Active,0
PW021907,2026-04-06,MX,Mobile,1262,Medium,15,1,3,4,3,166.48,55.31,0.0,-0.0385,0,0,4,2,0.3826,0,3,Active,0
PW029633,2026-06-01,US,Mobile,1260,Medium,6,1,2,5,2,52.0,26.29,0.0,0.2704,0,0,4,1,0.4807,0,1,Active,0
PW004666,2026-04-06,BR,Desktop,695,Medium,2,3,5,7,5,119.59,23.26,0.0,0.2652,1,0,11,2,0.8787,0,1,Active,0
PW002336,2026-06-01,US,Mobile,1600,Medium,24,1,1,4,1,45.93,55.51,-0.5,-0.4723,0,0,2,2,,1,0,Inactive,1
PW006723,2026-03-02,CR,Mobile,412,Low,29,0,1,1,1,83.08,66.01,0.0,-0.1157,0,1,10,1,0.1472,0,1,Active,0
PW029164,2026-07-06,US,Mobile,1567,Low,3,0,4,5,4,321.17,122.73,0.3333,0.1398,0,0,11,3,0.972,0,5,Active,0
PW024471,2026-02-02,US,Mobile,1197,Medium,23,0,1,3,1,79.9,62.25,0.0,0.1128,1,0,5,1,0.464,1,0,Inactive,0
PW005609,2026-04-06,MX,Mobile,797,Medium,4,3,6,6,6,220.1,36.72,0.0,0.0982,3,0,2,2,0.7294,0,5,Active,0
PW002610,2026-01-05,US,Desktop,789,Low,16,0,1,6,1,35.16,31.78,0.0,-0.172,2,1,7,1,0.6263,0,2,Active,0
PW024291,2026-07-06,MX,Mobile,1951,Medium,17,0,0,2,1,98.12,77.87,-1.0,0.0292,0,0,7,2,0.3323,1,0,Inactive,1
PW016908,2026-02-02,CR,Mobile,688,Medium,30,0,0,6,1,145.29,105.81,-1.0,-0.5054,0,0,5,2,0.0611,0,3,Active,1
PW002369,2026-07-06,CR,Mobile,917,Medium,14,1,2,7,2,118.25,53.1,0.0,-0.0492,1,2,5,2,0.3067,0,1,Active,0
PW013526,2026-01-05,MX,Desktop,541,Low,0,0,1,1,1,55.04,78.72,0.0,0.0935,0,1,8,2,0.9102,0,2,Active,0
PW014493,2026-08-03,US,Mobile,1081,High,9,0,1,8,1,31.19,38.96,-0.5,-0.0706,2,1,0,1,0.1687,0,1,Active,0
PW028583,2026-04-06,MX,Mobile,327,Medium,8,0,4,8,3,94.31,21.56,0.3333,-0.2411,0,0,8,1,0.8525,0,1,Active,0
PW017396,2026-01-05,BR,Mobile,1735,Medium,15,0,3,5,3,182.58,59.43,0.0,-0.2283,1,0,7,1,0.5352,0,2,Active,0
PW007581,2026-04-06,US,Mobile,1143,Medium,5,2,3,4,2,81.8,23.18,0.0,-0.0163,0,0,12,2,0.9533,0,2,Active,0
PW012812,2026-08-03,BR,Mobile,595,Medium,21,0,0,2,1,124.12,133.26,-1.0,-0.0122,1,2,0,1,0.0109,0,1,Active,0
PW002533,2026-03-02,US,Mobile,932,Low,11,0,3,4,3,123.24,40.7,-0.25,-0.3106,0,1,4,1,0.4063,0,3,Active,1
PW000465,2026-04-06,BR,Mobile,552,Medium,3,2,4,6,3,223.16,70.51,0.0,0.3155,1,2,11,4,0.97,0,5,Active,0
PW000775,2026-03-02,CR,Mobile,1133,Medium,17,0,0,1,1,39.54,28.1,-1.0,-0.3086,0,0,0,1,0.0076,1,0,Inactive,1
PW006398,2026-05-04,MX,Desktop,1757,Medium,20,1,3,11,3,269.49,94.94,-0.25,0.1838,0,0,4,1,0.1195,0,1,Active,0
PW027138,2026-04-06,US,Mobile,529,High,12,1,3,5,3,443.1,131.55,0.0,-0.3301,0,0,3,2,0.3615,0,2,Active,0
PW017417,2026-08-03,US,Mobile,1423,Medium,6,0,2,6,2,91.81,54.8,0.0,-0.001,1,0,4,2,0.412,0,4,Active,0
PW012353,2026-06-01,US,Mobile,285,Medium,15,0,2,4,2,101.32,61.23,0.0,-0.3455,0,0,3,1,0.356,0,1,Active,0
PW019241,2026-02-02,US,Mobile,207,Medium,15,3,10,13,8,204.62,16.94,0.1111,0.2242,1,0,9,2,0.9449,0,3,Active,0
PW029650,2026-05-04,US,Mobile,620,Medium,29,0,1,1,1,100.72,93.64,0.0,-0.1016,0,0,0,2,0.0013,0,2,Active,1
PW014143,2026-02-02,US,Mobile,654,Low,41,0,0,1,1,24.63,32.43,-1.0,-0.2786,0,0,4,2,0.0055,0,1,Active,0
PW002686,2026-01-05,US,Mobile,1227,Medium,20,0,2,5,2,198.24,89.24,0.0,0.3808,1,0,4,2,0.1107,0,3,Active,0
PW020965,2026-08-03,BR,Mobile,766,Medium,63,0,1,2,1,57.08,62.18,0.0,-0.3118,0,2,4,2,0.0016,1,0,Inactive,1
PW014189,2026-05-04,BR,Mobile,207,Medium,1,2,4,6,4,941.21,240.82,0.0,-0.1117,1,0,12,2,0.9724,0,2,Active,0
PW003894,2026-07-06,US,Mobile,1925,Medium,17,0,2,6,2,235.2,98.3,0.0,-0.0544,0,0,6,1,0.4375,0,2,Active,0
PW025850,2026-08-03,CR,Mobile,1088,Medium,7,1,1,4,1,87.0,74.45,0.0,-0.1495,0,0,4,2,0.1385,0,2,Active,1
PW019725,2026-07-06,BR,Desktop,1727,High,8,0,3,7,3,473.42,207.28,0.0,-0.517,0,1,9,2,0.4152,0,3,Active,0
PW008949,2026-05-04,US,Mobile,1563,Medium,6,0,0,1,1,79.94,72.17,-1.0,-0.1126,0,0,2,1,0.1432,0,2,Active,0
PW016023,2026-03-02,US,Mobile,304,Low,25,1,6,6,6,377.55,46.44,0.2,-0.144,0,0,9,1,0.3246,0,1,Active,0
PW020671,2026-05-04,MX,Desktop,1696,Medium,32,0,1,2,1,41.25,45.19,0.0,-0.2836,0,0,0,3,0.0085,0,1,Active,0
PW017241,2026-02-02,BR,Mobile,928,Medium,25,1,1,4,1,213.58,136.4,-0.5,-0.2649,0,0,6,2,0.0346,1,0,Inactive,0
PW017357,2026-04-06,US,Mobile,809,Medium,20,0,0,2,1,117.57,162.61,-1.0,-0.2011,0,0,0,1,0.0396,0,1,Active,0
PW014903,2026-02-02,US,Desktop,1665,Low,10,0,2,5,2,71.05,36.66,0.0,-0.0385,1,1,4,2,0.7671,1,0,Inactive,0
PW004764,2026-02-02,MX,Mobile,475,Medium,10,0,1,2,1,155.61,124.27,0.0,-0.1927,0,0,8,1,0.2202,0,1,Active,0
PW016085,2026-04-06,US,Mobile,327,High,6,2,4,7,4,752.57,155.47,0.3333,-0.0382,0,0,5,1,0.4807,1,0,Inactive,1
PW021488,2026-01-05,US,Desktop,498,Low,4,0,3,6,1,56.26,22.66,0.0,-0.0985,0,0,9,2,0.794,0,1,Active,0
PW014687,2026-03-02,US,Mobile,563,Medium,9,1,3,5,3,182.75,51.65,0.0,-0.0452,2,0,9,2,0.7744,0,4,Active,0
PW013555,2026-02-02,BR,Mobile,205,Low,12,0,3,5,2,68.41,28.75,0.0,0.1451,0,0,4,1,0.3462,0,3,Active,0
PW026925,2026-08-03,CR,Mobile,1084,Low,4,0,2,6,1,15.25,8.98,-0.3333,-0.1135,1,0,0,1,0.1981,1,0,Inactive,1
PW025110,2026-04-06,BR,Desktop,1574,High,22,1,1,4,1,77.88,89.37,-0.5,-0.65,1,0,0,1,0.0093,1,0,Inactive,1
PW025891,2026-05-04,MX,Mobile,779,Medium,9,1,1,2,1,152.72,150.83,0.0,0.1372,1,0,2,3,0.3,0,3,Active,0
PW021596,2026-08-03,US,Mobile,1047,Low,24,0,0,3,1,30.18,33.5,-1.0,-0.1369,0,0,4,1,0.2197,1,0,Inactive,1
PW000336,2026-05-04,US,Desktop,1676,Low,4,1,1,1,1,49.74,36.02,0.0,-0.1087,0,0,6,1,0.4974,0,2,Active,0
PW015471,2026-05-04,US,Mobile,1186,Medium,9,1,4,7,4,192.45,58.36,0.0,-0.1424,0,0,6,2,0.8089,0,2,Active,0
PW027968,2026-02-02,US,Desktop,566,Medium,4,0,3,4,3,222.25,70.25,0.0,0.0143,1,0,0,2,,0,3,Active,0
PW018589,2026-07-06,BR,Desktop,1681,Low,17,0,0,1,1,68.84,65.01,-1.0,-0.3962,1,0,0,1,,0,1,Active,0
PW017864,2026-04-06,CR,Desktop,1467,Medium,31,0,0,4,1,107.82,83.37,-1.0,0.0076,0,0,3,2,0.0261,1,0,Inactive,1
PW008437,2026-02-02,MX,Mobile,297,High,3,1,6,7,5,392.78,66.05,-0.1429,0.3674,0,0,12,1,0.9404,0,2,Active,0
PW010082,2026-05-04,US,Mobile,258,Medium,4,1,3,4,1,54.0,25.15,0.0,-0.4034,1,2,4,2,0.6889,1,0,Inactive,1
PW010697,2026-05-04,US,Mobile,1358,Medium,27,1,3,4,3,152.04,46.74,-0.25,-0.1355,0,0,9,2,0.2367,0,3,Active,0
PW002253,2026-07-06,MX,Mobile,626,Low,27,0,0,1,1,92.81,69.51,-1.0,-0.3961,0,0,4,1,0.0302,1,0,Inactive,1
PW004059,2026-08-03,US,Mobile,1694,Medium,1,0,4,5,3,327.72,98.25,0.0,0.0842,0,0,8,2,0.6081,0,5,Active,0
PW005027,2026-02-02,US,Mobile,624,High,3,1,3,6,2,424.34,158.67,0.0,-0.1301,1,0,11,2,0.6548,0,6,Active,0
PW026752,2026-05-04,MX,Mobile,959,High,8,0,7,12,3,906.88,98.38,0.0,0.183,1,0,7,3,0.7825,1,0,Inactive,1
PW022800,2026-01-05,US,Mobile,1326,Medium,6,0,2,2,2,283.48,206.9,0.0,-0.1455,1,0,9,3,0.8457,0,1,Active,0
PW004191,2026-08-03,CR,Mobile,1190,Medium,17,5,8,10,8,376.86,51.71,0.1429,-0.3334,0,0,7,2,0.3315,0,6,Active,0
PW010007,2026-01-05,BR,Mobile,1368,Medium,12,4,6,7,5,359.88,57.64,0.0,0.1612,0,2,10,2,0.7808,0,4,Active,0
PW012692,2026-06-01,US,Mobile,1380,Low,23,1,3,5,3,93.35,39.13,-0.5,-0.0116,0,0,10,1,0.3402,0,2,Active,0
PW002356,2026-08-03,MX,Desktop,557,Medium,69,0,2,5,2,152.36,75.31,-0.3333,-0.1827,0,1,1,1,0.0007,1,0,Inactive,0
PW020582,2026-04-06,BR,Mobile,640,Medium,16,0,2,3,1,110.2,56.89,0.0,0.0061,2,1,5,2,0.6055,0,2,Active,0
PW023806,2026-05-04,BR,Desktop,863,Medium,4,2,8,10,7,194.28,29.12,0.3333,0.1107,0,0,13,2,0.9409,0,2,Active,0
PW021214,2026-01-05,MX,Mobile,730,Medium,50,0,0,1,1,36.13,26.17,-1.0,-0.079,1,0,0,1,0.0003,1,0,Inactive,1
PW024562,2026-08-03,BR,Mobile,1922,Low,20,0,0,1,1,62.79,64.83,-1.0,-0.1643,0,0,0,1,0.0295,1,0,Inactive,0
PW022993,2026-02-02,BR,Mobile,1020,Low,29,0,1,3,1,48.84,53.66,0.0,-0.3584,0,0,5,2,0.0308,0,1,Active,0
PW008500,2026-06-01,US,Mobile,295,Medium,7,1,1,4,1,34.12,39.86,0.0,-0.3123,0,0,8,2,0.6694,0,2,Active,0
PW027252,2026-04-06,MX,Desktop,498,Medium,11,0,1,2,1,163.88,139.22,0.0,-0.2175,0,0,2,2,0.1783,0,1,Active,0
PW025531,2026-03-02,MX,Mobile,1822,Medium,13,2,3,4,3,370.32,108.56,0.0,-0.0522,1,0,10,1,0.8592,0,4,Active,0
PW020106,2026-06-01,MX,Mobile,934,Low,14,0,1,1,1,17.92,24.87,0.0,-0.0108,2,1,1,1,0.0641,0,1,Active,0
PW013724,2026-01-05,US,Mobile,312,High,11,2,7,10,6,527.92,83.98,-0.125,0.094,1,0,10,2,0.7761,0,3,Active,0
PW007234,2026-03-02,CR,Mobile,192,Medium,15,0,1,3,1,154.0,121.6,-0.5,-0.6418,0,0,3,1,0.2176,0,3,Active,0
PW012125,2026-05-04,MX,Mobile,487,Low,28,0,0,1,1,54.68,57.22,-1.0,-0.1395,1,0,3,1,0.0198,0,1,Active,1
PW015104,2026-07-06,BR,Mobile,285,Medium,7,0,0,1,1,62.62,73.9,-1.0,-0.65,1,0,4,3,0.2147,0,1,Active,0
PW023862,2026-01-05,US,Desktop,960,High,4,4,7,11,7,1289.41,185.25,-0.2222,0.3097,2,0,9,3,,0,2,Active,0
PW012848,2026-04-06,MX,Desktop,993,Medium,8,0,3,5,1,136.86,43.95,0.0,-0.1389,0,0,7,2,,0,4,Active,0
PW020584,2026-06-01,US,Mobile,1441,Low,13,0,1,4,1,10.97,14.38,0.0,0.0326,1,0,4,2,0.2435,0,3,Active,0
PW005806,2026-01-05,MX,Desktop,1470,Medium,9,0,1,2,1,35.88,45.61,0.0,-0.0032,0,0,5,1,0.1296,0,1,Active,0
PW023586,2026-01-05,US,Mobile,869,Low,8,0,0,1,1,133.9,94.98,-1.0,-0.3242,1,0,0,1,0.1167,0,1,Active,0
PW005406,2026-01-05,MX,Mobile,256,Medium,0,1,1,6,1,173.08,163.24,0.0,0.2192,2,2,6,2,0.8399,0,2,Active,1
PW009563,2026-02-02,US,Desktop,1447,Medium,12,1,3,4,2,153.19,51.29,-0.25,-0.1528,0,0,9,1,0.6717,0,3,Active,0
PW010339,2026-01-05,BR,Mobile,1702,Low,15,0,1,5,1,21.94,19.81,0.0,0.2381,0,1,7,2,0.6185,0,2,Active,0
PW008317,2026-03-02,US,Mobile,1847,Low,6,0,2,6,1,272.82,112.69,0.0,0.1537,1,0,3,3,,0,4,Active,0
PW014415,2026-05-04,US,Mobile,917,Medium,15,0,1,4,1,26.9,37.85,0.0,-0.4502,0,0,5,1,0.3892,0,1,Active,0
PW023809,2026-02-02,BR,Mobile,746,Low,53,0,0,2,1,27.69,29.16,-1.0,-0.208,0,1,12,1,0.04,1,0,Inactive,1
PW012565,2026-08-03,MX,Mobile,1007,Medium,15,2,4,7,4,297.54,57.92,-0.2,-0.225,0,0,8,2,0.7108,0,4,Active,0
PW004818,2026-08-03,BR,Mobile,557,Medium,29,0,0,4,1,96.88,108.14,-1.0,-0.3447,1,1,0,3,0.0337,0,1,Active,0
PW029111,2026-07-06,BR,Mobile,1552,Medium,1,3,14,15,11,731.02,42.68,0.4,0.2664,4,2,12,3,0.9589,0,10,Active,0
PW010150,2026-06-01,US,Mobile,942,Medium,24,0,0,3,1,64.44,52.82,-1.0,-0.2775,2,1,1,1,0.0674,1,0,Inactive,1
PW022489,2026-04-06,MX,Desktop,308,Low,2,1,3,4,3,96.8,28.96,0.0,-0.3373,0,0,5,1,0.8416,0,1,Active,0
PW027726,2026-04-06,CR,Mobile,488,Medium,18,2,2,4,1,126.48,61.72,0.0,-0.1187,1,0,9,2,0.5275,0,1,Active,0
PW009647,2026-05-04,BR,Desktop,1875,Low,8,0,1,3,1,16.14,17.2,0.0,0.3175,0,0,3,2,0.3366,0,3,Active,0
PW008768,2026-01-05,CR,Mobile,794,High,10,0,3,8,2,585.69,246.47,-0.25,-0.4277,0,0,6,3,0.3473,0,1,Active,0
PW009761,2026-05-04,BR,Mobile,791,High,17,0,3,8,3,161.31,57.8,0.0,0.0078,3,0,3,3,0.1408,0,2,Active,0
PW006351,2026-01-05,BR,Mobile,195,Low,5,0,0,3,1,59.02,59.41,-1.0,-0.0428,1,0,3,2,0.6367,0,1,Active,0
PW008732,2026-05-04,MX,Desktop,380,Medium,10,0,3,6,1,263.33,80.78,0.0,0.0766,0,0,6,2,0.5045,0,3,Active,0
PW001134,2026-07-06,US,Mobile,503,Low,68,0,0,1,1,109.13,91.35,-1.0,0.2041,1,0,5,1,0.0007,1,0,Inactive,1
PW013765,2026-02-02,BR,Desktop,1144,Medium,11,0,2,5,2,222.88,99.57,0.0,-0.304,0,0,10,1,0.4538,0,3,Active,0
PW006672,2026-01-05,US,Mobile,359,Low,12,0,2,6,2,78.98,55.02,0.0,0.1703,0,1,3,1,0.5339,0,2,Active,0
PW029595,2026-04-06,BR,Mobile,1718,Medium,8,0,1,5,1,23.48,33.59,0.0,0.1262,0,0,4,2,0.281,0,1,Active,0
PW004896,2026-03-02,US,Desktop,542,Low,4,0,2,3,2,21.88,13.36,1.0,-0.3383,1,1,17,1,0.8944,0,1,Active,0
PW002541,2026-05-04,CR,Mobile,1860,Low,5,0,0,1,1,133.36,112.17,-1.0,0.03,0,0,7,1,0.229,0,3,Active,0
PW012722,2026-03-02,MX,Mobile,228,High,3,3,8,12,8,799.96,105.34,0.1429,0.3477,1,0,6,2,,0,7,Active,0
PW008042,2026-08-03,US,Mobile,858,Medium,21,0,1,1,1,54.93,41.69,-0.5,0.3297,0,0,5,2,0.1636,0,3,Active,0
PW024219,2026-08-03,US,Mobile,1079,High,2,0,2,2,2,174.88,65.35,-0.3333,-0.4384,0,0,0,2,0.1477,0,1,Active,1
PW023232,2026-04-06,US,Mobile,1404,Medium,6,0,0,3,1,122.31,139.29,-1.0,-0.0729,0,0,2,1,0.265,0,2,Active,0
PW019597,2026-06-01,MX,Desktop,1436,Medium,14,3,9,11,5,421.72,39.63,-0.1,0.0693,0,0,11,2,0.8687,0,9,Active,0
PW029292,2026-07-06,BR,Mobile,1906,High,7,3,12,16,12,661.7,68.29,0.0909,-0.0113,0,0,10,2,0.9819,0,9,Active,0
PW010232,2026-03-02,BR,Mobile,182,Medium,7,1,2,3,2,43.6,26.47,0.0,0.4312,1,0,9,2,0.4601,0,5,Active,0
PW016985,2026-03-02,US,Mobile,1685,Low,18,0,0,1,1,48.88,46.82,-1.0,-0.4958,0,0,0,1,0.0142,1,0,Inactive,0
PW007441,2026-06-01,US,Mobile,843,Low,7,0,2,2,1,155.52,65.35,-0.3333,-0.1004,1,0,4,2,0.2657,0,2,Active,0
PW008638,2026-03-02,CR,Mobile,527,Medium,31,0,1,2,1,38.22,41.17,0.0,-0.3481,0,1,0,4,0.0063,1,0,Inactive,1
PW000183,2026-07-06,CR,Mobile,354,Low,120,0,1,1,1,33.27,44.52,-0.5,-0.3388,0,0,0,1,0.0,1,0,Inactive,1
PW013946,2026-05-04,US,Mobile,468,Medium,48,0,1,7,1,52.13,52.88,0.0,-0.0967,0,1,0,1,0.0006,1,0,Inactive,0
PW021263,2026-08-03,BR,Mobile,1501,Low,8,1,3,5,3,198.2,74.93,0.0,-0.0168,0,0,6,2,0.8996,0,5,Active,0
PW024399,2026-08-03,MX,Mobile,811,Medium,16,0,1,4,1,64.5,50.26,0.0,0.0837,0,0,0,1,0.1879,0,1,Active,0
PW007911,2026-06-01,MX,Mobile,1467,Low,15,0,1,5,1,77.81,67.4,0.0,-0.0765,1,0,11,1,0.7503,1,0,Inactive,0
PW024464,2026-01-05,MX,Mobile,1747,Medium,15,0,1,4,1,86.1,79.81,0.0,-0.2886,0,0,6,2,0.1752,1,0,Inactive,0
PW020608,2026-01-05,MX,Mobile,746,Medium,2,1,2,3,2,184.1,98.0,0.0,0.0992,0,0,2,1,0.6278,0,3,Active,0
PW005567,2026-04-06,CR,Desktop,529,Low,6,1,1,4,1,35.64,43.71,0.0,0.1472,1,1,6,3,0.8408,0,2,Active,0
PW014531,2026-05-04,US,Mobile,758,Low,11,1,3,4,3,96.39,37.5,0.5,-0.0089,1,0,9,1,0.7851,0,5,Active,0
PW019151,2026-06-01,US,Desktop,1239,Medium,3,1,5,9,4,353.55,58.87,0.25,0.0666,1,0,9,3,0.8993,0,5,Active,1
PW019294,2026-04-06,MX,Desktop,1138,Medium,2,0,2,2,2,235.45,,-0.3333,-0.4535,2,1,4,1,0.4024,0,1,Active,0
PW003651,2026-04-06,US,Desktop,1695,Medium,15,0,1,2,1,92.56,65.31,0.0,-0.2144,0,0,0,1,0.0468,1,0,Inactive,1
PW028335,2026-04-06,US,Desktop,1277,Medium,7,0,0,4,1,189.8,135.76,-1.0,0.044,0,0,2,1,0.2882,0,1,Active,0
PW021820,2026-02-02,BR,Mobile,1034,Medium,10,1,5,9,5,479.1,121.49,0.25,0.2654,2,0,11,2,0.8682,0,7,Active,0
PW014552,2026-07-06,MX,Mobile,1456,Medium,10,0,0,1,1,51.6,63.16,-1.0,0.1304,0,2,0,2,0.0649,0,1,Active,0
PW025812,2026-04-06,BR,Mobile,480,Low,10,0,1,3,1,23.22,23.03,0.0,0.1257,0,0,11,1,0.7515,1,0,Inactive,0
PW002155,2026-04-06,US,Mobile,938,Low,2,0,1,1,1,55.48,57.83,0.0,-0.22,0,0,4,1,,0,3,Active,0
PW022501,2026-05-04,BR,Mobile,1177,Low,1,0,3,7,3,80.18,25.43,0.0,-0.123,0,1,4,2,0.5147,0,3,Active,0
PW027307,2026-01-05,US,Mobile,1627,Medium,45,0,0,2,1,156.78,117.05,-1.0,-0.2771,0,0,0,2,0.0006,1,0,Inactive,1
PW011600,2026-01-05,US,Desktop,1201,Medium,10,2,3,4,2,278.0,87.27,0.0,-0.0647,0,0,8,1,,0,2,Active,0
PW025887,2026-04-06,BR,Desktop,715,Medium,8,1,1,1,1,214.72,198.42,-0.5,-0.1379,1,0,0,2,0.1021,0,4,Active,0
PW000423,2026-07-06,BR,Desktop,261,Medium,3,2,3,10,3,90.91,31.72,0.0,0.1293,1,0,4,3,0.8795,0,5,Active,0
PW008908,2026-05-04,US,Mobile,617,Medium,44,0,0,1,1,63.56,69.82,-1.0,-0.1676,0,0,2,1,0.0129,1,0,Inactive,1
PW005299,2026-01-05,MX,Mobile,221,Low,4,1,2,5,2,89.83,38.95,0.0,0.0544,1,0,9,2,,0,1,Active,1
PW024065,2026-07-06,US,Mobile,524,Medium,20,1,3,6,3,115.32,30.98,-0.25,0.247,0,0,4,2,,0,7,Active,1
PW015028,2026-05-04,CR,Mobile,869,Low,5,0,2,4,2,64.04,54.7,-0.3333,-0.0705,0,0,2,2,0.1019,0,3,Active,0
PW008021,2026-07-06,CR,Mobile,1718,Medium,18,0,4,6,4,95.94,22.5,-0.3333,0.0641,2,1,2,1,0.2085,1,0,Inactive,1
PW024806,2026-01-05,US,Mobile,300,Medium,5,0,3,4,2,154.94,43.99,0.0,0.3917,1,1,10,2,0.9492,0,2,Active,0
PW024973,2026-01-05,BR,Desktop,806,Medium,10,0,2,7,2,133.62,63.88,0.0,-0.191,0,1,3,1,0.2619,0,1,Active,1
PW006845,2026-06-01,BR,Mobile,1219,Medium,39,0,1,4,1,74.08,70.79,0.0,0.1807,0,0,7,1,0.0921,0,1,Active,0
PW009248,2026-03-02,US,Mobile,357,Medium,13,0,0,2,1,41.4,49.44,-1.0,0.0882,1,0,0,1,0.1113,0,2,Active,1
PW023611,2026-08-03,BR,Mobile,1994,Medium,19,0,0,5,1,82.41,89.88,-1.0,0.1096,0,0,0,1,0.1524,0,1,Active,0
PW018963,2026-01-05,US,Desktop,760,Low,19,0,3,5,2,190.09,58.57,0.0,-0.1442,2,0,8,2,,0,4,Active,0
PW001842,2026-07-06,US,Mobile,1883,Medium,16,0,2,8,2,43.9,17.66,0.0,-0.119,1,0,8,2,0.6403,0,7,Active,0
PW012870,2026-07-06,MX,Mobile,629,Low,8,0,2,3,2,71.18,25.24,0.0,-0.0677,0,2,0,1,0.2224,1,0,Inactive,0
PW005389,2026-06-01,US,Mobile,1808,Medium,26,0,0,1,1,60.27,67.68,-1.0,-0.3189,0,0,1,1,0.0388,0,1,Active,1
PW029960,2026-01-05,MX,Mobile,446,Low,9,3,6,8,6,258.47,46.6,-0.25,0.0589,3,0,15,1,0.9784,0,6,Active,0
PW022880,2026-02-02,US,Mobile,1487,Medium,3,2,3,3,2,74.53,34.62,0.0,0.0319,0,0,10,2,0.8086,1,0,Inactive,1
PW000776,2026-02-02,US,Mobile,726,Medium,-4,0,5,8,3,296.9,57.12,0.0,0.042,1,0,10,3,0.888,0,5,Active,0
PW004111,2026-04-06,MX,Mobile,389,Low,9,1,3,4,3,210.33,89.08,0.0,0.2833,0,0,3,1,0.5932,0,3,Active,0
PW002267,2026-08-03,US,Mobile,1067,Low,35,1,1,2,1,35.74,36.36,0.0,0.1191,0,0,11,1,0.1284,1,0,Inactive,0
PW028092,2026-07-06,US,Mobile,767,Low,19,0,0,3,1,15.92,20.9,-1.0,-0.1068,0,0,4,2,0.0895,1,0,Inactive,1
PW023747,2026-01-05,BR,Mobile,551,Low,9,0,2,3,2,117.77,50.46,0.0,-0.2271,0,1,4,2,0.8392,0,3,Active,0
PW020249,2026-03-02,US,Desktop,417,Medium,10,1,4,5,3,349.53,114.61,0.0,-0.0401,0,0,5,1,0.4886,1,0,Inactive,1
PW018881,2026-02-02,US,Desktop,1425,Low,14,1,3,5,2,251.87,66.63,0.5,0.1648,1,0,6,1,0.4042,0,1,Active,0
PW026283,2026-08-03,BR,Desktop,1456,Low,31,0,1,1,1,21.08,22.93,-0.5,-0.0989,1,1,0,1,0.0075,0,1,Active,1
PW029553,2026-02-02,MX,Mobile,664,Medium,3,0,1,4,1,117.79,86.28,0.0,-0.0998,0,2,3,2,0.7906,0,3,Active,0
PW019664,2026-06-01,US,Mobile,985,Low,10,1,1,3,1,32.0,45.22,0.0,-0.0613,0,1,1,1,0.0975,0,2,Active,0
PW015594,2026-02-02,BR,Mobile,291,Medium,1,1,6,8,5,227.12,41.07,0.0,0.1971,0,0,10,1,0.9162,0,3,Active,0
PW016006,2026-08-03,BR,Mobile,1760,Medium,6,0,1,6,1,77.73,59.48,0.0,0.0035,1,0,7,2,0.9504,0,4,Active,0
PW000953,2026-05-04,US,Mobile,393,Medium,1,0,5,6,4,286.51,74.31,-0.1667,0.0126,1,0,7,1,0.6444,0,4,Active,0
PW019507,2026-06-01,CR,Desktop,1843,Low,0,0,2,4,1,103.72,39.46,0.0,-0.1954,2,1,2,1,0.6439,0,1,Active,0
PW027876,2026-04-06,US,Mobile,1607,High,14,0,1,5,1,60.17,69.85,0.0,,3,0,0,3,0.2145,0,3,Active,0
PW020059,2026-05-04,CR,Mobile,987,Low,40,0,0,1,1,43.0,54.92,-1.0,0.1407,1,0,4,1,0.0242,1,0,Inactive,1
PW005045,2026-06-01,US,Mobile,1229,High,11,2,4,7,2,471.39,86.6,0.0,-0.2704,1,0,2,3,0.3356,0,2,Active,0
PW017907,2026-01-05,US,Desktop,868,Medium,2,2,7,9,7,541.16,78.76,0.0,-0.0591,1,0,5,2,0.5924,0,2,Active,0
PW008521,2026-07-06,US,Mobile,412,Low,17,2,3,9,3,233.02,71.02,0.0,-0.3516,2,0,2,1,0.1103,0,5,Active,0
PW005355,2026-01-05,CR,Desktop,1675,Medium,3,0,1,2,1,113.22,69.1,0.0,0.1948,1,1,4,2,0.6791,0,3,Active,0
PW017937,2026-01-05,US,Mobile,391,Medium,17,1,2,6,2,74.18,35.52,0.0,0.2155,0,0,8,2,,0,1,Active,0
PW020232,2026-06-01,US,Mobile,740,Low,7,0,1,4,1,45.85,52.5,0.0,0.0297,0,0,0,1,0.0617,0,1,Active,0
PW011171,2026-06-01,US,Desktop,423,Medium,1,0,2,4,2,108.42,56.09,-0.3333,0.0525,0,1,5,1,0.6581,0,1,Active,0
PW024947,2026-07-06,US,Mobile,567,Medium,66,0,1,1,1,41.62,37.73,0.0,-0.2242,1,0,0,1,0.0003,1,0,Inactive,1
PW017229,2026-07-06,MX,Mobile,1882,Medium,32,0,0,5,1,30.72,23.28,-1.0,-0.1508,1,0,3,1,0.0252,0,3,Active,0
PW017364,2026-04-06,BR,Desktop,1085,Medium,5,2,4,8,4,153.23,45.98,-0.2,-0.0286,0,0,1,2,0.3298,0,2,Active,0
PW004530,2026-04-06,BR,Mobile,941,Medium,1,1,4,6,4,146.56,47.65,0.3333,-0.2483,2,0,15,3,0.9531,0,6,Active,0
PW026107,2026-04-06,BR,Mobile,615,High,65,0,0,2,1,122.99,94.34,-1.0,-0.2962,0,0,4,2,0.0008,1,0,Inactive,0
PW009657,2026-07-06,MX,Mobile,615,High,12,1,2,4,2,268.12,137.97,-0.3333,-0.5671,1,1,4,2,0.3719,0,5,Active,0
PW016051,2026-02-02,US,Desktop,1208,Low,8,1,1,5,1,94.86,85.14,0.0,0.3617,1,0,2,1,0.8169,0,1,Active,0
PW015678,2026-08-03,US,Mobile,307,Low,22,0,0,3,1,35.27,32.63,-1.0,-0.1397,0,0,3,1,0.0492,1,0,Inactive,1
PW002611,2026-03-02,US,Desktop,867,Low,11,0,1,3,1,23.88,19.44,0.0,-0.198,1,0,1,1,0.7958,1,0,Inactive,1
PW015362,2026-02-02,MX,Mobile,1470,Low,37,1,2,4,2,120.96,47.69,0.0,0.211,0,0,8,2,0.0664,0,3,Active,0
PW023622,2026-07-06,US,Mobile,1243,Medium,17,0,0,2,1,82.9,100.69,-1.0,-0.0815,0,0,2,1,,0,1,Active,0
PW007968,2026-06-01,US,Mobile,879,Medium,20,1,2,3,1,105.96,43.0,0.0,-0.0774,0,0,0,1,0.0604,1,0,Inactive,1
PW005317,2026-02-02,US,Desktop,142,Low,12,0,0,2,1,15.23,,-1.0,-0.3103,0,0,4,1,0.2046,0,1,Active,0
PW024041,2026-07-06,US,Desktop,1967,Medium,14,1,3,6,3,282.66,92.58,0.0,-0.1219,0,1,4,1,0.2042,0,1,Active,0
PW025934,2026-01-05,CR,Desktop,432,Low,15,0,3,4,2,104.9,35.54,0.0,,0,0,2,2,0.1376,0,4,Active,0
PW015403,2026-05-04,US,Mobile,430,Medium,5,1,4,5,4,233.8,57.78,-0.2,0.1903,0,0,12,3,0.9064,0,1,Active,0
PW025960,2026-08-03,US,Desktop,1789,Medium,19,1,2,5,2,72.84,47.73,-0.5,-0.1797,0,0,5,2,0.0921,0,2,Active,0
PW015871,2026-02-02,MX,Mobile,1249,Low,13,0,1,4,1,34.25,41.73,0.0,-0.3875,2,1,2,2,0.0656,0,2,Active,0
PW002414,2026-03-02,CR,Mobile,810,High,13,1,10,11,8,1477.87,175.11,0.1111,0.2404,0,0,11,3,0.9266,0,6,Active,0
PW011950,2026-02-02,BR,Mobile,506,Medium,5,1,1,2,1,72.33,91.22,0.0,-0.1498,3,1,5,3,0.5957,1,0,Inactive,0
PW003157,2026-06-01,US,Desktop,467,Low,13,1,2,2,2,71.42,,0.0,0.0509,0,0,8,1,,0,4,Active,0
PW021158,2026-01-05,CR,Mobile,756,Medium,15,1,3,4,2,153.6,64.75,-0.25,-0.1426,0,0,3,2,0.338,0,3,Active,0
PW001548,2026-07-06,US,Mobile,1846,Medium,4,1,2,4,2,161.02,64.61,0.0,-0.1078,0,1,6,2,0.7936,0,4,Active,0
PW014703,2026-04-06,MX,Mobile,1721,Medium,12,0,4,6,4,418.56,97.24,-0.3333,-0.2247,0,0,3,1,0.287,0,3,Active,1
PW022096,2026-08-03,BR,Desktop,1158,Low,16,0,0,2,1,16.77,23.7,-1.0,0.1274,1,0,5,2,0.1896,0,1,Active,0
PW005002,2026-05-04,CR,Mobile,1130,Medium,2,0,1,1,1,155.67,95.99,0.0,,1,0,6,2,0.4436,0,1,Active,0
PW015601,2026-04-06,US,Desktop,1268,Low,18,0,2,6,2,29.52,16.56,0.0,-0.0219,0,0,6,1,0.2408,0,2,Active,0
PW029845,2026-03-02,MX,Mobile,608,Medium,6,0,2,7,1,111.17,48.04,0.0,0.1326,1,1,4,3,0.5393,0,1,Active,0
PW025584,2026-04-06,BR,Desktop,1157,Medium,16,2,4,9,3,195.93,46.91,-0.4286,0.53,2,0,8,2,0.8158,0,2,Active,0
PW021887,2026-05-04,US,Desktop,1228,Low,15,0,0,3,1,31.45,32.92,-1.0,-0.2065,0,0,0,1,0.0132,0,1,Active,1
PW007882,2026-01-05,US,Desktop,863,Medium,10,0,2,4,2,97.33,45.38,0.0,-0.089,1,1,4,2,0.3865,0,2,Active,0
PW021720,2026-07-06,MX,Desktop,1189,High,6,3,4,6,3,628.36,141.23,0.0,-0.0831,1,0,5,2,0.8897,0,10,Active,1
PW015773,2026-05-04,US,Mobile,248,Low,33,1,1,3,1,32.28,32.62,0.0,0.006,1,1,0,1,0.0136,0,1,Active,0
PW024385,2026-07-06,US,Mobile,836,Low,51,0,0,3,1,16.99,13.12,-1.0,-0.3695,0,0,0,1,0.0027,1,0,Inactive,1
PW017208,2026-07-06,US,Mobile,1069,Medium,4,0,1,4,1,60.81,78.29,0.0,-0.0213,1,1,1,2,0.5498,0,2,Active,0
PW023159,2026-03-02,BR,Mobile,851,Low,13,0,2,4,2,177.66,79.44,0.0,-0.1617,1,0,12,1,0.6416,0,2,Active,1
PW009973,2026-01-05,US,Mobile,1465,High,14,1,6,9,4,282.57,58.18,-0.25,-0.1271,0,0,1,2,0.4623,0,3,Active,0
PW004437,2026-02-02,US,Mobile,650,Low,11,0,2,5,1,103.46,57.39,0.0,0.1707,0,0,0,1,0.0836,0,1,Active,0
PW014073,2026-01-05,CR,Mobile,546,Medium,7,3,7,10,7,378.11,50.62,0.4,0.1983,1,0,10,3,0.9444,0,4,Active,0
PW003884,2026-05-04,CR,Mobile,1323,High,5,0,1,5,1,278.71,181.98,0.0,-0.3802,0,0,0,3,0.104,0,1,Active,0
PW028605,2026-04-06,US,Mobile,1369,Medium,10,0,1,4,1,161.68,230.53,0.0,-0.1408,0,0,0,3,0.4924,0,1,Active,0
PW014303,2026-05-04,BR,Mobile,1646,Medium,9,0,2,3,2,68.66,25.7,-0.3333,-0.3775,1,2,3,2,0.3206,0,1,Active,0
PW028629,2026-06-01,BR,Desktop,886,Medium,8,0,0,2,1,63.07,77.73,-1.0,0.1453,0,2,4,1,0.6259,0,4,Active,0
PW028913,2026-02-02,BR,Mobile,740,Low,18,0,1,4,1,20.39,22.65,0.0,-0.1301,0,0,6,1,0.2895,0,3,Active,1
PW029463,2026-04-06,MX,Mobile,1653,Low,13,0,1,2,1,49.47,54.73,0.0,0.0449,1,0,8,1,0.4319,0,1,Active,1
PW009595,2026-06-01,BR,Desktop,872,Medium,23,0,0,3,1,49.04,50.66,-1.0,-0.3428,0,1,1,1,0.0222,1,0,Inactive,1
PW001988,2026-08-03,BR,Mobile,930,Medium,5,0,0,3,1,118.39,94.23,-1.0,-0.6196,0,2,0,1,0.0368,1,0,Inactive,1
PW013392,2026-08-03,US,Mobile,341,Medium,78,0,0,2,1,25.87,36.73,-1.0,-0.1177,0,0,0,1,0.0,1,0,Inactive,0
PW007892,2026-04-06,MX,Mobile,1296,Low,5,0,1,5,1,23.22,26.37,-0.5,-0.3607,0,1,0,1,0.086,0,1,Active,0
PW006183,2026-01-05,US,Mobile,645,Low,30,1,1,4,1,28.84,27.54,0.0,0.0531,0,0,4,2,0.009,1,0,Inactive,0
PW007330,2026-06-01,BR,Mobile,380,Medium,24,0,1,9,1,42.95,45.95,0.0,-0.1897,1,0,7,1,0.204,1,0,Inactive,1
PW020830,2026-05-04,US,Mobile,839,High,5,3,9,13,5,831.59,107.21,-0.3571,0.2655,0,0,12,2,0.971,0,4,Active,1
PW009190,2026-05-04,MX,Desktop,1224,Low,21,0,1,2,1,50.78,48.53,-0.5,0.2129,0,0,3,1,0.3991,0,3,Active,0
PW025797,2026-08-03,US,Mobile,401,Medium,16,0,1,5,1,61.94,67.08,0.0,0.0906,0,0,2,1,0.2261,0,1,Active,0
PW009708,2026-08-03,BR,Mobile,1208,Medium,5,0,0,1,1,87.18,117.8,-1.0,0.131,0,1,5,3,0.5361,0,4,Active,0
PW017685,2026-04-06,US,Desktop,378,Medium,13,1,3,5,3,239.66,56.47,0.0,-0.0359,0,0,8,1,0.356,0,1,Active,0
PW015541,2026-05-04,MX,Desktop,215,Low,26,0,2,4,1,204.42,114.32,0.0,-0.2744,0,0,4,1,0.3352,0,3,Active,0
PW028940,2026-02-02,BR,Mobile,1085,High,8,4,9,12,5,1061.66,122.82,0.2857,0.0553,2,0,15,1,0.9211,0,3,Active,0
PW015071,2026-08-03,US,Mobile,425,Low,85,0,1,1,1,35.84,38.59,0.0,-0.1139,0,0,2,1,0.0001,1,0,Inactive,1
PW026476,2026-08-03,US,Mobile,1014,High,0,2,8,15,8,1656.55,189.2,0.1429,0.0044,0,0,6,4,0.9298,0,8,Active,0
PW022578,2026-05-04,BR,Mobile,1058,Low,13,0,1,3,1,48.94,49.53,-0.5,-0.4262,1,0,0,1,0.162,1,0,Inactive,0
PW011052,2026-08-03,CR,Desktop,1247,Medium,2,1,4,15,3,254.97,69.17,0.0,-0.0223,0,0,5,1,0.8488,0,9,Active,0
PW007080,2026-07-06,US,Mobile,1074,Low,11,1,2,3,2,60.94,43.5,0.0,0.0366,0,0,9,2,0.6729,0,2,Active,0
PW017756,2026-08-03,US,Mobile,810,Low,9,1,1,3,1,29.03,21.68,0.0,0.3405,0,0,6,1,0.1159,0,1,Active,0
PW014260,2026-08-03,US,Mobile,856,Low,28,0,1,2,1,47.22,,0.0,-0.24,1,0,0,2,0.0405,0,1,Active,0
PW022692,2026-08-03,BR,Mobile,852,Low,32,0,0,1,1,36.73,47.32,-1.0,0.2985,0,0,0,1,0.0066,1,0,Inactive,0
PW013916,2026-03-02,MX,Mobile,377,Medium,4,0,6,6,5,640.47,101.77,0.0,0.5142,1,0,13,4,0.9811,0,1,Active,0
PW025924,2026-04-06,US,Mobile,495,Medium,15,0,1,5,1,178.41,154.8,0.0,-0.1612,1,0,0,2,0.2167,0,1,Active,0
PW005788,2026-03-02,BR,Mobile,999,Low,59,0,3,4,1,86.74,35.85,-0.25,-0.2041,0,0,3,1,0.0037,0,1,Active,0
PW019453,2026-07-06,US,Desktop,1503,Low,6,0,0,1,1,29.33,22.22,-1.0,-0.4285,0,0,10,1,0.6536,0,4,Active,0
PW004684,2026-03-02,US,Desktop,1409,Medium,14,0,0,3,1,31.22,37.25,-1.0,-0.6017,0,0,1,1,0.1204,1,0,Inactive,1
PW000573,2026-03-02,BR,Desktop,1361,Medium,5,0,1,3,1,18.38,24.25,0.0,-0.1639,1,0,4,3,0.7077,1,0,Inactive,1
PW013865,2026-03-02,CR,Mobile,1683,Medium,28,0,0,2,1,156.97,118.63,-1.0,-0.2403,0,1,4,2,0.0168,0,1,Active,0
PW029050,2026-03-02,US,Mobile,1770,Medium,24,0,3,6,3,138.06,39.75,0.0,0.152,0,0,4,1,0.1776,0,1,Active,0
PW011842,2026-05-04,US,Mobile,245,Low,18,0,1,2,1,52.44,49.19,0.0,0.1773,0,1,3,1,0.059,0,1,Active,0
PW012892,2026-07-06,CR,Desktop,1831,Medium,45,0,2,4,2,65.31,28.4,-0.3333,-0.1473,0,0,1,1,0.0043,1,0,Inactive,1
PW012008,2026-03-02,US,Mobile,452,Medium,11,0,1,4,1,98.39,93.83,0.0,0.1011,0,1,13,3,0.7681,0,2,Active,0
PW012068,2026-03-02,BR,Mobile,993,Low,19,1,1,3,1,75.0,62.6,0.0,0.0169,1,1,0,1,0.0474,0,2,Active,0
PW029170,2026-02-02,CR,Mobile,1019,Medium,28,0,3,4,3,191.71,63.58,0.0,-0.2468,0,0,4,1,0.087,0,1,Active,0
PW025641,2026-06-01,BR,Desktop,1152,Medium,20,1,3,4,2,90.5,22.83,0.0,-0.1334,0,0,3,2,0.0531,1,0,Inactive,1
PW021503,2026-04-06,US,Mobile,813,Low,1,0,1,3,1,28.76,25.02,0.0,-0.0739,0,0,9,2,0.8652,0,4,Active,0
PW009027,2026-05-04,BR,Mobile,1038,Medium,36,0,0,4,1,46.11,37.72,-1.0,-0.3319,0,0,1,1,0.0105,1,0,Inactive,1
PW027371,2026-08-03,MX,Mobile,949,Medium,51,0,1,1,1,27.88,27.98,0.0,-0.1004,1,0,0,1,0.0004,1,0,Inactive,1
PW017013,2026-03-02,US,Desktop,1524,High,4,0,4,8,3,460.28,134.25,0.0,-0.3365,0,0,4,1,0.1471,1,0,Inactive,0
PW029548,2026-02-02,US,Mobile,393,Medium,21,2,2,2,2,118.63,65.21,-0.3333,-0.4485,0,0,0,2,0.0826,1,0,Inactive,1
PW024205,2026-01-05,BR,Mobile,505,Low,22,0,0,1,1,39.62,38.0,-1.0,-0.0108,0,0,3,1,0.066,1,0,Inactive,0
PW024786,2026-07-06,US,Mobile,1680,Medium,5,0,1,4,1,187.54,151.73,0.0,0.1613,0,0,8,1,0.7492,0,1,Active,0
PW025459,2026-02-02,US,Mobile,500,Low,53,1,1,1,1,42.57,38.35,0.0,-0.2884,0,1,8,1,0.0251,1,0,Inactive,1
PW017471,2026-08-03,MX,Desktop,1210,Medium,0,0,4,7,4,187.78,37.8,0.3333,0.0205,0,0,11,2,0.8775,0,4,Active,0
PW006434,2026-02-02,MX,Desktop,1286,Medium,5,1,7,9,7,452.06,61.69,0.1667,0.6257,0,0,10,3,0.9781,0,2,Active,0
PW005037,2026-06-01,US,Mobile,598,Low,23,0,0,1,1,65.02,82.27,-1.0,-0.1927,0,0,7,2,0.1421,0,2,Active,0
PW020291,2026-02-02,US,Desktop,1511,Medium,8,0,0,1,1,36.12,36.73,-1.0,-0.2788,0,1,7,2,0.4472,1,0,Inactive,1
PW003519,2026-06-01,BR,Mobile,1725,Medium,14,0,0,1,1,92.98,103.38,-1.0,-0.0011,0,0,0,1,0.0439,1,0,Inactive,1
PW013728,2026-02-02,CR,Desktop,251,Low,10,0,1,5,1,96.39,78.23,0.0,-0.2241,0,0,9,1,0.7605,0,6,Active,0
PW001936,2026-04-06,US,Mobile,1765,High,15,0,2,6,2,187.87,79.33,0.0,-0.208,1,0,6,2,0.1693,1,0,Inactive,0
PW023804,2026-04-06,CR,Mobile,856,Medium,14,3,5,13,5,431.59,111.92,0.25,-0.1038,2,1,9,2,0.8875,0,4,Active,1
PW019184,2026-03-02,CR,Mobile,408,Low,6,0,1,2,1,31.46,38.36,0.0,-0.1438,0,0,3,1,0.5384,0,2,Active,0
PW022695,2026-02-02,MX,Mobile,1470,Medium,9,0,0,2,1,76.21,69.38,-1.0,0.0129,0,0,8,2,0.3699,0,1,Active,0
PW015453,2026-07-06,BR,Desktop,1631,Medium,12,1,2,6,2,85.06,50.79,0.0,0.3866,1,0,6,3,0.6257,0,2,Active,0
PW006344,2026-03-02,BR,Mobile,1466,Low,1,1,3,4,3,144.55,54.91,0.5,0.2919,1,1,3,2,0.9001,0,3,Active,0
PW002642,2026-08-03,BR,Mobile,1470,Medium,32,0,0,1,1,479.18,472.84,-1.0,-0.2553,2,0,0,1,0.0088,1,0,Inactive,0
PW002401,2026-08-03,US,Mobile,1092,Low,29,0,0,2,1,95.57,93.14,-1.0,-0.5213,1,1,2,2,0.0163,1,0,Inactive,0
PW011344,2026-04-06,CR,Mobile,1586,Medium,6,3,9,10,8,160.24,19.3,0.0,0.4857,1,0,10,2,0.9266,0,2,Active,1
PW013717,2026-03-02,MX,Mobile,1001,Medium,13,0,3,7,2,152.03,51.66,0.0,0.0306,2,0,8,1,0.8599,0,2,Active,0
PW028037,2026-08-03,US,Mobile,1494,Medium,12,0,1,2,1,21.78,,-0.5,0.2929,0,0,5,1,0.3067,0,1,Active,0
PW022847,2026-02-02,BR,Mobile,1655,Medium,8,0,1,3,1,83.31,78.0,0.0,-0.1498,1,0,0,2,0.2105,0,1,Active,0
PW020089,2026-08-03,US,Desktop,476,Low,72,0,0,1,1,36.97,36.59,-1.0,-0.4359,0,1,0,1,0.0,1,0,Inactive,1
PW029413,2026-02-02,US,Desktop,619,Low,25,0,2,2,2,92.83,47.94,0.0,0.0568,0,0,5,2,0.3116,1,0,Inactive,1
PW028436,2026-03-02,US,Mobile,705,Low,13,0,0,2,1,14.33,21.05,-1.0,0.0329,0,0,0,3,0.1843,0,1,Active,1
PW010130,2026-07-06,BR,Mobile,1831,Low,16,0,1,1,1,44.9,42.8,0.0,-0.0731,1,0,4,1,0.2332,1,0,Inactive,0
PW006637,2026-06-01,MX,Mobile,635,Medium,6,0,3,5,3,160.26,62.86,-0.25,0.281,0,0,4,2,0.7931,0,3,Active,0
PW010909,2026-01-05,MX,Mobile,1025,Low,6,0,3,7,3,124.73,63.49,0.0,0.1086,1,1,7,2,0.6561,0,1,Active,0
PW025057,2026-02-02,US,Mobile,1255,High,18,0,5,7,5,894.99,174.89,-0.1667,0.2345,0,0,10,3,0.3103,0,1,Active,0
PW001834,2026-07-06,BR,Mobile,1966,Medium,41,1,2,7,2,76.47,48.6,-0.6,-0.0737,2,1,0,2,0.0089,1,0,Inactive,1
PW017990,2026-04-06,US,Mobile,532,Medium,3,0,2,4,2,232.06,103.77,0.0,-0.2891,0,0,0,3,,0,3,Active,0
PW000769,2026-04-06,US,Mobile,825,Low,7,0,4,8,4,155.72,46.23,0.0,0.214,2,0,9,2,0.8715,1,0,Inactive,1
PW028650,2026-07-06,BR,Mobile,680,Medium,41,0,0,2,1,187.46,184.81,-1.0,-0.1093,0,1,0,1,0.0122,1,0,Inactive,1
PW022034,2026-04-06,US,Mobile,1242,Medium,6,1,4,8,4,827.19,160.32,-0.2,-0.1827,1,0,6,2,0.8025,0,5,Active,0
PW028987,2026-05-04,US,Desktop,1180,Low,35,0,0,1,1,18.73,24.0,-1.0,-0.1144,0,0,0,1,0.0061,0,2,Active,0
PW026616,2026-06-01,BR,Desktop,1738,Medium,11,2,7,8,7,278.39,49.47,-0.4167,0.1943,0,1,10,2,0.6412,0,5,Active,0
PW003367,2026-04-06,US,Mobile,1807,Medium,65,0,5,8,3,271.91,53.48,-0.375,-0.3164,1,0,4,2,0.0013,1,0,Inactive,1
PW007999,2026-03-02,US,Desktop,1049,Medium,24,0,3,4,3,212.75,69.62,0.5,0.0424,0,1,7,2,0.5217,0,5,Active,0
PW021930,2026-02-02,US,Mobile,1345,High,4,5,11,16,11,513.09,56.51,0.0,0.337,2,0,12,2,0.9599,0,1,Active,0
PW012802,2026-06-01,US,Mobile,1184,Medium,11,0,0,4,1,74.99,64.19,-1.0,0.1612,2,0,4,1,0.6227,0,3,Active,0
PW025158,2026-01-05,MX,Mobile,604,Medium,5,0,1,1,1,20.19,16.14,0.0,-0.1649,1,0,2,2,0.2169,0,1,Active,0
PW008882,2026-05-04,US,Mobile,1007,Low,12,0,2,3,2,32.53,15.83,0.0,,0,1,1,1,0.0385,0,1,Active,0
PW025303,2026-01-05,BR,Mobile,1140,Medium,15,0,0,5,1,96.92,83.83,-1.0,-0.3515,0,0,8,1,0.4339,0,1,Active,0
PW004849,2026-01-05,BR,Mobile,868,Low,3,1,3,4,3,63.82,,-0.25,-0.0155,5,1,0,2,0.2916,0,2,Active,0
PW002337,2026-06-01,US,Mobile,1064,Low,13,0,1,1,1,62.56,53.61,0.0,-0.2951,0,0,1,1,0.0774,0,1,Active,0
PW015845,2026-06-01,MX,Mobile,334,Low,16,0,0,2,1,55.02,48.96,-1.0,0.0191,0,0,0,1,0.0496,0,1,Active,0
PW026034,2026-08-03,US,Desktop,437,Medium,83,0,0,1,1,94.67,111.53,-1.0,-0.2452,1,0,0,1,0.0,1,0,Inactive,1
PW003068,2026-02-02,US,Mobile,564,Medium,25,0,1,1,1,28.62,24.39,0.0,,2,2,0,1,0.0155,1,0,Inactive,1
PW002239,2026-08-03,US,Desktop,1342,High,6,1,4,8,3,569.11,127.92,0.0,-0.2145,1,1,3,1,0.5784,0,9,Active,0
PW011487,2026-04-06,MX,Mobile,1254,Medium,40,0,2,3,2,222.09,120.76,-0.3333,,0,0,6,2,0.0686,1,0,Inactive,1
PW029051,2026-06-01,MX,Desktop,1224,Medium,27,1,3,7,3,155.71,54.16,-0.25,-0.3052,1,1,2,2,0.1971,0,2,Active,0
PW019706,2026-02-02,CR,Mobile,734,Medium,13,3,6,9,6,241.0,36.23,-0.3333,0.0774,0,0,8,1,0.6544,0,3,Active,0
PW024932,2026-07-06,US,Mobile,267,Low,27,0,0,1,1,69.89,94.79,-1.0,0.1716,1,0,5,1,0.0864,0,1,Active,0
PW018350,2026-06-01,US,Mobile,460,Medium,15,1,2,6,2,53.49,28.08,-0.3333,-0.0665,1,0,9,2,0.7637,0,2,Active,0
PW013064,2026-08-03,US,Mobile,1172,Medium,15,0,3,4,3,409.62,115.72,0.0,-0.4237,1,0,6,1,0.5083,0,3,Active,0
PW014024,2026-01-05,US,Mobile,863,Medium,8,1,7,9,7,421.96,58.9,-0.125,-0.1824,0,1,11,2,0.9186,0,5,Active,0
PW004882,2026-04-06,BR,Mobile,518,High,5,3,9,10,7,528.56,65.4,-0.1,0.266,2,0,8,2,0.743,0,7,Active,0
PW018174,2026-03-02,US,Mobile,490,Low,8,0,3,6,2,419.03,103.6,0.0,0.2885,1,1,8,1,0.6844,0,7,Active,0
PW001634,2026-06-01,US,Mobile,1709,Low,2,1,1,2,1,34.87,43.48,-0.5,-0.2042,2,0,0,1,0.0978,0,1,Active,0
PW020709,2026-01-05,BR,Mobile,442,Medium,4,0,1,1,1,53.12,66.26,0.0,0.147,1,0,6,3,0.8214,0,1,Active,0
PW022631,2026-08-03,MX,Mobile,636,Medium,41,0,1,5,1,75.02,71.52,-0.5,-0.0582,1,0,5,1,0.0206,0,2,Active,0
PW027951,2026-01-05,US,Desktop,311,Medium,51,0,0,5,1,123.91,118.4,-1.0,-0.329,1,0,4,1,0.0019,1,0,Inactive,1
PW018332,2026-03-02,US,Mobile,1849,Low,11,2,5,9,5,112.66,27.61,-0.1667,0.0065,0,0,10,1,0.8125,0,1,Active,0
PW023786,2026-02-02,US,Mobile,1666,Medium,66,0,1,2,1,61.6,50.78,0.0,-0.1054,1,0,3,2,0.0006,1,0,Inactive,1
PW018304,2026-05-04,BR,Mobile,901,Medium,19,0,1,6,1,75.96,78.3,0.0,-0.1154,2,1,0,1,0.0273,1,0,Inactive,0
PW013612,2026-07-06,US,Mobile,354,Medium,34,0,2,4,2,175.01,91.18,0.0,-0.3452,0,1,1,2,0.0198,1,0,Inactive,1
PW025971,2026-04-06,BR,Desktop,540,Medium,4,0,2,7,1,294.21,105.65,-0.3333,-0.0611,0,0,4,1,0.5873,0,4,Active,0
PW001200,2026-01-05,US,Mobile,418,Medium,6,0,1,4,1,26.25,31.8,0.0,-0.233,0,0,5,2,0.9082,0,3,Active,0
PW021622,2026-04-06,CR,Mobile,492,Low,71,0,0,1,1,31.93,32.97,-1.0,-0.2945,0,2,2,1,0.0004,1,0,Inactive,1
PW013044,2026-02-02,CR,Mobile,326,Medium,8,0,0,3,1,171.15,140.59,-1.0,-0.1728,1,1,1,3,0.351,0,2,Active,0
PW012166,2026-07-06,US,Desktop,821,Low,2,0,0,2,1,12.88,16.09,-1.0,-0.2476,0,2,0,1,0.0607,1,0,Inactive,1
PW026273,2026-01-05,US,Desktop,406,Medium,5,0,1,1,1,46.01,38.32,0.0,-0.2849,0,1,3,1,0.2844,0,3,Active,0
PW020269,2026-08-03,US,Mobile,1749,Low,19,0,1,1,1,29.9,35.13,0.0,-0.0631,1,1,0,2,0.039,1,0,Inactive,0
PW025789,2026-05-04,MX,Mobile,745,Medium,9,0,2,2,2,164.96,89.92,-0.3333,-0.4196,0,1,2,1,0.3567,0,3,Active,1
PW001003,2026-01-05,MX,Desktop,1361,Medium,48,1,1,1,1,94.43,89.2,0.0,-0.2225,2,0,0,1,0.0015,0,1,Active,0
PW000540,2026-06-01,MX,Mobile,698,Low,8,0,1,5,1,48.3,41.64,-0.5,-0.1971,0,0,6,1,0.2812,0,1,Active,0
PW025470,2026-03-02,US,Mobile,1562,High,17,0,3,7,3,398.73,166.29,0.0,0.2029,1,0,5,4,0.5375,1,0,Inactive,0
PW004876,2026-06-01,US,Desktop,1531,Medium,18,0,1,1,1,229.64,239.52,-0.5,-0.3722,0,0,4,2,0.0935,1,0,Inactive,1
PW028890,2026-06-01,BR,Mobile,293,Medium,6,0,2,6,2,40.02,,0.0,-0.1326,1,0,4,3,0.6435,0,4,Active,0
PW028880,2026-01-05,CR,Desktop,1696,Low,3,0,1,3,1,18.47,18.46,-0.5,0.0847,0,0,4,1,0.7585,0,4,Active,0
PW018947,2026-02-02,BR,Mobile,1005,Low,0,1,1,1,1,33.62,45.41,0.0,-0.3761,3,1,3,1,0.8713,1,0,Inactive,0
PW022932,2026-01-05,CR,Mobile,471,High,50,1,4,7,4,299.92,62.52,0.0,-0.0152,0,0,1,3,0.0014,1,0,Inactive,1
PW019653,2026-05-04,MX,Mobile,1372,Medium,4,2,4,5,2,355.02,96.25,0.0,0.0234,0,0,9,2,0.9623,0,4,Active,0
PW010910,2026-03-02,MX,Mobile,494,Low,6,1,3,6,1,108.0,45.65,0.0,-0.071,2,0,1,1,0.2954,0,3,Active,1
PW024272,2026-06-01,MX,Desktop,1813,Low,12,0,0,2,1,15.91,16.43,-1.0,-0.3323,1,2,4,2,0.4051,0,1,Active,0
PW026354,2026-05-04,MX,Mobile,1407,Medium,21,2,3,5,1,190.65,53.04,0.0,-0.2884,0,0,6,4,0.3204,0,2,Active,0
PW020110,2026-07-06,US,Mobile,1602,Medium,16,0,0,2,1,91.56,93.27,-1.0,0.136,0,0,3,2,0.1142,0,1,Active,0
PW001341,2026-03-02,US,Mobile,656,Medium,10,1,2,3,1,204.14,101.75,0.0,-0.2903,1,0,3,1,0.1749,0,1,Active,0
PW005884,2026-01-05,CR,Mobile,1047,Low,12,0,0,1,1,32.05,42.19,-1.0,-0.2673,1,1,2,1,0.1896,0,1,Active,1
PW014963,2026-03-02,MX,Mobile,591,Medium,7,0,1,3,1,31.32,52.81,0.0,-0.1454,1,0,6,3,0.6702,0,2,Active,0
PW008458,2026-08-03,BR,Mobile,477,Medium,9,0,2,4,1,97.21,40.42,0.0,-0.6094,0,1,2,1,0.1403,0,2,Active,0
PW029749,2026-08-03,US,Mobile,1599,Medium,12,1,2,5,2,79.21,42.68,0.0,0.2339,0,0,12,3,0.8745,0,2,Active,0
PW013858,2026-08-03,US,Mobile,949,Low,26,0,1,5,1,40.27,39.81,0.0,-0.4243,0,2,0,1,0.0115,0,2,Active,0
PW016797,2026-07-06,US,Desktop,333,Medium,15,0,2,3,1,164.05,70.32,-0.3333,-0.1177,1,0,6,2,0.1379,1,0,Inactive,0
PW002058,2026-03-02,MX,Mobile,1775,Low,12,0,2,4,2,71.67,33.07,0.0,0.4041,2,0,3,1,0.1949,0,3,Active,0
PW024356,2026-07-06,US,Desktop,904,Medium,61,0,0,2,1,66.6,67.29,-1.0,-0.0023,0,0,4,1,,1,0,Inactive,0
PW006047,2026-02-02,US,Mobile,931,High,3,2,7,13,5,538.93,100.26,0.1667,0.0847,0,0,7,4,0.861,0,2,Active,0
PW029347,2026-04-06,CR,Desktop,720,Medium,17,0,0,1,1,41.38,41.47,-1.0,0.06,0,0,3,1,0.024,1,0,Inactive,1
PW009291,2026-02-02,US,Desktop,323,Medium,11,0,2,5,2,96.6,67.28,0.0,0.0487,1,0,7,2,0.5805,0,3,Active,0
PW012062,2026-01-05,MX,Desktop,1213,Medium,3,2,6,8,5,119.26,26.7,0.2,-0.0841,2,1,9,3,0.9698,0,2,Active,0
PW021801,2026-05-04,BR,Mobile,1673,Medium,24,0,2,5,2,308.38,166.21,-0.3333,-0.0751,1,0,3,2,0.092,1,0,Inactive,1
PW019096,2026-02-02,MX,Mobile,643,Low,19,0,0,1,1,24.57,28.67,-1.0,0.1857,0,1,0,1,0.0187,0,1,Active,0
PW003250,2026-05-04,US,Desktop,1357,Low,35,0,1,5,1,28.35,32.86,0.0,-0.161,0,1,6,1,0.0861,0,1,Active,1
PW009922,2026-02-02,BR,Desktop,948,Medium,19,1,1,1,1,154.19,178.14,0.0,-0.1026,0,0,0,1,0.076,1,0,Inactive,1
PW011805,2026-07-06,US,Desktop,1224,Medium,14,0,3,6,3,54.52,21.16,0.0,0.1334,0,0,14,2,0.4575,0,6,Active,0
PW008216,2026-07-06,BR,Mobile,1480,Medium,11,1,7,9,6,307.02,44.98,0.1667,0.1815,0,0,9,1,0.8318,1,0,Inactive,1
PW022540,2026-08-03,BR,Desktop,501,Medium,21,1,1,3,1,46.94,53.7,-0.6667,-0.0043,2,1,1,1,0.0464,1,0,Inactive,1
PW003999,2026-05-04,MX,Mobile,1800,Medium,20,1,3,5,3,115.18,47.93,-0.25,,0,1,6,3,0.2932,0,1,Active,0
PW022350,2026-05-04,BR,Mobile,1528,Low,8,0,2,8,2,60.39,40.46,0.0,-0.1796,1,1,3,2,0.2273,0,3,Active,0
PW004931,2026-04-06,BR,Mobile,1091,Medium,14,0,2,6,2,113.66,50.76,0.0,-0.1577,2,1,3,1,0.1048,0,3,Active,1
PW018838,2026-06-01,BR,Mobile,821,Low,12,1,2,4,2,182.52,92.79,-0.3333,0.106,0,1,4,1,0.2705,1,0,Inactive,0
PW023038,2026-03-02,MX,Mobile,1794,Medium,13,1,1,5,1,57.95,49.3,0.0,-0.4164,1,1,1,1,0.0559,0,1,Active,0
PW001881,2026-07-06,US,Mobile,1354,Low,7,0,2,5,1,25.4,13.32,0.0,-0.0687,1,0,6,2,0.8471,0,5,Active,0
PW006326,2026-02-02,US,Mobile,1173,Medium,10,0,0,2,1,22.44,26.16,-1.0,-0.0956,0,0,0,1,0.0465,0,2,Active,0
PW011881,2026-05-04,US,Mobile,1150,Low,8,0,0,2,1,99.26,105.43,-1.0,-0.175,0,1,4,1,0.1588,0,5,Active,0
PW028157,2026-06-01,US,Mobile,364,Low,19,0,1,1,1,53.52,79.26,0.0,0.0446,0,0,5,1,0.4117,0,1,Active,0
PW003872,2026-02-02,US,Desktop,541,Medium,30,0,2,3,2,91.65,44.73,0.0,0.1687,1,4,7,2,0.0259,0,5,Active,1
PW025600,2026-03-02,MX,Mobile,1821,Medium,25,1,2,5,1,68.1,30.67,0.0,-0.4003,2,0,3,1,0.0186,1,0,Inactive,1
PW021698,2026-05-04,BR,Desktop,945,Medium,5,0,2,5,2,147.94,75.65,-0.3333,-0.1197,0,0,7,3,0.916,0,4,Active,0
PW004438,2026-08-03,BR,Mobile,1636,Low,10,0,1,2,1,20.52,24.6,0.0,,0,1,3,1,0.3405,0,2,Active,0
PW026512,2026-05-04,US,Desktop,1654,High,21,1,4,5,2,584.21,124.97,0.0,0.1111,2,0,13,2,0.3976,0,2,Active,0
PW014428,2026-03-02,BR,Mobile,916,Low,7,2,4,8,3,343.08,112.84,0.0,0.3795,2,1,10,2,0.9168,0,2,Active,0
PW014622,2026-02-02,US,Desktop,1287,Medium,7,0,4,9,4,393.6,116.31,0.3333,0.091,0,0,12,4,0.9221,0,6,Active,0
PW027138,2026-05-04,US,Mobile,557,Medium,1,0,3,9,3,110.88,40.35,-0.25,-0.1316,0,0,2,1,0.5703,0,2,Active,0
PW028889,2026-05-04,CR,Mobile,1890,Medium,24,0,2,5,1,48.97,30.62,-0.3333,-0.1596,0,0,3,1,0.0239,1,0,Inactive,1
PW022887,2026-04-06,BR,Mobile,773,Low,12,0,2,7,1,62.87,25.03,0.0,-0.069,2,1,5,2,0.3005,0,3,Active,0
PW001745,2026-07-06,US,Mobile,1608,Medium,21,0,0,2,1,50.29,44.51,-1.0,-0.2608,0,2,3,1,0.197,1,0,Inactive,1
PW027258,2026-05-04,US,Mobile,1135,Low,1,0,0,1,1,36.33,35.88,-1.0,0.2029,0,0,3,1,0.5951,0,3,Active,0
PW009635,2026-01-05,MX,Mobile,1663,Medium,5,1,3,10,3,171.66,73.84,0.0,0.1253,0,0,12,3,0.9762,0,6,Active,0
PW027258,2026-02-02,US,Mobile,1051,Low,8,0,3,3,1,141.85,54.45,-0.25,-0.2948,1,0,9,1,0.6337,0,1,Active,0
PW020781,2026-08-03,BR,Desktop,1529,Medium,32,1,4,6,2,370.3,91.56,-0.3333,-0.1814,0,0,1,2,0.0617,1,0,Inactive,1
PW006008,2026-06-01,US,Desktop,1114,Medium,9,0,2,4,2,91.76,47.23,0.0,0.0909,0,0,3,1,0.1394,0,1,Active,0
PW008559,2026-07-06,US,Desktop,1528,Medium,16,0,0,4,1,56.23,49.09,-1.0,0.2919,1,0,4,3,0.0607,0,1,Active,1
PW014138,2026-08-03,MX,Mobile,1254,Medium,19,0,2,5,1,99.37,42.4,0.0,-0.4243,2,1,6,2,0.329,1,0,Inactive,1
PW015970,2026-02-02,BR,Mobile,1227,Low,29,0,1,3,1,39.07,,0.0,-0.0518,0,0,2,1,0.0119,1,0,Inactive,1
PW000511,2026-01-05,BR,Desktop,281,Medium,14,0,1,5,1,39.35,39.28,-0.5,-0.1873,1,0,3,2,0.3179,0,2,Active,0
PW005203,2026-01-05,US,Desktop,140,Medium,6,2,4,5,3,158.95,41.62,0.3333,0.0169,1,0,11,3,0.8803,0,4,Active,1
PW009411,2026-07-06,BR,Desktop,1454,Medium,17,1,4,6,4,152.17,40.88,0.0,0.0896,2,0,5,2,0.2279,0,2,Active,0
PW017413,2026-04-06,BR,Mobile,1447,Medium,14,0,0,2,1,73.19,80.86,-1.0,-0.3979,0,0,0,1,0.0101,0,1,Active,0
PW009645,2026-03-02,BR,Mobile,1792,Medium,20,0,2,3,2,203.27,80.89,-0.3333,-0.1912,0,0,0,1,0.0302,1,0,Inactive,1
PW027895,2026-07-06,BR,Desktop,1836,Medium,5,0,1,1,1,43.44,64.03,0.0,0.2733,0,1,5,1,0.3994,0,6,Active,0
PW009410,2026-07-06,US,Desktop,1319,Medium,35,0,0,3,1,75.45,83.24,-1.0,-0.3428,0,0,1,2,0.0087,0,1,Active,0
PW020913,2026-04-06,US,Mobile,1797,Low,1,0,2,4,2,43.42,39.08,0.0,-0.0604,0,1,3,2,0.4515,0,4,Active,0
PW016119,2026-04-06,MX,Mobile,1073,High,30,0,1,6,1,53.36,49.6,-0.5,-0.2105,0,0,0,1,0.0048,0,1,Active,1
PW025497,2026-04-06,MX,Mobile,1474,Medium,15,0,1,5,1,67.51,77.03,0.0,-0.1467,0,1,0,2,0.0804,0,2,Active,0
PW008216,2026-08-03,BR,Mobile,1508,Medium,4,0,7,9,5,293.14,49.16,0.4,0.2294,0,1,10,2,0.8737,0,7,Active,0
PW027139,2026-08-03,BR,Mobile,467,Low,32,0,2,3,2,65.57,26.02,0.0,-0.1877,1,0,6,2,0.0911,0,5,Active,1
PW004491,2026-08-03,US,Mobile,829,Low,20,0,0,1,1,57.43,64.45,-1.0,-0.1773,0,0,5,1,,0,1,Active,0
PW011729,2026-02-02,US,Desktop,1532,Medium,2,1,3,4,1,141.62,56.3,0.0,-0.0099,0,0,5,2,0.7426,1,0,Inactive,0
PW027289,2026-01-05,BR,Mobile,1601,Medium,1,3,3,5,3,128.75,54.91,0.0,-0.2563,2,0,6,2,0.7346,0,5,Active,0
PW024394,2026-07-06,US,Desktop,1769,Low,59,0,1,2,1,29.89,33.4,0.0,-0.3306,0,0,0,1,0.0009,1,0,Inactive,1
PW029440,2026-08-03,US,Mobile,1933,Medium,3,0,0,2,1,49.85,51.34,-1.0,-0.2445,1,0,0,1,0.332,1,0,Inactive,1
PW022088,2026-07-06,US,Desktop,1541,Low,21,0,0,3,1,14.04,15.33,-1.0,0.0329,0,0,5,1,0.0642,0,1,Active,0
PW025386,2026-04-06,MX,Mobile,1427,Low,17,0,0,1,1,21.89,24.43,-1.0,-0.0415,1,0,0,2,0.2897,0,1,Active,0
PW009513,2026-02-02,CR,Mobile,1307,Medium,29,1,4,4,3,405.6,81.19,-0.2,-0.0329,1,0,2,1,0.0923,0,1,Active,0
PW014567,2026-04-06,MX,Mobile,1798,Medium,15,0,2,7,2,178.43,86.64,0.0,-0.1384,0,1,5,2,0.1836,0,1,Active,0
PW004176,2026-03-02,BR,Desktop,1651,Medium,13,0,1,3,1,101.06,93.99,0.0,-0.0597,1,1,4,2,0.2875,0,2,Active,0
PW010651,2026-02-02,US,Desktop,1332,Medium,13,0,3,4,3,345.47,126.82,-0.4,-0.2599,0,2,0,2,0.1761,0,6,Active,0
PW025219,2026-04-06,MX,Mobile,1087,Low,3,1,2,6,2,87.84,38.05,0.0,-0.0533,0,0,8,3,0.9692,0,2,Active,0
PW019200,2026-07-06,US,Mobile,1029,High,5,3,13,17,9,794.04,63.94,0.0,-0.1682,2,0,11,3,0.9342,0,5,Active,0
PW028230,2026-06-01,CR,Mobile,1423,Low,2,0,0,2,1,23.38,26.84,-1.0,-0.2614,0,0,4,1,0.8931,0,1,Active,0
PW019707,2026-02-02,BR,Mobile,1184,Low,4,0,2,4,2,52.07,28.41,-0.3333,-0.0902,1,0,6,1,0.5415,1,0,Inactive,1
PW001086,2026-08-03,MX,Desktop,344,Medium,31,1,1,2,1,38.36,34.56,0.0,-0.2009,0,0,10,1,0.3304,0,5,Active,0
PW020711,2026-02-02,US,Mobile,1733,Medium,10,1,3,6,2,87.84,28.4,0.0,0.1843,0,0,14,3,0.962,0,2,Active,1
PW003686,2026-04-06,BR,Mobile,311,Low,3,0,1,2,1,33.11,37.41,0.0,0.1779,0,1,1,1,0.844,0,4,Active,0
PW006686,2026-03-02,US,Desktop,1694,Low,28,0,0,1,1,31.77,38.23,-1.0,-0.3345,1,0,0,1,0.0161,1,0,Inactive,1
PW002171,2026-04-06,MX,Mobile,1066,Medium,16,0,1,3,1,63.54,68.75,-0.5,-0.2849,0,2,6,1,0.0901,0,1,Active,0
PW008909,2026-02-02,US,Mobile,222,Medium,14,1,3,7,3,130.8,48.38,0.0,-0.2804,0,0,6,1,0.355,0,3,Active,1
PW008132,2026-06-01,CR,Mobile,807,Medium,10,0,1,4,1,82.52,83.43,0.0,-0.1947,0,0,2,2,0.1078,0,1,Active,0
PW008812,2026-08-03,US,Desktop,858,Medium,17,0,1,2,1,125.9,107.16,0.0,-0.23,1,0,0,1,0.074,1,0,Inactive,1
PW013757,2026-03-02,BR,Mobile,360,Medium,21,0,2,10,1,288.27,188.03,0.0,-0.0456,3,0,7,1,,0,5,Active,0
PW012765,2026-04-06,US,Mobile,387,High,4,1,3,6,2,362.2,137.8,0.0,0.3329,0,0,9,3,0.9472,0,1,Active,0
PW020909,2026-06-01,US,Mobile,1684,Medium,-4,0,0,4,1,49.54,47.18,-1.0,-0.0226,0,3,1,1,0.0172,1,0,Inactive,1
PW001336,2026-06-01,US,Desktop,1059,Medium,2,0,2,6,2,342.39,145.63,0.0,0.1669,0,0,8,2,0.3649,0,1,Active,0
PW027506,2026-08-03,MX,Mobile,879,Medium,14,0,0,1,1,120.78,148.6,-1.0,-0.487,0,0,0,1,0.0084,0,1,Active,1
PW011287,2026-07-06,CR,Mobile,1197,Medium,6,0,0,2,1,36.81,32.83,-1.0,0.1836,1,0,0,1,0.3793,0,1,Active,1
PW015271,2026-06-01,MX,Desktop,1795,Low,5,0,1,3,1,27.47,28.98,0.0,-0.4493,0,0,5,2,0.8438,0,1,Active,0
PW016794,2026-01-05,US,Mobile,1351,Low,8,0,3,4,3,77.15,37.82,0.0,-0.1918,1,1,7,2,0.6042,0,4,Active,0
PW013634,2026-04-06,US,Desktop,1503,High,9,0,3,9,3,598.79,185.93,0.0,0.2246,0,0,7,2,0.7778,0,2,Active,0
PW024637,2026-06-01,US,Mobile,829,Medium,4,0,1,4,1,38.67,38.26,0.0,-0.0892,0,0,7,2,0.4019,0,1,Active,0
PW020584,2026-05-04,US,Mobile,1413,Low,9,0,1,3,1,36.02,32.61,0.0,-0.0208,0,1,7,2,0.6478,0,4,Active,0
PW014785,2026-02-02,US,Desktop,205,Low,17,0,0,1,1,54.17,65.22,-1.0,-0.1084,0,0,2,2,0.0489,0,1,Active,1
PW004284,2026-02-02,MX,Desktop,1038,Medium,22,0,1,4,1,49.12,34.87,-0.5,-0.5365,0,1,2,1,0.0103,1,0,Inactive,1
PW023645,2026-05-04,US,Mobile,1800,Low,22,0,0,1,1,35.88,33.04,-1.0,-0.6017,0,1,0,1,0.0158,1,0,Inactive,1
PW013629,2026-05-04,CR,Mobile,496,Low,7,0,0,3,1,47.19,37.29,-1.0,-0.1747,0,0,5,1,0.4723,0,4,Active,0
PW009406,2026-05-04,CR,Mobile,1573,Medium,30,0,1,4,1,71.67,64.69,0.0,0.0416,1,0,5,2,0.0345,1,0,Inactive,0
PW014155,2026-05-04,MX,Mobile,677,Medium,25,2,4,7,4,541.02,156.8,-0.3333,-0.3728,0,0,6,1,0.0737,0,2,Active,0
PW001469,2026-05-04,BR,Mobile,309,Low,6,1,1,2,1,35.18,43.56,0.0,0.36,0,0,7,3,0.8058,0,1,Active,0
PW002156,2026-03-02,MX,Desktop,187,Low,43,0,1,6,1,60.59,57.28,0.0,-0.1795,0,1,0,2,0.039,0,2,Active,0
PW009218,2026-02-02,MX,Mobile,891,Medium,3,1,3,6,3,248.24,78.98,0.0,0.2392,0,0,5,2,0.728,0,5,Active,0
PW005153,2026-06-01,MX,Desktop,372,Medium,10,0,2,3,1,41.79,18.44,0.0,-0.0758,0,1,2,3,0.35,0,2,Active,1
PW018389,2026-07-06,MX,Desktop,1612,Medium,8,1,5,7,5,219.75,39.73,0.25,0.2804,0,0,8,2,0.8272,1,0,Inactive,1
PW006021,2026-04-06,US,Mobile,1671,Low,67,0,1,2,1,29.5,30.52,0.0,-0.2524,0,1,2,1,0.0005,0,3,Active,0
PW005098,2026-03-02,CR,Mobile,968,Low,12,0,2,2,2,163.81,82.43,0.0,-0.233,0,0,1,1,0.5805,0,2,Active,0
PW028370,2026-05-04,MX,Mobile,327,Low,11,0,0,1,1,90.47,82.65,-1.0,-0.372,0,0,2,1,0.2472,0,2,Active,0
PW011357,2026-08-03,BR,Mobile,1949,Medium,3,0,1,1,1,42.38,32.19,0.0,0.1913,2,1,7,3,0.8188,0,2,Active,0
PW023830,2026-08-03,MX,Mobile,1096,Low,7,0,1,7,1,11.51,12.06,0.0,0.1515,0,0,3,1,0.6923,0,7,Active,0
PW026502,2026-06-01,US,Mobile,900,Medium,33,0,0,2,1,27.0,24.87,-1.0,-0.0485,0,0,0,1,,1,0,Inactive,1
PW022731,2026-08-03,BR,Desktop,1884,Low,42,0,0,1,1,21.4,24.81,-1.0,-0.2685,0,0,0,1,0.0202,1,0,Inactive,1
PW004276,2026-06-01,US,Mobile,1482,Medium,21,0,4,7,3,218.8,50.12,-0.3333,-0.0882,3,1,5,1,0.0276,1,0,Inactive,1
PW008635,2026-05-04,BR,Desktop,602,Low,1,1,2,5,2,62.13,32.92,0.0,0.7552,0,0,11,1,0.9662,0,6,Active,0
PW026881,2026-05-04,US,Mobile,840,Medium,37,0,1,4,1,41.91,37.18,0.0,-0.4835,0,0,0,2,0.0195,0,2,Active,0
PW013178,2026-05-04,US,Mobile,697,Low,23,1,1,5,1,37.97,27.12,0.0,-0.0449,0,0,5,2,0.2524,0,1,Active,0
PW024976,2026-02-02,MX,Mobile,290,Medium,4,0,2,4,2,136.86,83.01,-0.3333,-0.0868,0,0,0,2,0.316,0,4,Active,0
PW014923,2026-07-06,BR,Mobile,1902,Medium,88,0,1,2,1,40.16,56.28,0.0,-0.5765,0,0,5,1,0.0,1,0,Inactive,0
PW018793,2026-01-05,MX,Mobile,1422,Medium,15,1,4,9,4,288.81,59.87,0.0,-0.0511,1,2,2,1,0.139,0,2,Active,1
PW016541,2026-06-01,CR,Mobile,672,Medium,7,0,0,3,1,85.74,75.12,-1.0,-0.1677,0,0,2,2,0.6239,0,1,Active,0
PW026620,2026-06-01,CR,Mobile,969,Low,10,0,0,3,1,23.93,32.21,-1.0,-0.2058,1,0,8,3,0.5377,0,3,Active,0
PW012579,2026-05-04,US,Mobile,1584,Medium,5,3,3,5,3,109.45,33.17,0.0,0.3669,1,0,9,2,0.8894,0,3,Active,0
PW025411,2026-07-06,US,Mobile,756,Low,14,0,0,2,1,31.65,26.57,-1.0,-0.1099,0,0,2,1,0.1339,0,1,Active,0
PW027920,2026-08-03,US,Mobile,1802,Medium,11,1,5,10,5,119.83,20.59,0.0,0.1904,2,0,7,2,0.7704,1,0,Inactive,1
PW017589,2026-05-04,MX,Desktop,464,Medium,26,0,0,5,1,92.1,81.71,-1.0,-0.1969,0,0,0,2,0.0089,0,4,Active,1
PW001144,2026-03-02,MX,Mobile,526,Medium,5,1,2,4,1,458.24,196.82,0.0,-0.0378,0,1,0,2,0.4561,0,3,Active,1
PW000895,2026-04-06,CR,Mobile,240,Low,31,0,1,1,1,20.79,24.23,0.0,-0.0809,0,1,5,2,0.1324,1,0,Inactive,1
PW013833,2026-07-06,CR,Mobile,1744,Medium,5,0,2,5,2,204.36,72.98,0.0,-0.0835,0,0,6,2,0.5178,0,2,Active,0
PW017728,2026-08-03,US,Mobile,1158,Low,18,1,1,1,1,9.52,9.19,0.0,-0.3189,0,0,3,1,0.1282,0,1,Active,0
PW007995,2026-07-06,BR,Desktop,1956,Medium,62,0,2,2,2,181.95,104.07,0.0,-0.2983,0,0,0,1,0.0005,1,0,Inactive,1
PW004454,2026-07-06,US,Mobile,470,Low,3,0,3,5,3,118.21,35.62,0.0,0.1371,0,0,8,2,0.7205,0,4,Active,0
PW008618,2026-08-03,BR,Mobile,1751,Medium,10,1,3,4,3,112.82,43.44,-0.25,0.1529,2,1,4,2,0.4389,0,7,Active,0
PW001416,2026-05-04,US,Mobile,1305,Medium,16,0,2,7,2,101.19,45.37,0.0,-0.1333,0,0,0,3,0.115,0,5,Active,0
PW019968,2026-02-02,BR,Mobile,1069,High,8,0,0,3,1,119.71,151.28,-1.0,0.227,0,0,0,3,0.104,0,1,Active,0
PW008537,2026-02-02,US,Mobile,331,Low,10,0,0,3,1,33.74,28.72,-1.0,-0.0005,0,1,4,1,0.2419,0,1,Active,0
PW005485,2026-07-06,US,Mobile,589,Low,64,0,0,3,1,57.01,44.17,-1.0,-0.3568,0,1,1,1,0.0001,1,0,Inactive,1
PW014373,2026-06-01,MX,Mobile,828,Medium,14,1,1,3,1,36.07,40.02,0.0,0.0504,0,0,7,1,0.3652,0,3,Active,0
PW021314,2026-08-03,CR,Desktop,1700,Low,2,0,1,3,1,49.39,46.38,0.0,0.1,1,0,8,3,0.9666,0,2,Active,0
PW025621,2026-05-04,US,Mobile,249,Medium,6,2,4,7,2,204.19,46.76,0.3333,0.1949,2,0,5,2,0.8494,0,1,Active,0
PW006134,2026-04-06,MX,Desktop,1145,Medium,6,3,6,7,5,192.21,21.72,0.0,0.4016,0,0,9,2,0.6803,0,3,Active,0
PW010974,2026-08-03,MX,Mobile,607,High,10,2,7,14,7,684.25,115.73,0.0,0.071,0,1,10,2,0.8434,0,2,Active,0
PW015534,2026-06-01,MX,Mobile,1602,Low,32,0,0,1,1,52.67,43.48,-1.0,-0.4671,0,0,0,1,0.0132,1,0,Inactive,1
PW018915,2026-04-06,US,Mobile,769,Medium,7,0,2,7,2,428.27,167.29,0.0,0.2183,1,2,0,4,0.3982,0,4,Active,0
PW011058,2026-04-06,BR,Mobile,730,Low,21,0,1,9,1,115.8,131.63,0.0,-0.0145,1,2,3,2,0.1009,1,0,Inactive,1
PW020481,2026-06-01,US,Mobile,1385,Medium,28,1,2,6,1,147.86,71.52,-0.3333,0.1121,1,0,2,3,0.1274,0,1,Active,0
PW029892,2026-04-06,US,Mobile,1309,High,2,1,3,6,1,519.84,144.14,0.0,-0.0569,0,0,5,1,0.909,0,3,Active,0
PW006270,2026-05-04,US,Mobile,373,Low,18,0,0,1,1,59.0,61.19,-1.0,-0.2805,0,0,3,2,0.2435,0,3,Active,0
PW028187,2026-03-02,BR,Mobile,451,Low,18,0,0,3,1,10.92,10.61,-1.0,,3,0,1,2,0.0583,1,0,Inactive,1
PW009253,2026-06-01,US,Desktop,686,Medium,9,0,0,1,1,59.2,67.74,-1.0,0.2011,0,2,0,1,0.0839,0,2,Active,0
PW001193,2026-02-02,BR,Mobile,963,Medium,5,1,4,5,4,248.43,57.74,0.0,-0.2749,1,0,7,3,0.6857,0,2,Active,0
PW025526,2026-05-04,US,Mobile,851,Medium,22,0,3,5,2,112.52,44.49,-0.25,-0.3441,0,1,2,1,0.0705,0,1,Active,0
PW002890,2026-04-06,MX,Mobile,568,Medium,37,1,2,6,2,199.6,90.62,0.0,-0.1534,0,0,4,2,0.0105,1,0,Inactive,0
PW022629,2026-01-05,US,Mobile,1499,Medium,12,0,1,3,1,67.0,78.91,0.0,0.2998,0,0,5,2,0.1273,0,1,Active,0
PW028556,2026-07-06,CR,Mobile,684,Low,13,1,1,4,1,29.86,26.48,0.0,0.0643,1,0,5,1,0.5989,0,1,Active,0
PW021384,2026-07-06,US,Mobile,1328,High,14,0,5,9,5,480.35,111.16,-0.1667,0.066,1,0,1,1,0.0783,0,3,Active,0
PW007418,2026-06-01,BR,Desktop,960,Low,18,0,1,3,1,26.52,26.67,-0.5,0.0811,0,0,0,1,0.0488,1,0,Inactive,1
PW013315,2026-01-05,US,Desktop,673,Medium,14,1,2,6,2,279.43,153.65,0.0,-0.2797,1,0,9,2,0.7408,0,1,Active,0
PW009660,2026-08-03,US,Mobile,1477,Medium,3,0,1,4,1,42.46,43.6,0.0,0.338,0,0,8,3,0.5535,0,2,Active,0
PW012794,2026-07-06,US,Mobile,422,Medium,7,0,2,7,1,71.15,32.86,0.0,-0.0588,0,0,8,2,0.8237,0,7,Active,0
PW027061,2026-08-03,MX,Mobile,1103,Low,13,1,3,6,3,146.37,45.85,0.0,-0.272,0,0,7,2,0.3753,0,3,Active,0
PW001130,2026-08-03,CR,Desktop,1763,Low,7,0,1,3,1,61.31,50.88,0.0,-0.0772,1,0,1,1,0.3372,0,1,Active,0
PW029034,2026-07-06,US,Desktop,1146,Medium,13,0,0,3,1,45.01,48.69,-1.0,-0.4665,1,0,4,2,0.2252,0,4,Active,0
PW018498,2026-04-06,US,Desktop,1852,Low,4,0,1,1,1,21.59,27.03,-0.5,-0.1823,0,0,6,2,0.8802,0,1,Active,0
PW007970,2026-07-06,US,Mobile,358,Low,7,0,0,1,1,26.92,28.81,-1.0,-0.1508,0,1,5,1,0.7001,1,0,Inactive,1
PW019907,2026-04-06,BR,Mobile,583,Medium,39,0,0,1,1,55.96,78.07,-1.0,-0.3254,1,0,0,1,0.0035,1,0,Inactive,1
PW014212,2026-05-04,US,Mobile,652,Low,42,0,0,4,1,37.78,40.56,-1.0,-0.0752,1,0,0,1,0.0032,1,0,Inactive,0
PW022430,2026-07-06,US,Mobile,394,High,40,2,3,5,2,169.28,53.39,0.0,0.012,1,0,0,2,0.0372,1,0,Inactive,1
PW006874,2026-08-03,CR,Desktop,1272,Medium,27,0,0,3,1,91.18,89.6,-1.0,-0.0584,0,0,9,1,0.2587,1,0,Inactive,1
PW013743,2026-06-01,MX,Desktop,1621,Low,13,0,1,4,1,54.21,57.59,0.0,0.1624,0,0,8,1,0.6781,0,3,Active,0
PW009354,2026-08-03,US,Mobile,1100,Medium,13,0,3,7,3,92.38,43.33,-0.4,-0.1868,0,0,6,2,0.353,1,0,Inactive,1
PW025702,2026-04-06,MX,Mobile,311,Low,30,0,2,6,2,46.33,21.54,1.0,-0.5608,0,0,4,1,0.035,1,0,Inactive,1
PW019701,2026-07-06,MX,Mobile,1582,Medium,0,1,3,8,2,125.85,43.95,0.5,0.0233,0,0,0,5,0.8686,0,5,Active,0
PW009116,2026-03-02,BR,Mobile,1750,Medium,1,1,1,4,1,47.58,62.33,0.0,-0.3316,1,0,1,2,0.5998,1,0,Inactive,1
PW011655,2026-02-02,US,Desktop,1818,Medium,49,0,0,2,1,37.38,32.46,-1.0,-0.1064,0,1,3,1,0.0015,1,0,Inactive,1
PW002450,2026-04-06,BR,Mobile,926,Medium,1,1,4,6,2,74.4,23.97,0.0,0.1969,0,0,8,2,0.9117,0,4,Active,0
PW007509,2026-05-04,US,Mobile,802,Low,28,0,0,2,1,28.18,27.9,-1.0,-0.6218,0,0,4,1,0.021,1,0,Inactive,1
PW023046,2026-03-02,BR,Mobile,1426,Medium,9,1,2,3,2,254.21,112.24,0.0,0.0445,0,0,3,1,0.2634,0,1,Active,1
PW021075,2026-06-01,CR,Mobile,699,Low,92,0,0,1,1,65.1,51.2,-1.0,-0.4775,0,0,0,1,0.0,1,0,Inactive,0
PW009211,2026-03-02,US,Mobile,231,High,10,3,6,8,6,975.03,146.81,0.2,-0.2929,1,0,10,2,0.721,0,7,Active,0
PW006703,2026-01-05,MX,Mobile,1206,High,4,0,7,11,7,287.72,45.27,0.0,0.5742,1,0,13,2,0.9858,0,3,Active,0
PW024667,2026-05-04,BR,Mobile,1806,Medium,7,1,3,6,2,107.42,39.66,0.0,0.0923,1,0,5,1,0.4852,0,3,Active,0
PW016846,2026-08-03,US,Mobile,609,Medium,7,0,1,2,1,37.45,42.62,0.0,0.0444,1,0,3,3,0.2265,0,2,Active,0
PW012696,2026-05-04,MX,Mobile,1642,Medium,18,1,2,5,2,79.9,38.8,-0.3333,-0.2514,0,2,2,2,0.1359,0,1,Active,0
PW012658,2026-08-03,CR,Desktop,401,High,3,0,4,9,4,214.3,52.94,0.3333,0.1208,3,2,9,3,0.5618,0,4,Active,1
PW007141,2026-01-05,MX,Mobile,1492,Medium,9,0,0,1,1,26.65,22.83,-1.0,-0.1017,0,0,3,1,0.1607,0,1,Active,0
PW003716,2026-05-04,US,Mobile,880,Low,7,5,7,9,7,72.89,12.62,0.1667,-0.1096,0,0,15,1,0.9398,0,5,Active,0
PW011258,2026-03-02,US,Mobile,1773,Medium,51,0,0,3,1,62.37,54.95,-1.0,-0.2346,0,0,6,1,0.0134,1,0,Inactive,1
PW010991,2026-04-06,BR,Desktop,934,Low,31,0,0,1,1,78.79,55.0,-1.0,-0.0964,1,0,0,1,0.0026,1,0,Inactive,1
PW004895,2026-02-02,BR,Mobile,545,Medium,12,3,6,7,3,174.85,27.61,0.0,0.0825,1,0,4,1,0.4235,0,3,Active,1
PW021251,2026-05-04,BR,Desktop,1369,Low,1,0,0,2,1,24.58,33.29,-1.0,-0.289,0,0,0,1,0.1311,0,1,Active,0
PW011607,2026-08-03,CR,Mobile,1237,Low,5,0,1,3,1,41.53,42.06,0.0,0.0991,0,0,8,2,0.763,0,1,Active,0
PW027530,2026-06-01,BR,Mobile,559,Low,22,0,0,2,1,46.41,55.05,-1.0,0.1612,0,0,0,1,0.0077,0,1,Active,0
PW019256,2026-07-06,BR,Mobile,1231,Low,24,0,1,6,1,52.55,68.95,0.0,0.3839,1,0,8,2,0.4306,0,3,Active,0
PW029181,2026-07-06,BR,Mobile,436,Low,2,0,0,1,1,29.32,27.26,-1.0,-0.3808,0,0,3,1,0.4895,0,3,Active,0
PW013896,2026-07-06,US,Mobile,557,Medium,16,0,1,6,1,32.11,39.86,0.0,0.2499,2,0,4,3,0.1324,0,3,Active,0
PW014143,2026-03-02,US,Mobile,682,Low,2,0,0,1,1,33.37,38.26,-1.0,0.1099,0,0,0,1,0.345,0,2,Active,0
PW020068,2026-07-06,CR,Desktop,1951,High,24,0,2,5,1,356.64,160.39,-0.3333,-0.1084,2,3,5,3,0.119,1,0,Inactive,1
PW020346,2026-07-06,US,Desktop,1471,Low,5,0,0,1,1,77.88,104.31,-1.0,0.1223,0,0,4,1,0.6971,0,3,Active,0
PW002602,2026-07-06,MX,Mobile,368,Medium,17,1,1,2,1,125.38,140.13,0.0,0.0064,0,0,2,1,0.0398,1,0,Inactive,1
PW027155,2026-04-06,MX,Mobile,376,Low,25,0,1,2,1,46.14,54.7,0.0,-0.0802,1,0,0,1,0.0479,1,0,Inactive,1
PW005639,2026-05-04,BR,Mobile,524,Medium,10,0,0,1,1,109.22,113.28,-1.0,-0.3764,0,2,3,1,0.4626,1,0,Inactive,0
PW008629,2026-01-05,US,Mobile,1080,Low,8,1,2,3,2,58.08,25.37,0.0,0.0824,1,1,5,1,0.3276,0,2,Active,0
PW002375,2026-07-06,CR,Mobile,1565,High,3,0,5,6,5,738.64,132.27,-0.4444,0.1668,0,1,6,2,0.7407,0,1,Active,0
PW024553,2026-02-02,BR,Desktop,1399,Low,5,0,2,5,2,51.37,18.85,0.0,0.0289,0,0,8,3,0.8906,0,1,Active,0
PW017105,2026-08-03,US,Mobile,1582,Medium,14,0,0,2,1,48.25,45.99,-1.0,0.2465,0,0,4,1,0.2496,1,0,Inactive,1
PW000837,2026-02-02,US,Desktop,1475,Medium,18,0,3,5,3,142.3,49.41,0.0,-0.158,0,0,8,1,0.6371,0,1,Active,0
PW010507,2026-07-06,CR,Mobile,1661,Medium,12,0,1,1,1,48.21,55.72,0.0,0.0611,0,1,1,2,0.1766,0,1,Active,1
PW022446,2026-01-05,US,Mobile,1422,Low,10,0,0,2,1,67.19,63.34,-1.0,-0.4292,0,0,1,2,0.2441,0,2,Active,0
PW007214,2026-08-03,BR,Mobile,598,Medium,25,0,0,2,1,27.71,29.29,-1.0,-0.3892,0,1,2,1,0.0224,0,1,Active,0
PW000388,2026-04-06,US,Mobile,1124,Low,26,0,0,2,1,28.76,22.3,-1.0,-0.4293,0,0,0,1,0.0183,1,0,Inactive,1
PW017444,2026-06-01,US,Mobile,1094,Medium,17,0,1,3,1,25.32,30.25,-0.5,0.048,0,1,2,1,0.0817,1,0,Inactive,0
PW009643,2026-03-02,US,Mobile,282,Low,14,0,2,3,2,54.95,24.63,0.0,-0.0579,0,0,6,1,0.6165,0,2,Active,0
PW019262,2026-05-04,MX,Mobile,1429,Medium,6,2,3,7,1,201.07,63.96,0.5,0.0769,0,1,7,2,0.9556,0,1,Active,0
PW024460,2026-04-06,MX,Mobile,1813,High,22,2,6,6,6,516.27,79.06,0.0,-0.3958,1,0,9,3,0.7962,0,3,Active,0
PW005628,2026-03-02,CR,Desktop,1626,High,13,0,3,4,2,438.13,141.48,0.0,-0.3746,2,0,10,1,0.4915,0,4,Active,0
PW005885,2026-04-06,US,Desktop,1797,Medium,23,0,1,4,1,88.33,93.68,-0.5,-0.5823,0,0,0,1,,1,0,Inactive,1
PW008398,2026-07-06,US,Mobile,1545,High,18,0,4,5,3,638.09,142.06,0.0,-0.0658,2,0,8,2,0.8063,0,5,Active,0
PW028562,2026-01-05,US,Desktop,822,Medium,6,3,3,5,3,195.82,66.29,0.0,0.2983,1,0,10,3,0.8692,0,2,Active,0
PW004896,2026-05-04,US,Desktop,598,Medium,2,0,3,6,3,552.59,147.12,0.5,0.2313,1,0,10,2,,0,3,Active,1
PW002131,2026-06-01,BR,Desktop,1802,Low,14,2,3,4,3,121.16,48.92,0.0,-0.1771,0,0,7,3,0.5993,1,0,Inactive,1
PW025578,2026-02-02,CR,Mobile,736,Medium,13,0,3,6,2,261.25,85.49,-0.25,0.1071,2,0,7,3,0.4787,0,3,Active,0
PW010854,2026-01-05,MX,Mobile,233,Medium,47,0,1,1,1,124.98,95.08,0.0,0.014,0,2,0,2,0.0035,1,0,Inactive,1
PW023862,2026-06-01,US,Desktop,1100,Medium,14,0,3,6,3,397.83,107.98,0.0,0.2049,0,0,9,2,0.5311,0,3,Active,0
PW009591,2026-01-05,US,Desktop,459,Medium,11,0,3,6,3,100.03,35.63,-0.25,-0.0169,0,0,5,1,0.4634,0,5,Active,0
PW011700,2026-06-01,US,Mobile,968,Medium,10,1,3,6,3,92.36,43.99,0.0,-0.0356,1,0,10,4,0.71,0,2,Active,0
PW006616,2026-03-02,US,Mobile,1851,Medium,11,0,2,3,2,39.32,20.27,-0.3333,-0.2734,0,0,4,2,,0,1,Active,0
PW025130,2026-07-06,MX,Mobile,423,Low,26,0,0,1,1,20.03,29.99,-1.0,-0.1741,0,1,3,1,0.1386,0,2,Active,0
PW024322,2026-02-02,US,Mobile,557,Medium,3,2,5,6,5,275.83,57.96,0.25,0.2275,0,0,3,3,0.4447,0,3,Active,0
PW010592,2026-07-06,US,Desktop,340,Medium,13,0,3,5,3,50.61,14.31,-0.25,-0.197,1,3,4,1,0.2724,0,1,Active,0
PW003079,2026-04-06,BR,Desktop,602,Low,3,0,4,5,2,70.44,19.09,0.3333,0.4344,2,0,9,3,0.882,0,4,Active,0
PW006043,2026-06-01,BR,Mobile,1887,Low,2,0,1,1,1,59.82,59.63,0.0,-0.1337,1,1,0,1,0.7804,0,3,Active,0
PW000864,2026-03-02,CR,Mobile,264,Medium,34,0,0,1,1,72.81,95.88,-1.0,-0.1224,0,1,6,1,0.0387,1,0,Inactive,0
PW001812,2026-02-02,US,Desktop,124,Medium,19,0,1,3,1,51.55,47.98,0.0,0.1452,0,0,4,1,0.3199,0,4,Active,0
PW027175,2026-02-02,BR,Mobile,943,Medium,51,0,0,4,1,44.38,38.63,-1.0,-0.1968,1,0,9,2,0.0098,1,0,Inactive,1
PW006165,2026-06-01,US,Mobile,1644,High,23,0,3,6,2,149.15,60.22,-0.25,-0.217,0,0,7,2,,0,1,Active,0
PW002323,2026-03-02,US,Mobile,1677,Medium,7,1,4,9,4,602.01,,-0.2,-0.1816,0,0,10,3,0.7155,0,4,Active,0
PW013795,2026-07-06,MX,Desktop,1927,Medium,30,0,2,3,2,288.57,127.09,0.0,-0.2055,0,0,4,2,0.1512,0,3,Active,0
PW014590,2026-06-01,MX,Mobile,270,Low,7,0,2,6,2,271.64,120.72,-0.3333,-0.4743,1,0,2,2,0.6275,0,2,Active,0
PW004138,2026-06-01,MX,Mobile,1300,Low,4,0,0,4,1,33.69,39.8,-1.0,-0.2005,0,0,0,1,0.214,0,1,Active,0
PW023657,2026-08-03,BR,Desktop,554,Low,11,0,1,3,1,72.0,80.23,0.0,-0.2389,1,0,3,1,0.2859,0,1,Active,0
PW006268,2026-04-06,BR,Desktop,1134,Low,13,0,2,5,2,52.38,23.12,0.0,0.0682,0,0,14,2,0.9603,1,0,Inactive,1
PW027374,2026-04-06,MX,Mobile,868,Medium,29,0,1,2,1,50.95,45.99,0.0,-0.069,0,0,0,2,0.0268,1,0,Inactive,1
PW026057,2026-03-02,CR,Mobile,539,Low,20,0,1,4,1,80.68,80.98,0.0,-0.1982,0,0,3,1,0.0996,0,2,Active,0
PW007266,2026-07-06,US,Mobile,1230,Medium,23,0,1,2,1,102.39,81.62,0.0,0.2044,0,1,8,2,0.2034,0,3,Active,0
PW027192,2026-04-06,MX,Mobile,650,High,2,1,5,7,5,834.79,223.67,-0.1667,0.0773,1,0,5,2,0.9443,0,5,Active,0
PW025048,2026-07-06,BR,Mobile,1028,Medium,1,0,3,4,3,230.29,57.01,-0.25,-0.1615,2,1,6,1,0.6405,0,1,Active,0
PW019672,2026-07-06,CR,Mobile,1469,Low,16,0,1,2,1,42.49,45.25,-0.5,-0.0672,0,1,0,1,0.0542,0,1,Active,0
PW009121,2026-03-02,US,Mobile,811,Medium,11,0,0,4,1,96.38,110.3,-1.0,-0.2904,0,0,2,2,0.1438,0,1,Active,0
PW029508,2026-07-06,US,Mobile,1465,Low,13,0,1,2,1,37.38,41.46,-0.5,-0.4963,0,0,0,2,0.0643,0,1,Active,1
PW006653,2026-04-06,MX,Mobile,821,Medium,15,0,1,1,1,58.43,68.13,0.0,-0.2842,0,3,1,1,0.0389,1,0,Inactive,1
PW023108,2026-08-03,US,Mobile,319,Medium,15,1,3,8,3,186.65,50.65,0.5,-0.0702,1,0,5,2,0.1879,0,1,Active,0
PW028549,2026-05-04,US,Mobile,217,Medium,35,0,0,1,1,40.98,50.05,-1.0,-0.5743,0,0,3,1,0.0081,1,0,Inactive,1
PW020929,2026-02-02,US,Mobile,957,Medium,6,0,3,8,3,363.67,102.41,0.5,0.3914,0,0,3,2,0.6035,0,1,Active,0
PW027717,2026-08-03,US,Desktop,1069,Low,6,0,0,1,1,57.01,55.64,-1.0,0.1024,0,1,7,2,0.6684,0,3,Active,0
PW005364,2026-02-02,BR,Desktop,571,Medium,22,1,6,10,5,259.46,42.08,0.2,0.0129,1,0,14,2,0.8511,0,6,Active,0
PW023428,2026-01-05,US,Mobile,720,Medium,1,1,2,4,1,129.13,55.2,0.0,,0,0,2,3,,0,2,Active,1
PW001855,2026-08-03,MX,Desktop,490,Medium,53,2,2,5,2,103.34,69.25,0.0,0.0264,0,0,5,2,0.0034,1,0,Inactive,1
PW018867,2026-01-05,US,Mobile,210,Low,10,1,6,7,6,323.47,59.07,0.0,0.1112,0,1,6,1,0.8245,0,3,Active,0
PW010503,2026-05-04,MX,Mobile,1283,Medium,18,0,2,4,2,149.87,69.42,0.0,-0.2712,1,0,0,1,0.1017,1,0,Inactive,1
PW025203,2026-07-06,US,Mobile,1956,Low,29,0,0,2,1,26.15,28.08,-1.0,,0,0,6,1,0.0538,1,0,Inactive,1
PW019264,2026-04-06,US,Desktop,1703,Medium,21,0,1,2,1,76.54,56.57,0.0,-0.2316,0,1,7,1,0.1155,0,1,Active,0
PW026641,2026-07-06,US,Desktop,979,Medium,18,0,1,3,1,30.86,22.91,0.0,-0.4206,1,1,1,1,0.1522,0,3,Active,0
PW017076,2026-05-04,US,Desktop,1118,Low,4,0,0,2,1,16.51,15.74,-1.0,-0.2947,0,0,1,1,0.4387,0,2,Active,0
PW016587,2026-02-02,US,Mobile,1431,Medium,8,4,6,11,5,432.71,59.77,0.2,0.4589,2,0,13,2,0.9777,1,0,Inactive,1
PW028820,2026-04-06,BR,Mobile,975,Medium,4,4,6,10,5,268.73,31.6,0.2,0.1875,1,2,6,1,0.5031,0,9,Active,0
PW000019,2026-01-05,US,Mobile,509,Low,36,0,0,3,1,66.7,80.19,-1.0,0.153,0,0,0,1,0.0062,1,0,Inactive,1
PW017106,2026-02-02,US,Desktop,643,Medium,19,0,2,2,2,64.68,47.16,-0.3333,0.005,1,0,1,1,0.0349,1,0,Inactive,0
PW025179,2026-06-01,BR,Mobile,1041,Low,12,1,1,2,1,41.19,29.28,0.0,-0.1108,0,0,7,3,0.6224,0,1,Active,0
PW003177,2026-06-01,US,Mobile,397,Medium,4,2,4,6,4,157.9,31.95,0.0,0.2207,1,0,6,2,0.8189,0,7,Active,0
PW010577,2026-03-02,BR,Mobile,1337,High,7,1,8,13,7,605.23,75.41,0.1429,0.2165,2,0,8,3,0.6887,0,5,Active,0
PW025548,2026-04-06,BR,Mobile,1356,Medium,13,0,3,4,2,80.96,29.36,-0.4,0.1742,1,0,6,2,0.4712,0,2,Active,0
PW029429,2026-03-02,BR,Mobile,561,High,2,2,3,6,3,250.27,83.84,0.5,0.197,1,0,6,2,0.8059,0,2,Active,0
PW000128,2026-03-02,CR,Mobile,1178,Medium,4,2,5,5,4,338.19,89.99,0.25,0.2462,0,0,7,2,0.9541,0,1,Active,0
PW025850,2026-02-02,CR,Mobile,920,Medium,7,0,1,4,1,25.53,26.55,0.0,-0.2596,2,0,7,3,0.8276,0,2,Active,0
PW018233,2026-02-02,BR,Mobile,849,Low,7,0,2,6,2,128.01,68.09,0.0,-0.2014,0,0,5,1,0.3569,0,5,Active,0
PW027250,2026-02-02,US,Mobile,1654,Low,5,1,1,1,1,127.57,127.91,0.0,0.1198,0,1,3,2,0.6342,0,1,Active,0
PW021647,2026-06-01,BR,Mobile,801,Low,9,0,0,4,1,32.82,30.7,-1.0,-0.1234,1,1,4,2,0.5063,0,1,Active,0
PW023294,2026-07-06,BR,Mobile,1826,Medium,29,0,2,6,2,95.86,40.26,-0.3333,0.073,2,1,2,1,0.2835,1,0,Inactive,0
PW023287,2026-06-01,US,Desktop,724,Medium,10,0,1,3,1,81.25,64.39,0.0,0.011,2,0,2,1,0.1754,0,6,Active,0
PW009717,2026-02-02,US,Desktop,1635,Low,4,0,1,4,1,38.39,37.1,0.0,0.0381,0,0,5,2,,0,2,Active,0
PW015279,2026-07-06,US,Mobile,905,Medium,25,0,2,6,2,98.28,48.15,0.0,0.1336,0,1,0,1,0.0512,1,0,Inactive,1
PW021903,2026-04-06,US,Mobile,625,Medium,9,0,2,3,1,161.9,78.76,0.0,0.3356,1,0,8,2,0.6914,0,2,Active,0
PW020607,2026-08-03,BR,Mobile,1143,High,6,1,6,8,6,562.62,123.66,-0.25,0.2626,1,0,8,3,,0,2,Active,0
PW009168,2026-03-02,BR,Mobile,765,Medium,12,0,3,4,2,120.4,53.71,-0.5,0.0248,1,2,5,1,0.0257,0,1,Active,0
PW011701,2026-05-04,CR,Mobile,1333,Low,23,0,3,3,2,59.99,22.47,-0.4,-0.0473,0,0,0,1,0.0338,0,3,Active,1
PW014413,2026-03-02,MX,Mobile,698,Medium,13,0,0,1,1,29.88,33.45,-1.0,-0.1168,1,0,9,2,0.4052,1,0,Inactive,1
PW015421,2026-06-01,CR,Mobile,320,Medium,22,0,0,1,1,81.11,87.77,-1.0,-0.196,0,0,1,2,0.0321,0,1,Active,0
PW006150,2026-04-06,US,Desktop,1857,Medium,10,0,0,3,1,39.27,43.29,-1.0,-0.1003,0,1,0,1,,0,1,Active,1
PW009695,2026-08-03,CR,Desktop,759,Medium,2,1,2,6,2,128.86,71.21,0.0,-0.3332,0,0,5,2,0.8149,0,5,Active,0
PW011597,2026-07-06,US,Desktop,1442,Medium,6,0,0,1,1,93.75,83.07,-1.0,-0.3832,0,0,0,1,0.0169,0,1,Active,0
PW007257,2026-06-01,BR,Desktop,1462,High,35,0,2,5,2,355.73,167.56,-0.3333,-0.1855,0,2,0,1,0.0288,1,0,Inactive,1
PW029312,2026-08-03,BR,Mobile,664,Low,19,0,1,5,1,25.45,28.59,0.0,-0.1811,2,1,10,1,0.6436,0,1,Active,0
PW001996,2026-06-01,MX,Mobile,487,Low,21,0,1,4,1,78.54,65.72,0.0,0.1306,0,0,5,2,0.2194,0,1,Active,0
PW005744,2026-08-03,BR,Mobile,1552,Medium,12,1,3,6,2,237.63,89.47,-0.25,0.2056,0,0,3,2,0.1739,1,0,Inactive,0
PW006751,2026-04-06,BR,Mobile,362,Low,7,0,0,3,1,44.97,51.29,-1.0,-0.4145,0,0,4,1,0.1659,0,1,Active,0
PW011065,2026-07-06,MX,Mobile,1609,Low,13,0,1,2,1,27.12,28.77,0.0,0.1903,0,1,4,2,0.5667,0,1,Active,0
PW028261,2026-03-02,BR,Mobile,893,Medium,32,0,2,6,1,83.51,49.1,0.0,0.3233,0,0,3,2,0.0671,1,0,Inactive,1
PW018372,2026-03-02,US,Desktop,470,Low,13,1,1,3,1,48.04,53.93,0.0,-0.0203,0,0,6,1,0.4186,0,2,Active,0
PW023480,2026-02-02,MX,Desktop,284,Medium,1,2,7,8,6,182.17,19.47,-0.3,0.344,0,0,8,2,0.9057,0,6,Active,0
PW023884,2026-05-04,US,Desktop,967,Low,39,0,3,6,2,146.07,39.7,0.5,0.1994,0,0,6,2,0.0323,0,3,Active,0
PW003947,2026-04-06,US,Mobile,458,Medium,14,0,2,7,1,55.85,27.72,0.0,0.329,1,0,1,1,0.0496,1,0,Inactive,1
PW012697,2026-04-06,US,Desktop,535,Low,14,0,0,1,1,22.8,27.03,-1.0,-0.0787,1,0,2,1,0.1137,0,2,Active,0
PW022563,2026-03-02,MX,Desktop,1457,Low,28,2,2,4,2,190.18,91.64,-0.3333,-0.0613,0,1,5,2,0.4206,1,0,Inactive,1
PW027514,2026-04-06,MX,Desktop,451,Medium,7,1,4,5,4,207.39,55.86,-0.2,0.1333,0,0,8,3,0.4889,0,2,Active,0
PW007699,2026-05-04,US,Mobile,784,Medium,43,0,1,2,1,124.03,186.76,0.0,-0.0887,1,1,0,2,0.0057,1,0,Inactive,1
PW006922,2026-05-04,CR,Mobile,1599,Medium,4,1,4,7,3,193.0,76.21,0.0,0.2481,1,0,4,2,,0,1,Active,0
PW002816,2026-07-06,US,Mobile,726,Medium,7,1,5,7,4,274.47,48.77,0.0,-0.3168,0,0,3,1,0.9084,0,4,Active,0
PW019296,2026-04-06,BR,Desktop,673,Medium,44,0,0,1,1,75.33,50.6,-1.0,0.0666,0,1,0,2,0.0018,1,0,Inactive,1
PW029439,2026-06-01,US,Mobile,457,Low,5,0,1,2,1,87.96,92.95,0.0,-0.0229,0,0,5,1,0.7513,1,0,Inactive,1
PW015133,2026-07-06,MX,Mobile,768,Medium,9,1,1,3,1,82.48,81.78,0.0,-0.3007,1,0,0,1,0.1511,0,3,Active,0
PW008966,2026-08-03,US,Mobile,561,Medium,30,0,0,2,1,152.11,150.72,-1.0,-0.1627,1,0,0,1,0.0008,0,2,Active,0
PW011961,2026-08-03,CR,Desktop,1145,Medium,5,1,2,8,2,116.95,49.75,0.0,-0.0244,1,0,3,3,0.4617,0,2,Active,0
PW027045,2026-01-05,BR,Desktop,1115,High,7,2,4,8,2,953.39,166.93,-0.2,-0.152,1,0,6,2,0.8088,0,6,Active,1
PW024166,2026-01-05,US,Desktop,1311,Medium,13,0,2,7,2,127.37,59.78,-0.3333,0.2221,0,1,8,3,0.5616,0,3,Active,0
PW015453,2026-07-06,br,Desktop,1631,Medium,12,1,2,6,2,85.06,50.79,0.0,0.3866,1,0,6,3,0.6257,0,2,Active,0
PW019975,2026-04-06,CR,Desktop,211,Medium,7,0,6,11,4,544.24,97.89,0.2,-0.2067,3,2,5,4,0.5869,0,3,Active,0
PW013044,2026-08-03,CR,Mobile,494,Low,21,0,1,3,1,50.08,54.67,0.0,-0.0805,1,0,0,1,0.1028,0,1,Active,0
PW029953,2026-01-05,MX,Desktop,379,Low,35,0,2,3,2,53.47,29.44,0.0,-0.1135,0,0,5,2,0.0558,1,0,Inactive,1
PW029256,2026-05-04,US,Mobile,1410,Medium,8,1,4,4,4,117.03,25.62,0.0,0.2946,3,0,7,2,0.5214,0,3,Active,0
PW016311,2026-02-02,MX,Mobile,1107,Low,22,1,1,4,1,60.21,49.19,-0.5,-0.0625,1,0,2,2,0.0985,0,1,Active,0
PW000540,2026-03-02,MX,Mobile,614,Low,11,0,0,3,1,71.83,71.4,-1.0,-0.4329,0,1,7,2,0.3695,0,1,Active,0
PW028188,2026-01-05,MX,Mobile,1298,Medium,6,0,0,2,1,52.4,56.37,-1.0,0.2092,1,1,8,2,0.7895,0,1,Active,1
PW013586,2026-06-01,US,Mobile,863,High,11,2,10,12,10,2020.11,203.47,-0.2308,-0.1261,1,0,13,2,0.8869,0,6,Active,0
PW004394,2026-07-06,US,Mobile,989,Low,4,1,1,2,1,38.39,39.36,0.0,0.046,0,1,5,1,0.706,0,2,Active,0
PW009899,2026-05-04,MX,Mobile,454,High,20,0,4,8,2,439.6,99.08,0.0,0.134,0,0,3,2,0.3789,0,2,Active,0
PW001039,2026-02-02,US,Mobile,1308,Medium,17,0,1,5,1,67.52,56.77,-0.5,-0.4656,1,0,5,3,0.1222,1,0,Inactive,1
PW008992,2026-08-03,BR,Mobile,1928,Medium,19,0,1,2,1,24.45,28.13,0.0,0.1344,1,0,8,2,0.2881,0,2,Active,0
PW000784,2026-06-01,MX,Mobile,957,Low,18,0,0,1,1,25.45,28.59,-1.0,-0.1341,0,1,4,1,0.2328,0,3,Active,0
PW022437,2026-02-02,BR,Desktop,885,Medium,38,0,3,5,1,457.32,123.65,0.0,0.3102,2,1,4,2,0.0436,0,2,Active,1
PW026386,2026-04-06,BR,Mobile,1160,High,17,0,4,6,4,259.54,102.26,0.0,0.1164,1,0,8,3,0.2191,0,6,Active,1
PW004250,2026-01-05,BR,Desktop,951,Medium,1,2,3,4,2,706.05,156.91,-0.25,0.2074,1,0,5,1,0.7121,0,1,Active,0
PW007766,2026-04-06,US,Mobile,648,Low,4,1,2,3,1,60.29,28.66,0.0,-0.144,0,0,6,2,0.8468,0,1,Active,0
PW016243,2026-06-01,US,Mobile,1024,Medium,32,2,4,4,4,97.77,29.83,0.0,0.1371,1,0,5,1,0.1025,1,0,Inactive,1
PW026813,2026-02-02,US,Mobile,531,Medium,1,2,4,6,4,148.22,37.26,0.0,0.3852,0,0,9,2,0.8876,0,2,Active,0
PW021453,2026-02-02,BR,Mobile,1802,Medium,11,0,0,1,1,60.21,46.59,-1.0,-0.396,0,0,1,2,0.0589,1,0,Inactive,1
PW014523,2026-06-01,US,Mobile,1423,Medium,5,1,2,5,2,49.93,38.99,0.0,-0.0933,0,0,4,2,0.7008,0,1,Active,0
PW001475,2026-08-03,BR,Mobile,1912,High,13,0,4,8,4,382.7,68.58,-0.3333,-0.0413,0,0,8,2,0.4027,0,3,Active,0
PW023233,2026-04-06,US,Mobile,1796,Medium,4,2,6,12,5,223.46,46.32,-0.1429,0.0382,2,1,11,2,0.8875,0,7,Active,0
PW019230,2026-01-05,US,Mobile,978,High,9,1,2,3,1,113.56,63.52,-0.3333,-0.1939,0,1,1,2,0.1572,0,1,Active,0
PW007499,2026-01-05,US,Mobile,185,Low,0,0,1,4,1,38.56,39.2,0.0,-0.2899,0,0,5,1,0.6582,0,1,Active,0
PW002153,2026-06-01,BR,Mobile,1660,Medium,1,0,1,6,1,53.63,61.85,0.0,0.1124,0,0,2,2,0.7092,0,3,Active,0
PW004823,2026-01-05,US,Desktop,706,Low,6,0,0,1,1,41.45,34.17,-1.0,-0.1018,0,1,8,1,0.8877,0,1,Active,0
PW027055,2026-02-02,BR,Mobile,968,Low,19,0,2,4,2,77.87,30.64,-0.3333,-0.1145,1,0,0,1,0.0256,0,2,Active,0
PW025471,2026-01-05,MX,Mobile,978,Low,11,0,1,1,1,24.17,30.91,0.0,-0.1799,0,0,5,1,0.8224,0,2,Active,1
PW018825,2026-05-04,US,Desktop,1105,Medium,12,0,1,1,1,60.5,59.12,-0.6667,-0.1297,0,0,3,1,0.1134,0,3,Active,0
PW000727,2026-08-03,US,Mobile,1297,Low,13,0,0,1,1,37.1,37.76,-1.0,-0.4294,0,0,3,1,,0,1,Active,0
PW028769,2026-08-03,US,Mobile,307,Medium,0,0,2,5,2,75.72,33.37,0.0,0.1407,1,1,6,2,0.838,0,2,Active,0
PW009658,2026-06-01,MX,Mobile,1441,Medium,17,0,1,4,1,121.66,93.65,0.0,-0.2208,0,0,4,2,0.0676,0,3,Active,0
PW000130,2026-06-01,MX,Mobile,1226,Low,44,0,0,2,1,35.92,51.79,-1.0,-0.3677,0,0,0,1,0.0014,0,1,Active,0
PW007046,2026-02-02,US,Mobile,975,Medium,24,1,2,7,1,286.9,105.93,0.0,0.1082,1,0,2,1,,1,0,Inactive,1
PW025988,2026-03-02,BR,Mobile,411,Medium,11,0,2,8,2,142.68,58.49,0.0,0.0556,0,0,4,3,0.0727,0,1,Active,0
PW001832,2026-06-01,MX,Desktop,884,Medium,10,0,1,7,1,15.74,20.91,0.0,-0.2303,0,0,7,1,,0,2,Active,0
PW029753,2026-04-06,CR,Mobile,1477,Medium,7,0,1,6,1,36.67,33.12,0.0,-0.1287,1,0,12,2,0.8975,1,0,Inactive,1
PW023580,2026-08-03,US,Desktop,664,Low,10,1,2,3,2,98.95,57.31,0.0,-0.0887,0,0,7,3,0.7843,0,4,Active,0
PW005343,2026-08-03,US,Desktop,1142,Medium,13,0,3,6,2,102.37,24.95,-0.5,-0.1042,3,0,3,2,0.2387,0,4,Active,1
PW007100,2026-04-06,MX,Mobile,1883,Low,3,1,3,4,3,168.94,61.07,0.0,0.1158,0,0,7,4,0.9393,0,1,Active,0
PW019405,2026-01-05,MX,Desktop,1717,Low,16,2,4,9,3,172.37,31.62,0.0,-0.153,1,0,3,1,0.2725,0,1,Active,0
PW009799,2026-07-06,US,Desktop,1467,Medium,19,0,0,4,1,89.28,80.73,-1.0,-0.4384,1,0,1,1,,1,0,Inactive,1
PW004009,2026-07-06,US,Desktop,329,Medium,8,1,4,5,4,336.94,81.15,0.0,0.1014,0,0,9,3,0.8185,0,5,Active,1
PW020063,2026-01-05,US,Desktop,1178,Medium,7,4,8,10,8,447.13,48.92,0.1429,-0.031,1,0,10,2,0.7033,0,1,Active,1
PW004287,2026-06-01,US,Desktop,1117,Medium,9,0,2,6,2,127.25,63.77,0.0,-0.3244,0,0,4,2,0.6396,0,1,Active,0
PW003813,2026-08-03,US,Desktop,1396,Medium,56,0,1,2,1,147.25,157.45,0.0,-0.3942,0,0,0,2,0.0006,1,0,Inactive,1
PW029796,2026-04-06,CR,Mobile,873,Medium,6,1,6,8,5,399.37,53.08,-0.1429,-0.0814,1,1,9,2,0.7434,0,6,Active,0
PW018888,2026-05-04,US,Desktop,503,High,12,1,7,12,5,644.68,74.98,0.4,0.0986,2,0,9,3,0.8461,0,1,Active,0
PW028116,2026-04-06,US,Mobile,878,Medium,12,0,2,5,1,336.05,134.03,0.0,-0.306,1,1,4,1,0.5216,1,0,Inactive,1
PW028125,2026-07-06,CR,Desktop,1121,Medium,4,0,1,4,1,33.56,26.93,0.0,0.1262,1,0,3,1,0.3493,0,3,Active,0
PW014818,2026-06-01,BR,Mobile,445,High,0,2,8,11,8,428.17,53.22,0.0,-0.058,1,0,9,2,0.929,0,7,Active,0
PW021659,2026-05-04,BR,Desktop,1431,Medium,11,0,0,2,1,44.83,40.25,-1.0,0.2295,1,1,1,2,0.1346,0,3,Active,0
PW007481,2026-03-02,MX,Mobile,1534,Medium,13,0,1,6,1,53.69,67.69,0.0,-0.384,0,2,2,1,0.4173,0,3,Active,0
PW027390,2026-02-02,MX,Desktop,1770,Medium,14,1,3,9,3,312.13,83.6,0.5,0.2721,2,1,3,3,0.2847,0,3,Active,0
PW020033,2026-07-06,CR,Mobile,1565,Low,10,0,0,2,1,20.81,26.24,-1.0,-0.1775,0,0,3,2,0.338,0,1,Active,0
PW024205,2026-06-01,BR,Mobile,645,Low,31,0,0,2,1,55.66,73.75,-1.0,-0.1549,0,0,3,1,0.0127,1,0,Inactive,1
PW005615,2026-01-05,BR,Mobile,1687,High,29,0,1,3,1,42.27,64.03,0.0,-0.0553,2,1,0,2,0.1203,1,0,Inactive,0
PW026752,2026-01-05,MX,Mobile,847,High,2,3,8,12,7,896.75,96.3,-0.2727,0.2318,2,1,10,4,0.9909,0,6,Active,0
PW010324,2026-06-01,US,Mobile,1837,Medium,21,0,2,4,2,316.43,101.41,-0.3333,0.1461,0,0,5,2,0.1091,0,2,Active,0
PW026378,2026-06-01,BR,Mobile,567,Low,16,3,3,8,2,116.79,37.07,0.0,0.163,1,1,8,2,0.4822,0,2,Active,1
PW016382,2026-04-06,MX,Mobile,894,Low,11,0,0,1,1,87.86,57.81,-1.0,-0.2138,0,0,0,1,0.5718,1,0,Inactive,1
PW011308,2026-04-06,CR,Mobile,574,Medium,3,0,0,1,1,49.29,45.33,-1.0,-0.3235,0,1,12,2,,1,0,Inactive,1
PW023679,2026-03-02,US,Mobile,606,Low,22,0,1,3,1,37.99,43.17,-0.5,-0.1938,0,0,5,1,0.0894,0,1,Active,0
PW013397,2026-07-06,MX,Mobile,879,Low,26,0,2,2,2,64.17,30.17,-0.3333,-0.4456,0,1,5,1,0.0936,1,0,Inactive,1
PW003503,2026-07-06,US,Mobile,983,Medium,13,0,0,1,1,46.03,48.69,-1.0,-0.3162,0,0,0,1,0.0793,0,2,Active,0
PW004429,2026-07-06,CR,Mobile,1965,Medium,7,1,2,6,2,75.83,37.47,0.0,0.0147,0,1,4,3,0.7168,1,0,Inactive,1
PW019729,2026-03-02,CR,Mobile,387,Low,6,0,1,1,1,18.84,20.77,0.0,-0.042,0,0,5,1,0.2386,0,2,Active,1
PW006298,2026-06-01,US,Mobile,1061,Low,73,0,2,4,2,149.86,60.06,0.0,-0.1902,0,0,0,1,0.0003,1,0,Inactive,1
PW014848,2026-06-01,CR,Mobile,629,Medium,13,0,2,2,2,95.08,48.21,0.0,-0.1011,1,0,0,3,0.499,1,0,Inactive,0
PW001589,2026-03-02,US,Mobile,1849,Low,6,1,2,4,2,128.2,64.91,0.0,-0.0743,1,1,10,1,0.8161,0,1,Active,0
PW010539,2026-05-04,US,Mobile,1051,Medium,12,0,3,6,3,136.01,38.85,0.5,-0.1061,0,0,8,1,0.779,0,6,Active,0
PW003537,2026-06-01,MX,Mobile,1162,Low,22,0,1,2,1,86.99,78.93,0.0,-0.1624,1,0,5,1,0.0425,0,3,Active,0
PW000007,2026-03-02,BR,Mobile,1690,Low,11,0,0,4,1,31.45,33.96,-1.0,0.2184,0,0,1,2,0.4342,0,2,Active,0
PW006000,2026-03-02,US,Desktop,573,Medium,24,0,2,3,2,73.36,47.69,0.0,-0.2656,0,0,0,2,0.0377,0,2,Active,1
PW009082,2026-05-04,MX,Mobile,1323,Medium,8,2,3,5,1,396.96,153.95,0.0,0.1004,0,0,2,1,0.2637,0,2,Active,0
PW006572,2026-02-02,US,Mobile,191,Medium,13,0,1,5,1,99.15,81.54,0.0,,0,0,9,2,0.516,0,2,Active,0
PW017066,2026-01-05,CR,Mobile,568,Medium,8,2,4,9,4,144.42,47.48,-0.2,0.1126,1,0,7,3,0.8026,0,2,Active,0
PW015455,2026-01-05,US,Mobile,1190,Medium,16,0,5,9,5,376.13,88.1,0.25,0.0289,1,1,4,1,0.2598,0,3,Active,0
PW022705,2026-04-06,US,Mobile,1131,Medium,9,1,8,10,8,531.45,75.23,0.1429,-0.039,0,0,12,1,0.9307,0,4,Active,0
PW025206,2026-04-06,MX,Desktop,1875,Low,13,0,1,5,1,84.31,78.34,0.0,-0.0778,0,1,1,1,0.0961,0,1,Active,0
PW016600,2026-02-02,US,Mobile,208,Medium,9,5,9,12,8,201.04,21.98,0.125,0.2245,1,1,9,2,0.854,0,4,Active,0
PW005595,2026-04-06,MX,Mobile,223,Medium,21,0,2,6,2,129.78,54.08,0.0,-0.017,2,0,9,1,0.5497,0,1,Active,0
PW001823,2026-08-03,US,Desktop,780,Low,2,0,0,1,1,60.75,44.52,-1.0,-0.008,0,0,3,1,0.168,0,2,Active,0
PW002914,2026-03-02,CR,Mobile,258,High,2,2,10,11,8,922.61,84.06,0.1111,0.1301,0,0,10,3,0.6844,0,2,Active,0
PW011543,2026-02-02,CR,Mobile,1462,Medium,4,0,0,6,1,23.11,28.53,-1.0,0.1946,0,1,6,2,0.7037,0,3,Active,1
PW027069,2026-06-01,MX,Desktop,1043,High,9,1,3,9,3,361.99,132.32,0.0,-0.5057,2,1,4,3,0.3374,0,3,Active,0
PW019778,2026-03-02,US,Desktop,1705,Low,1,0,4,6,3,74.74,19.36,0.3333,0.042,1,0,8,3,0.914,0,6,Active,1
PW023904,2026-01-05,CR,Mobile,1581,Medium,10,0,2,3,2,270.7,97.48,0.0,0.2993,0,0,7,2,0.8623,0,2,Active,0
PW016555,2026-07-06,US,Mobile,788,Medium,31,1,1,3,1,125.87,90.71,-0.5,-0.1905,0,0,0,1,0.0117,1,0,Inactive,1
PW005343,2026-03-02,US,Desktop,1002,Medium,45,0,0,5,1,60.11,69.04,-1.0,-0.2877,0,0,9,3,0.0191,1,0,Inactive,0
PW016310,2026-05-04,US,Mobile,893,Medium,10,1,2,5,2,110.24,52.52,0.0,0.2652,0,0,1,2,,1,0,Inactive,0
PW015484,2026-01-05,US,Mobile,294,Low,5,0,0,2,1,40.56,49.49,-1.0,-0.4448,0,0,5,2,0.5782,0,2,Active,0
PW020865,2026-03-02,BR,Desktop,1556,Low,13,0,0,3,1,40.49,28.92,-1.0,-0.487,0,1,1,2,0.1948,0,1,Active,0
PW029873,2026-03-02,US,Desktop,159,Low,18,0,1,3,1,33.94,37.03,0.0,-0.0984,0,0,0,3,0.0306,0,2,Active,0
PW017932,2026-07-06,BR,Mobile,1778,Medium,9,0,1,6,1,32.56,35.62,0.0,-0.0915,1,0,5,3,0.3707,1,0,Inactive,1
PW017680,2026-03-02,US,Mobile,1076,Medium,42,0,0,2,1,53.08,47.98,-1.0,-0.4905,1,1,0,1,0.0003,1,0,Inactive,1
PW027820,2026-04-06,MX,Mobile,1876,Low,4,0,1,5,1,32.36,30.55,0.0,0.2551,1,0,10,2,0.7602,0,1,Active,0
PW004274,2026-03-02,BR,Desktop,413,Medium,11,0,3,5,1,85.3,27.47,0.0,0.1158,0,0,2,1,0.4126,0,3,Active,1
PW009874,2026-05-04,US,Mobile,1451,Medium,46,2,4,6,1,168.35,43.28,-0.2,0.2221,1,1,5,3,0.0662,1,0,Inactive,1
PW016309,2026-02-02,MX,Mobile,234,Medium,7,0,6,7,6,292.95,49.7,-0.25,0.1322,0,0,5,3,0.7068,0,2,Active,0
PW009849,2026-01-05,BR,Mobile,329,Medium,5,0,1,4,1,63.03,60.97,0.0,-0.1457,0,0,2,2,0.4967,0,3,Active,0
PW010913,2026-01-05,MX,Desktop,971,Low,21,0,0,2,1,37.34,32.69,-1.0,0.0455,0,0,8,2,0.2238,1,0,Inactive,0
PW014219,2026-01-05,BR,Mobile,474,Medium,9,1,4,5,4,250.33,65.51,0.0,-0.088,0,0,8,2,0.9406,0,4,Active,0
PW027408,2026-08-03,US,Mobile,1026,Low,11,1,2,2,2,77.64,29.1,0.0,0.063,0,0,4,1,,0,3,Active,0
PW025116,2026-08-03,US,Desktop,1505,High,26,0,3,6,3,308.51,85.44,-0.4,-0.3172,1,0,3,2,0.1637,1,0,Inactive,1
PW002844,2026-08-03,BR,Mobile,1365,Low,5,0,1,3,1,79.46,62.05,0.0,-0.1925,1,0,4,3,0.4894,0,5,Active,0
PW014091,2026-07-06,BR,Mobile,265,Medium,17,0,0,4,1,49.9,,-1.0,-0.144,3,1,1,1,0.0421,0,1,Active,0
PW019432,2026-05-04,MX,Desktop,798,Medium,39,1,3,6,3,101.68,39.13,-0.25,-0.4087,0,0,6,1,0.0101,1,0,Inactive,1
PW000536,2026-07-06,US,Mobile,1645,Medium,0,0,1,1,1,59.05,50.75,0.0,-0.099,0,0,4,1,0.2814,0,1,Active,0
PW013612,2026-05-04,US,Mobile,298,Medium,16,2,7,8,7,180.03,31.97,0.1667,-0.105,1,0,4,3,0.2633,0,2,Active,0
PW012007,2026-04-06,BR,Desktop,1179,Medium,6,0,1,2,1,45.67,42.07,0.0,-0.0791,1,1,0,1,0.165,0,1,Active,0
PW028053,2026-07-06,US,Mobile,357,Low,21,0,0,1,1,37.29,43.97,-1.0,-0.0259,1,0,2,1,0.1186,1,0,Inactive,0
PW009408,2026-08-03,US,Mobile,801,Low,7,0,2,5,2,185.62,77.73,0.0,-0.1385,0,0,6,2,0.7074,0,5,Active,0
PW025394,2026-04-06,BR,Mobile,859,High,3,1,6,11,5,329.67,58.16,0.2,-0.0764,0,0,10,3,0.8702,0,7,Active,0
PW028331,2026-02-02,MX,Desktop,1311,Medium,4,1,4,8,3,150.26,47.83,0.3333,0.361,1,0,11,2,,0,3,Active,0
PW011468,2026-08-03,BR,Mobile,711,Low,7,0,0,1,1,52.4,54.18,-1.0,-0.367,0,0,0,1,0.1248,1,0,Inactive,1
PW020909,2026-06-01,US,Mobile,1684,Medium,33,0,0,4,1,49.54,47.18,-1.0,-0.0226,0,3,1,1,0.0172,1,0,Inactive,1
PW000181,2026-01-05,MX,Mobile,1562,High,31,1,8,10,6,403.54,49.56,-0.2727,0.2932,2,0,3,4,0.0605,1,0,Inactive,1
PW009219,2026-01-05,US,Mobile,1313,Low,35,1,5,6,5,140.9,23.83,-0.2857,0.3439,1,0,13,1,0.2453,0,3,Active,0
PW022823,2026-07-06,US,Mobile,744,High,5,4,13,13,12,861.17,60.84,0.3,0.0626,0,2,21,3,0.9978,0,7,Active,0
PW026706,2026-07-06,US,Desktop,528,Medium,12,0,2,9,2,297.71,181.25,0.0,-0.1367,2,0,2,2,0.3839,0,6,Active,0
PW003171,2026-02-02,US,Desktop,804,Low,58,0,0,4,1,31.73,30.9,-1.0,-0.2148,0,0,1,1,0.0053,0,4,Active,1
PW017996,2026-04-06,US,Mobile,742,Low,1,1,2,9,1,39.95,17.85,0.0,-0.06,0,1,7,1,0.7541,0,4,Active,0
PW023599,2026-05-04,US,Mobile,1188,Low,5,0,0,1,1,48.24,48.53,-1.0,-0.4137,0,0,0,1,0.034,0,1,Active,0
PW024297,2026-07-06,US,Mobile,1756,Medium,31,0,2,5,2,232.62,86.65,-0.5,0.028,0,0,0,2,0.0076,1,0,Inactive,1
PW019183,2026-07-06,US,Desktop,764,Medium,15,2,5,10,3,253.1,53.34,0.25,-0.165,2,0,11,1,0.9143,0,2,Active,0
PW018988,2026-06-01,MX,Desktop,899,Medium,16,2,5,9,4,356.38,55.72,0.25,0.2156,0,1,6,2,0.5405,0,3,Active,0
PW009346,2026-02-02,MX,Desktop,1540,Low,58,0,0,2,1,43.13,35.51,-1.0,-0.614,0,0,6,1,0.0019,1,0,Inactive,1
PW019084,2026-06-01,US,Mobile,462,Low,4,0,1,4,1,56.55,51.12,0.0,-0.1039,1,0,5,1,0.4987,0,2,Active,0
PW004119,2026-05-04,US,Mobile,842,Medium,19,0,1,7,1,192.73,211.06,0.0,-0.1831,1,0,0,1,,0,1,Active,0
PW001677,2026-04-06,US,Mobile,1734,Medium,6,0,4,9,4,146.39,44.65,-0.2,0.1104,1,0,5,2,0.5667,0,3,Active,0
PW013452,2026-08-03,MX,Mobile,1230,Medium,20,0,0,1,1,21.63,30.98,-1.0,0.059,2,0,0,1,,1,0,Inactive,1
PW027473,2026-08-03,MX,Mobile,816,Medium,10,1,2,2,1,98.81,59.33,-0.3333,-0.1015,0,0,2,1,0.2033,0,3,Active,1
PW025883,2026-01-05,US,Mobile,452,Medium,6,1,2,2,2,271.09,129.58,0.0,-0.3963,0,0,0,2,0.3311,0,1,Active,0
PW026964,2026-05-04,BR,Mobile,1463,Medium,13,1,2,4,2,185.52,93.5,0.0,-0.3249,0,0,0,2,0.1475,0,6,Active,0
PW017426,2026-08-03,US,Mobile,392,Low,21,1,1,5,1,172.65,116.31,0.0,0.1607,0,0,3,1,0.219,0,3,Active,0
PW019165,2026-01-05,MX,Mobile,1307,Medium,13,0,0,4,1,49.03,62.75,-1.0,-0.3496,0,0,0,1,0.0874,0,1,Active,0
PW011613,2026-05-04,CR,Desktop,1254,Medium,49,1,1,2,1,76.6,74.22,0.0,0.0767,1,0,3,1,0.0073,1,0,Inactive,1
PW023541,2026-01-05,BR,Mobile,552,Medium,5,0,2,4,1,47.71,24.2,0.0,-0.1561,1,0,3,2,0.3811,0,3,Active,0
PW019785,2026-01-05,BR,Desktop,693,Low,1,0,5,6,5,212.35,58.32,0.0,-0.2173,1,0,10,2,0.8287,0,2,Active,0
PW009062,2026-06-01,BR,Mobile,1435,Medium,7,1,2,5,2,72.35,43.03,0.0,-0.1896,1,1,1,1,0.2535,0,1,Active,0
PW029959,2026-07-06,MX,Mobile,489,Low,28,0,1,1,1,37.78,40.98,0.0,-0.0445,1,1,1,2,0.03,0,4,Active,0
PW004062,2026-05-04,MX,Mobile,1020,Low,18,0,1,1,1,36.28,33.34,0.0,-0.1438,1,1,2,2,0.0412,0,1,Active,0
PW000006,2026-01-05,US,Mobile,385,High,3,1,4,8,4,832.35,152.89,-0.2,-0.2669,0,0,7,3,0.7629,0,2,Active,0
PW025288,2026-05-04,US,Mobile,326,Low,2,0,2,4,2,85.15,61.4,0.0,-0.5514,1,0,6,2,0.7701,0,2,Active,0
PW013998,2026-03-02,BR,Mobile,1324,Medium,2,0,4,7,3,789.68,157.63,1.0,,0,0,9,2,0.9338,0,6,Active,0
PW016564,2026-06-01,US,Mobile,1647,Low,17,0,1,2,1,20.24,23.81,0.0,-0.146,1,0,0,1,0.0473,0,3,Active,0
PW022618,2026-05-04,MX,Desktop,473,Low,8,0,2,3,1,125.63,60.77,-0.5,-0.063,2,0,2,2,0.0843,0,3,Active,0
PW008184,2026-08-03,US,Mobile,1066,Medium,0,2,6,8,5,220.4,,-0.1429,-0.2071,1,0,8,2,0.7681,0,5,Active,0
PW013823,2026-03-02,CR,Mobile,1273,Low,30,0,0,3,1,82.89,85.65,-1.0,-0.154,1,0,4,1,0.0414,1,0,Inactive,1
PW023373,2026-06-01,CR,Desktop,650,Medium,18,1,3,6,2,89.68,39.59,-0.5,-0.2109,1,0,8,1,0.0861,0,2,Active,0
PW024478,2026-02-02,BR,Mobile,1496,Medium,12,2,2,3,2,108.6,55.93,-0.3333,0.0403,2,0,5,2,0.3475,0,1,Active,0
PW015301,2026-01-05,MX,Mobile,656,Medium,2,0,0,2,1,83.67,74.66,-1.0,-0.3821,0,0,0,1,0.0369,0,1,Active,0
PW022941,2026-03-02,US,Desktop,489,Medium,12,0,0,1,1,176.36,164.23,-1.0,-0.329,0,0,0,1,0.0466,0,1,Active,0
PW011042,2026-02-02,MX,Mobile,660,Low,9,0,3,8,3,84.08,24.65,0.5,-0.0964,1,0,8,2,0.8133,0,3,Active,1
PW005733,2026-03-02,US,Desktop,1282,Medium,8,0,2,4,1,98.77,43.06,-0.3333,-0.3533,1,2,3,2,0.1914,0,1,Active,0
PW019964,2026-03-02,US,Mobile,1840,Low,15,0,0,1,1,37.5,40.91,-1.0,-0.5187,0,0,0,1,0.3035,0,1,Active,0
PW002596,2026-04-06,US,Mobile,584,Low,15,0,2,2,2,99.46,51.87,0.0,-0.006,0,0,8,1,0.4117,0,3,Active,0
PW018983,2026-08-03,US,Desktop,966,Low,63,0,0,1,1,76.08,73.57,-1.0,-0.4718,1,0,0,1,0.0003,1,0,Inactive,1
PW008913,2026-07-06,US,Mobile,266,Low,14,0,1,1,1,38.35,41.21,0.0,-0.1273,1,0,1,1,0.0609,0,2,Active,0
PW029691,2026-05-04,MX,Mobile,1718,Low,2,0,1,8,1,36.12,36.09,0.0,0.0042,0,0,7,2,0.8466,0,1,Active,0
PW019760,2026-05-04,US,Mobile,317,Low,0,0,1,4,1,25.38,28.78,-0.5,-0.4158,2,1,5,1,0.2581,1,0,Inactive,1
PW001146,2026-05-04,US,Mobile,1827,Low,6,0,1,2,1,29.46,28.21,-0.5,-0.5032,0,1,1,1,0.1316,1,0,Inactive,1
PW015685,2026-01-05,US,Mobile,428,Medium,21,0,1,2,1,43.68,41.74,-0.5,-0.2263,1,0,4,1,0.0765,0,1,Active,1
PW002032,2026-07-06,US,Mobile,1357,High,2,1,4,8,4,465.93,110.16,0.3333,0.1454,2,0,10,4,0.9771,1,0,Inactive,1
PW005731,2026-05-04,US,Mobile,1237,Medium,33,0,1,3,1,64.81,67.98,-0.5,-0.0244,1,0,0,2,0.0037,1,0,Inactive,1
PW024466,2026-05-04,US,Mobile,909,Medium,19,1,3,7,1,97.9,32.03,0.0,,2,1,3,3,0.2957,1,0,Inactive,1
PW014540,2026-07-06,US,Mobile,1088,Medium,35,0,0,3,1,52.15,,-1.0,-0.2107,1,0,0,1,0.0208,1,0,Inactive,1
PW017502,2026-02-02,BR,Mobile,157,Low,48,0,2,3,2,73.01,33.85,-0.3333,-0.042,2,0,4,2,0.0021,1,0,Inactive,1
PW003240,2026-07-06,CR,Mobile,1765,Medium,19,0,0,5,1,51.06,49.56,-1.0,0.0004,0,0,6,2,0.2384,0,1,Active,0
PW010821,2026-08-03,MX,Mobile,1102,Medium,4,0,0,1,1,61.86,78.82,-1.0,-0.0502,0,0,5,2,0.245,0,3,Active,0
PW023386,2026-03-02,MX,Desktop,1745,Medium,6,0,6,10,5,241.31,42.72,0.2,-0.1474,2,0,9,1,0.4881,0,4,Active,0
PW010352,2026-04-06,US,Desktop,1066,Low,36,0,3,8,3,139.42,31.84,0.0,0.0788,1,1,6,1,0.1061,1,0,Inactive,1
PW014196,2026-02-02,US,Mobile,1579,High,6,6,11,15,7,692.1,63.68,0.375,0.3968,2,0,11,2,0.8705,0,5,Active,0
PW012306,2026-06-01,US,Desktop,1236,Medium,8,0,0,5,1,125.27,125.79,-1.0,0.2044,0,0,8,1,0.4985,0,1,Active,0
PW022744,2026-02-02,US,Mobile,820,High,4,13,21,25,16,3997.79,193.85,0.4,0.4894,3,1,16,5,0.9979,0,12,Active,0
PW023475,2026-06-01,BR,Mobile,1208,High,26,1,3,5,3,382.14,100.72,0.0,-0.0335,0,0,6,2,0.4645,0,2,Active,0
PW000305,2026-07-06,US,Desktop,1196,Low,30,0,0,2,1,19.98,21.36,-1.0,0.0214,0,0,2,1,0.0516,0,1,Active,0
PW025306,2026-06-01,US,Desktop,582,Low,8,0,0,2,1,40.29,38.11,-1.0,-0.1471,0,0,1,1,,0,1,Active,0
PW028611,2026-03-02,BR,Mobile,164,High,18,0,3,8,2,222.97,96.63,-0.4,-0.0377,1,0,0,1,0.0868,0,4,Active,0
PW026406,2026-02-02,US,Desktop,886,Low,5,0,2,4,1,58.91,26.15,-0.3333,-0.0565,0,0,2,2,0.3671,0,2,Active,0
PW025963,2026-05-04,US,Desktop,1599,Medium,5,0,1,8,1,146.03,116.97,0.0,0.1786,0,0,8,4,0.8036,0,1,Active,0
PW013573,2026-06-01,BR,Mobile,1416,Low,15,0,1,4,1,56.17,54.26,0.0,0.2918,1,1,4,2,0.4205,0,2,Active,0
PW020021,2026-02-02,BR,Mobile,558,Medium,4,2,6,10,3,292.29,44.86,0.0,0.3748,2,1,10,2,0.9249,0,9,Active,0
PW007845,2026-02-02,BR,Mobile,1348,Medium,12,0,4,4,4,265.38,71.51,0.0,0.1473,0,0,1,1,0.1517,0,3,Active,0
PW029809,2026-04-06,US,Mobile,428,Medium,33,0,1,5,1,100.95,102.6,0.0,0.1479,0,0,7,2,0.0442,0,4,Active,0
PW025512,2026-06-01,BR,Mobile,604,Medium,1,0,0,2,1,62.03,63.06,-1.0,0.0144,0,0,8,2,0.7724,0,3,Active,0
PW019060,2026-03-02,MX,Desktop,1341,High,11,1,2,5,1,168.42,72.19,-0.6667,-0.0036,0,0,0,1,0.1548,0,1,Active,0
PW024340,2026-02-02,BR,Mobile,131,Medium,5,0,1,3,1,145.81,121.13,-0.5,0.0218,0,0,6,1,0.2137,0,4,Active,1
PW001860,2026-05-04,MX,Mobile,844,Low,17,0,1,2,1,34.91,30.02,0.0,0.0564,0,1,0,2,0.1596,0,1,Active,0
PW006173,2026-07-06,CR,Desktop,1661,Low,14,1,2,2,2,61.41,36.02,0.0,-0.1499,2,1,10,1,0.3713,1,0,Inactive,1
PW027266,2026-08-03,US,Mobile,477,Low,12,0,-1,2,1,49.51,53.07,0.0,-0.1107,0,0,6,2,0.3928,0,2,Active,0
PW022896,2026-01-05,US,Mobile,169,Medium,15,1,5,9,4,153.88,28.64,-0.2857,-0.1397,1,0,4,1,0.0821,0,3,Active,0
PW009569,2026-08-03,MX,Desktop,495,Medium,15,0,0,3,1,24.47,19.03,-1.0,-0.018,0,0,0,3,0.1849,1,0,Inactive,1
PW027359,2026-01-05,CR,Mobile,552,Low,6,1,2,3,2,187.27,88.36,0.0,0.5375,0,0,8,2,0.8,0,3,Active,0
PW017339,2026-07-06,US,Desktop,1130,Medium,11,1,2,5,1,117.13,73.23,0.0,-0.365,2,0,0,2,0.1249,0,1,Active,0
PW024902,2026-03-02,MX,Mobile,1577,Low,8,0,2,5,2,69.71,51.7,0.0,-0.3534,0,0,14,2,0.9544,0,1,Active,0
PW012198,2026-02-02,CR,Mobile,1573,Low,0,0,1,5,1,18.18,20.94,0.0,-0.1012,0,0,2,2,0.4114,0,1,Active,0
PW007482,2026-07-06,US,Desktop,1129,Low,13,0,0,4,1,135.44,105.15,-1.0,-0.0197,0,0,4,2,0.2035,0,2,Active,0
PW000851,2026-01-05,BR,Desktop,648,Medium,0,0,3,9,3,250.15,77.87,0.0,0.1175,0,0,5,1,0.6484,0,2,Active,0
PW018284,2026-01-05,CR,Mobile,1411,High,19,3,4,12,4,447.51,139.95,-0.2,,0,0,6,2,0.1437,0,2,Active,0
PW020318,2026-02-02,US,Mobile,851,Low,5,1,2,5,2,68.32,28.6,0.0,0.0019,0,0,10,1,0.8682,0,7,Active,0
PW014764,2026-06-01,US,Mobile,1437,Medium,22,0,1,3,1,28.39,31.29,-0.5,0.0252,1,1,4,1,0.111,0,3,Active,0
PW001902,2026-01-05,MX,Mobile,291,Medium,9,3,9,10,8,383.34,50.36,-0.1818,-0.0477,1,0,8,2,0.8013,0,2,Active,0
PW026435,2026-07-06,CR,Mobile,760,Low,13,0,2,3,1,70.1,48.19,1.0,-0.3653,2,2,5,2,0.4606,1,0,Inactive,1
PW001981,2026-02-02,BR,Mobile,1432,Low,11,1,2,6,2,59.56,29.96,0.0,0.0268,0,0,12,2,0.9251,0,3,Active,0
PW020301,2026-07-06,BR,Desktop,777,Medium,18,2,4,7,3,122.09,24.12,0.0,-0.0824,1,0,3,1,,1,0,Inactive,1
PW016995,2026-02-02,BR,Mobile,1274,Medium,22,2,3,14,3,176.98,51.86,0.0,-0.0158,0,0,17,3,0.614,0,4,Active,0
PW029300,2026-01-05,CR,Desktop,497,Low,10,1,1,4,1,41.98,33.32,0.0,0.1313,0,0,1,1,0.3422,0,1,Active,0
PW028831,2026-05-04,US,Mobile,678,High,4,1,5,10,2,452.92,84.21,0.25,0.0003,3,0,5,3,0.8607,0,4,Active,0
PW029796,2026-02-02,CR,Mobile,817,Medium,4,1,2,5,2,252.88,91.14,-0.3333,0.2501,0,0,6,2,0.7064,0,4,Active,1
PW007294,2026-03-02,BR,Mobile,531,Medium,18,0,1,5,1,104.31,87.22,0.0,0.1516,2,0,0,2,0.1538,1,0,Inactive,1
PW002467,2026-02-02,CR,Mobile,446,Medium,22,0,2,6,1,122.53,62.72,0.0,-0.2393,0,1,4,3,0.0215,0,8,Active,0
PW006686,2026-07-06,US,Desktop,1806,Low,55,0,0,1,1,71.41,62.9,-1.0,0.0376,2,0,1,1,0.0005,1,0,Inactive,0
PW009922,2026-08-03,BR,Desktop,1116,Low,5,0,1,3,1,50.99,63.0,0.0,-0.4661,0,0,0,2,0.1258,1,0,Inactive,1
PW001697,2026-06-01,CR,Desktop,1670,Medium,17,0,0,3,1,28.88,29.43,-1.0,-0.2863,1,0,0,1,0.0276,1,0,Inactive,1
PW017582,2026-02-02,US,Mobile,1742,Medium,13,0,1,7,1,128.31,140.31,0.0,-0.4169,1,0,7,2,0.5214,0,6,Active,0
PW010667,2026-04-06,US,Desktop,1793,Medium,4,1,1,6,1,68.63,69.15,0.0,0.5886,0,1,10,1,0.933,0,3,Active,0
PW016845,2026-01-05,BR,Mobile,1279,Medium,8,0,2,6,1,135.65,72.77,0.0,0.0067,0,0,5,1,0.336,0,2,Active,0
PW022967,2026-07-06,US,Mobile,1013,Low,37,0,0,3,1,28.84,30.17,-1.0,-0.3082,0,1,0,1,0.0084,1,0,Inactive,1
PW013955,2026-08-03,US,Desktop,1574,High,12,1,5,8,5,621.26,126.12,0.25,0.1844,2,0,4,2,0.5197,0,4,Active,0
PW019343,2026-05-04,CR,Mobile,1792,Medium,8,2,5,10,4,428.86,57.83,0.25,0.0568,0,0,6,2,0.4963,0,3,Active,0
PW020538,2026-03-02,BR,Mobile,266,Medium,23,1,2,7,2,257.27,134.97,0.0,0.2052,1,0,3,2,0.405,0,1,Active,1
PW003834,2026-02-02,BR,Mobile,926,Medium,13,0,0,3,1,47.3,54.09,-1.0,-0.6418,1,1,4,1,0.1346,0,1,Active,0
PW005995,2026-05-04,BR,Mobile,1795,Low,12,1,3,6,2,171.98,54.4,0.0,0.3412,0,0,5,2,0.6734,0,3,Active,0
PW012123,2026-02-02,US,Desktop,988,Low,24,0,1,2,1,76.88,76.97,0.0,0.1376,2,1,4,1,0.1755,0,2,Active,0
PW001594,2026-03-02,US,Desktop,491,Low,8,0,1,1,1,9.94,13.44,0.0,-0.1182,0,0,7,1,0.4266,0,1,Active,0
PW020811,2026-03-02,US,Mobile,1167,Low,40,0,0,1,1,35.82,40.55,-1.0,-0.1593,0,1,3,1,0.0023,1,0,Inactive,1
PW021883,2026-06-01,US,Desktop,1302,Medium,16,0,1,4,1,37.21,36.26,0.0,-0.3822,0,0,2,1,,0,2,Active,0
PW022419,2026-08-03,US,Desktop,1737,High,14,0,4,5,4,490.45,87.36,-0.3333,-0.3592,0,0,8,2,0.1776,0,2,Active,1
PW010362,2026-07-06,US,Desktop,1303,Low,13,0,1,1,1,52.6,46.79,0.0,-0.1148,0,0,3,1,0.3645,0,2,Active,0
PW027937,2026-02-02,US,Mobile,1483,Medium,16,1,5,5,4,264.89,48.06,0.0,0.4437,0,0,5,4,0.8079,0,1,Active,0
PW004392,2026-04-06,MX,Desktop,650,Low,1,1,3,5,3,56.05,11.96,0.0,-0.0874,0,0,12,2,0.987,0,6,Active,0
PW029464,2026-06-01,US,Mobile,1685,Medium,30,1,4,6,3,134.26,43.18,0.0,-0.093,1,0,5,2,0.0996,1,0,Inactive,1
PW000745,2026-02-02,CR,Desktop,1726,Medium,8,0,3,6,3,207.28,82.69,0.0,0.0809,1,1,1,2,0.3058,0,4,Active,0
PW013409,2026-07-06,US,Mobile,1342,Medium,1,2,8,12,5,99.38,14.59,0.3333,0.0927,0,1,9,3,0.9502,0,6,Active,0
PW013101,2026-06-01,MX,Mobile,1812,Low,1,0,2,7,1,72.29,40.91,0.0,0.3359,1,1,3,2,0.6685,0,4,Active,0
PW029070,2026-06-01,BR,Mobile,975,Medium,22,0,0,1,1,155.67,133.9,-1.0,-0.0785,2,1,8,1,0.0301,1,0,Inactive,1
PW000172,2026-05-04,US,Mobile,1669,Low,8,0,0,6,1,24.39,18.9,-1.0,0.1789,0,1,8,3,0.5755,1,0,Inactive,0
PW010125,2026-03-02,BR,Mobile,795,High,4,4,11,17,10,797.9,73.52,0.0,-0.0963,1,0,11,2,0.9607,0,6,Active,1
PW006362,2026-05-04,BR,Mobile,1375,Low,30,0,0,1,1,32.46,44.73,-1.0,-0.3719,0,0,0,1,0.0013,1,0,Inactive,1
PW028534,2026-02-02,MX,Mobile,1596,Low,8,0,3,4,2,61.79,19.28,0.0,0.2359,0,0,6,2,0.579,0,7,Active,0
PW026910,2026-03-02,US,Mobile,787,Medium,8,0,1,3,1,21.63,32.79,0.0,,0,0,3,2,0.1978,0,1,Active,0
PW017400,2026-07-06,MX,Mobile,539,Low,9,1,1,6,1,31.31,39.0,0.0,0.0297,0,1,2,2,0.2355,0,1,Active,0
PW006091,2026-03-02,US,Mobile,393,Low,20,1,3,6,3,199.6,52.1,0.0,0.017,0,1,7,2,0.2366,0,7,Active,0
PW019752,2026-05-04,CR,Mobile,720,Medium,5,1,4,6,4,320.83,67.72,0.0,0.1466,0,0,8,2,,0,1,Active,0
PW002649,2026-04-06,MX,Mobile,1541,Medium,6,0,0,1,1,49.63,39.03,-1.0,-0.1105,0,0,5,2,0.7111,0,2,Active,0
PW025855,2026-04-06,BR,Desktop,1762,Medium,28,0,1,2,1,32.88,38.74,-0.5,-0.0896,1,0,4,3,0.0546,1,0,Inactive,1
PW011620,2026-07-06,US,Desktop,1338,Medium,51,1,5,8,5,137.92,26.69,0.0,-0.1762,0,0,8,2,0.0183,1,0,Inactive,1
PW014139,2026-07-06,MX,Mobile,675,Medium,5,0,0,1,1,102.85,76.2,-1.0,-0.1256,0,0,0,2,0.0626,0,4,Active,0
PW013073,2026-05-04,BR,Mobile,1185,Low,14,0,1,3,1,24.03,27.45,0.0,-0.2234,0,1,8,2,0.6983,0,3,Active,0
PW027993,2026-07-06,MX,Mobile,1538,Low,19,0,1,3,1,84.73,72.97,0.0,-0.2704,0,0,2,1,0.0497,0,1,Active,0
PW018516,2026-06-01,MX,Desktop,1041,Medium,28,0,1,4,1,79.86,93.83,-0.5,-0.4072,0,0,0,1,0.0185,1,0,Inactive,0
PW019213,2026-05-04,US,Mobile,270,Medium,5,0,1,2,1,94.44,85.27,0.0,-0.0757,0,1,0,2,0.1868,0,3,Active,1
PW012881,2026-05-04,BR,Mobile,1538,Low,7,0,0,1,1,36.71,42.78,-1.0,-0.5129,0,0,0,1,0.1617,0,1,Active,0
PW015924,2026-04-06,BR,Mobile,192,Low,46,0,0,2,1,95.78,110.12,-1.0,-0.2428,0,0,0,1,0.0018,0,1,Active,0
PW016224,2026-06-01,US,Mobile,717,Medium,10,1,2,5,2,103.43,48.42,0.0,-0.3378,0,0,3,2,,0,2,Active,0
PW000534,2026-03-02,BR,Mobile,876,Medium,9,2,4,8,3,314.19,61.35,0.3333,0.05,2,0,7,3,0.8952,0,4,Active,0
PW022434,2026-08-03,MX,Mobile,1546,Medium,0,0,5,8,4,487.98,111.39,0.25,0.3186,1,0,14,2,0.9292,0,3,Active,0
PW026669,2026-03-02,CR,Mobile,1697,High,6,3,7,11,7,582.84,72.87,0.4,-0.2226,1,0,13,2,0.9394,0,3,Active,0
PW025348,2026-03-02,US,Mobile,1813,Medium,15,1,2,4,2,94.28,35.94,0.0,0.0615,0,0,8,2,0.6267,0,1,Active,0
PW013411,2026-08-03,US,Mobile,669,Low,24,0,0,4,1,63.04,62.74,-1.0,-0.1412,1,0,3,2,0.0458,1,0,Inactive,1
PW022303,2026-01-05,MX,Mobile,636,High,7,2,4,10,4,812.49,249.83,-0.3333,-0.0363,0,1,16,2,0.8099,0,2,Active,0
PW001272,2026-05-04,US,Mobile,1794,Medium,11,0,1,2,1,133.58,124.59,0.0,0.0816,0,0,7,2,0.6123,0,1,Active,0
PW002997,2026-08-03,BR,Desktop,1537,Low,18,0,1,1,1,71.09,79.8,0.0,-0.159,0,0,7,2,0.4059,1,0,Inactive,1
PW018016,2026-02-02,US,Desktop,297,Medium,15,2,3,5,3,125.1,44.36,-0.25,-0.5617,1,0,4,3,0.0607,0,2,Active,0
PW007667,2026-07-06,MX,Mobile,1053,Medium,28,0,1,7,1,85.77,54.94,0.0,0.179,0,0,3,1,0.0744,0,1,Active,0
PW007280,2026-03-02,BR,Mobile,863,High,35,0,4,5,3,870.47,178.17,0.0,-0.0949,0,0,4,1,0.0132,1,0,Inactive,1
PW017776,2026-05-04,CR,Mobile,1172,Low,6,1,3,3,2,81.16,30.88,0.0,0.1984,0,1,12,2,0.8362,0,4,Active,1
PW004249,2026-02-02,US,Mobile,242,Medium,9,2,4,9,3,500.33,127.31,-0.2,-0.1497,1,0,6,2,0.4655,0,1,Active,0
PW002084,2026-05-04,US,Desktop,1051,High,9,1,2,5,2,302.9,136.24,0.0,-0.0833,2,0,1,2,0.0919,1,0,Inactive,1
PW008689,2026-06-01,BR,Mobile,1032,Medium,79,0,0,1,1,57.96,59.14,-1.0,0.084,0,0,0,1,0.0001,0,1,Active,0
PW004073,2026-04-06,BR,Mobile,1443,High,15,3,5,12,5,349.94,79.96,0.25,0.0698,2,0,10,2,0.6303,0,3,Active,0
PW026066,2026-03-02,BR,Mobile,582,Medium,3,0,7,10,6,131.0,19.94,-0.2222,0.3477,1,1,11,3,0.9773,0,3,Active,0
PW026615,2026-03-02,CR,Mobile,1758,Medium,6,0,3,6,3,90.78,32.9,-0.25,-0.04,0,0,3,3,0.7703,0,1,Active,0
PW029922,2026-08-03,BR,Mobile,1125,Medium,2,0,3,7,2,133.64,33.64,-0.25,0.0327,2,2,0,3,0.1965,0,5,Active,0
PW020057,2026-05-04,BR,Mobile,1840,Low,19,0,1,4,1,69.44,72.96,0.0,-0.1404,0,0,0,1,0.054,0,3,Active,0
PW009308,2026-03-02,BR,Desktop,1787,Medium,33,0,0,2,1,58.39,50.06,-1.0,-0.1392,1,0,0,1,0.0152,1,0,Inactive,1
PW025539,2026-08-03,US,Mobile,688,Low,4,0,2,4,2,41.45,24.55,0.0,-0.3005,0,1,6,2,0.7585,0,2,Active,0
PW007377,2026-03-02,US,Mobile,871,Low,31,0,1,4,1,81.94,61.45,0.0,0.1733,0,0,4,2,0.0941,1,0,Inactive,1
PW004195,2026-01-05,MX,Mobile,289,Medium,10,1,3,7,1,146.14,51.89,-0.4,-0.0172,1,0,8,2,0.5755,1,0,Inactive,1
PW000702,2026-01-05,MX,Desktop,1489,Low,18,0,3,3,3,113.72,44.84,0.0,-0.0599,0,0,10,2,0.3819,0,1,Active,0
PW028081,2026-03-02,BR,Mobile,1709,Medium,12,1,1,4,1,87.73,108.07,0.0,0.0189,0,0,7,1,0.4536,0,4,Active,0
PW024878,2026-04-06,CR,Mobile,1553,Medium,10,0,2,7,2,327.36,140.87,0.0,0.1086,0,0,10,1,0.6868,0,2,Active,0
PW010059,2026-05-04,MX,Desktop,828,Medium,13,1,6,7,5,323.27,68.4,0.2,-0.3286,0,1,8,2,0.1935,0,3,Active,0
PW014472,2026-05-04,US,Mobile,1730,Medium,0,0,3,5,3,103.97,34.93,0.0,0.1899,0,0,5,1,0.9225,0,2,Active,0
PW029845,2026-07-06,MX,Mobile,720,Medium,8,0,2,7,2,99.4,53.11,0.0,-0.0687,1,0,4,3,0.5755,0,2,Active,0
PW014551,2026-07-06,BR,Mobile,789,Medium,44,0,1,5,1,77.65,67.19,0.0,-0.5532,0,1,0,3,0.0084,1,0,Inactive,1
PW013759,2026-02-02,CR,Mobile,249,Low,52,0,1,1,1,27.31,36.31,-0.5,-0.3441,1,1,0,2,0.001,1,0,Inactive,1
PW002187,2026-04-06,BR,Mobile,1359,Medium,6,0,2,5,2,132.53,69.7,0.0,-0.0205,0,0,7,2,0.8786,0,4,Active,0
PW021009,2026-05-04,MX,Desktop,1880,Medium,33,1,2,2,2,137.28,90.49,0.0,-0.3952,2,0,6,2,0.0939,1,0,Inactive,0
PW025109,2026-03-02,MX,Mobile,1589,High,10,1,1,11,1,105.6,133.92,0.0,0.1488,1,1,0,3,0.0568,0,4,Active,0
PW021159,2026-04-06,US,Mobile,346,Low,16,0,1,7,1,43.24,50.76,0.0,-0.3454,0,0,0,1,0.1071,1,0,Inactive,1
PW021950,2026-02-02,MX,Mobile,1583,High,6,4,7,9,6,605.94,82.14,0.4,0.1985,1,2,9,2,0.7283,0,2,Active,0
PW010082,2026-01-05,US,Mobile,146,High,1,4,8,12,7,831.24,115.71,0.3333,0.0145,0,0,12,4,0.9735,0,3,Active,0
PW024904,2026-03-02,US,Desktop,762,Medium,28,0,0,1,1,53.75,43.16,-1.0,-0.2835,1,1,4,1,0.054,0,1,Active,0
PW005089,2026-02-02,CR,Mobile,1417,Medium,22,0,2,2,2,144.63,63.43,-0.3333,-0.4155,0,0,5,1,0.1847,0,3,Active,0
PW006205,2026-04-06,BR,Mobile,413,High,13,2,2,4,2,134.83,65.34,-0.3333,-0.2381,0,0,1,2,0.1905,0,2,Active,0
PW026237,2026-07-06,US,Mobile,1552,Medium,11,0,0,3,1,44.89,56.74,-1.0,-0.2717,1,0,2,3,0.2951,0,1,Active,0
PW005565,2026-06-01,CR,Desktop,402,Low,20,1,2,2,2,195.98,93.3,0.0,-0.0221,0,0,0,1,0.0639,0,1,Active,1
PW007881,2026-05-04,CR,Mobile,1305,Medium,18,0,2,5,2,80.15,47.37,0.0,0.0907,2,0,5,1,0.289,1,0,Inactive,1
PW024298,2026-07-06,BR,Mobile,1880,Medium,33,0,2,3,2,103.05,40.33,0.0,-0.1553,0,0,0,1,0.0099,1,0,Inactive,1
PW015167,2026-06-01,US,Mobile,243,Low,68,0,0,1,1,86.27,94.13,-1.0,-0.5838,0,1,0,1,0.0001,1,0,Inactive,1
PW019098,2026-01-05,US,Mobile,211,High,6,0,9,15,7,722.39,57.3,0.0,-0.1148,1,2,10,3,0.8529,0,7,Active,0
PW026752,2026-03-02,MX,Mobile,903,Medium,2,0,0,8,1,172.27,158.8,-1.0,-0.1633,1,1,7,3,0.7842,0,2,Active,0
PW004555,2026-06-01,US,Mobile,1419,Low,14,0,1,2,1,65.01,70.99,0.0,-0.1392,0,0,4,2,0.3311,0,1,Active,0
PW006487,2026-06-01,US,Desktop,820,Medium,5,0,2,6,2,73.75,32.1,0.0,-0.1418,1,0,11,2,0.879,0,2,Active,0
PW014937,2026-02-02,US,Mobile,1569,Medium,6,0,0,2,1,23.26,26.29,-1.0,-0.2577,1,1,4,2,0.4793,0,1,Active,1
PW018813,2026-02-02,US,Desktop,1342,Low,36,0,0,2,1,11.87,15.78,-1.0,-0.164,0,0,6,1,0.0246,0,1,Active,0
PW020446,2026-04-06,BR,Mobile,1794,High,14,0,6,12,5,494.1,54.3,-0.1429,0.2535,2,1,4,2,0.3369,0,3,Active,0
PW006461,2026-04-06,BR,Mobile,1252,Low,9,0,0,1,1,37.63,48.01,-1.0,-0.2836,1,0,0,1,0.0588,1,0,Inactive,1
PW026212,2026-06-01,MX,Mobile,965,Medium,19,2,5,6,4,262.88,60.7,0.0,-0.1679,0,1,9,2,0.7015,0,2,Active,1
PW017093,2026-03-02,MX,Mobile,1250,Medium,13,0,2,5,2,130.66,66.53,0.0,0.177,0,0,6,2,0.3594,0,4,Active,0
PW019276,2026-05-04,US,Desktop,1356,High,1,3,9,13,5,647.62,77.61,-0.25,-0.5122,1,0,9,3,0.896,0,3,Active,0
PW013182,2026-06-01,BR,Mobile,884,Low,26,0,0,1,1,99.22,64.71,-1.0,-0.6113,0,0,0,1,0.0375,1,0,Inactive,1
PW029961,2026-08-03,MX,Desktop,316,Low,24,0,0,3,1,12.71,14.64,-1.0,-0.4113,1,0,0,1,0.0096,0,2,Active,0
PW014767,2026-04-06,US,Mobile,1515,Low,14,0,0,1,1,35.02,34.65,-1.0,-0.3554,0,0,1,1,,0,3,Active,0
PW018924,2026-02-02,BR,Desktop,148,Low,23,0,3,7,3,66.76,25.02,-0.25,-0.4492,0,0,5,2,0.1441,0,4,Active,1
PW029368,2026-08-03,US,Mobile,1107,Medium,2,0,4,8,4,283.86,63.68,0.0,0.0081,0,0,11,1,0.8519,0,6,Active,1
PW008523,2026-06-01,CR,Mobile,1636,Low,7,0,0,3,1,26.6,35.78,-1.0,-0.1393,1,0,5,2,0.5421,1,0,Inactive,1
PW008359,2026-07-06,MX,Desktop,704,Medium,6,2,3,5,2,206.41,70.52,0.5,0.1191,0,1,5,3,0.5197,0,2,Active,0
PW024517,2026-03-02,MX,Mobile,1813,Medium,23,0,2,4,2,299.08,166.47,-0.3333,-0.0289,1,0,7,2,0.1345,0,3,Active,0
PW009672,2026-06-01,MX,Desktop,701,Medium,21,0,1,4,1,143.76,164.53,0.0,-0.0268,0,0,4,2,0.2471,0,2,Active,0
PW009548,2026-04-06,US,Mobile,1738,Low,7,1,2,4,1,34.18,16.21,0.0,-0.0281,1,1,3,1,0.7225,1,0,Inactive,1
PW009545,2026-04-06,MX,Mobile,482,Low,18,0,0,2,1,55.21,41.62,-1.0,-0.2854,0,0,5,2,0.1225,0,1,Active,1
PW007399,2026-03-02,US,Mobile,834,Medium,6,0,1,4,1,26.75,21.06,0.0,-0.1962,0,0,0,1,0.054,0,2,Active,0
PW013118,2026-08-03,US,Mobile,1129,Medium,47,0,0,1,1,198.26,199.14,-1.0,-0.4654,0,0,2,1,0.0015,1,0,Inactive,1
PW004687,2026-04-06,US,Mobile,972,Medium,13,0,0,3,1,24.72,24.75,-1.0,-0.094,0,0,5,1,0.2565,0,1,Active,0
PW017042,2026-04-06,MX,Mobile,1618,Low,26,1,1,2,1,42.11,28.96,-0.5,0.2702,1,1,6,1,0.2735,0,1,Active,0
PW006583,2026-06-01,US,Mobile,1780,Medium,8,0,0,1,1,66.39,79.55,-1.0,0.115,1,1,5,2,0.4543,0,2,Active,0
PW018657,2026-08-03,BR,Mobile,1129,Low,13,0,2,4,2,82.89,55.5,0.0,0.1418,1,0,9,2,0.4765,0,2,Active,0
PW029724,2026-01-05,MX,Mobile,569,Low,11,0,1,1,1,21.59,24.95,0.0,0.0135,1,0,6,1,0.523,0,1,Active,0
PW022777,2026-01-05,US,Mobile,551,Medium,19,0,0,1,1,79.52,63.32,-1.0,-0.1485,0,1,0,1,0.0154,1,0,Inactive,1
PW028296,2026-05-04,US,Mobile,907,High,19,0,3,9,2,150.76,62.05,-0.25,0.3098,2,0,0,2,,0,4,Active,0
PW011155,2026-01-05,MX,Mobile,1289,Low,23,0,0,3,1,44.61,34.53,-1.0,-0.0047,0,0,8,1,0.2447,0,2,Active,0
PW011891,2026-06-01,BR,Mobile,1359,Medium,1,1,2,6,1,134.8,67.23,0.0,0.3012,0,1,7,1,0.9055,0,5,Active,0
PW024538,2026-07-06,US,Mobile,1833,Medium,53,0,1,1,1,141.14,126.49,-0.5,-0.0351,1,0,1,1,0.0035,1,0,Inactive,1
PW028795,2026-03-02,MX,Mobile,1076,Medium,40,0,0,1,1,52.28,70.41,-1.0,-0.2852,1,2,0,2,0.0055,0,2,Active,1
PW010972,2026-07-06,US,Mobile,824,Medium,16,0,2,5,2,217.3,77.71,0.0,-0.2164,2,0,0,2,0.0298,0,3,Active,0
PW022641,2026-05-04,US,Mobile,1799,Medium,19,0,0,2,1,89.26,102.62,-1.0,-0.2054,0,0,0,2,0.0714,0,2,Active,0
PW019429,2026-04-06,MX,Mobile,1241,Medium,6,0,2,3,2,77.98,79.47,-0.3333,0.2393,2,0,6,2,0.5869,0,4,Active,0
PW007844,2026-02-02,CR,Mobile,1517,Medium,23,1,2,5,1,263.43,116.77,0.0,0.2676,0,0,6,2,0.1668,0,2,Active,0
PW017551,2026-07-06,CR,Mobile,1026,Low,8,0,1,2,1,42.26,40.65,-0.5,0.1066,0,1,0,1,0.13,1,0,Inactive,1
PW029906,2026-08-03,MX,Desktop,1592,Medium,6,0,3,6,3,152.67,44.93,0.0,0.0594,0,0,4,1,0.4657,0,1,Active,0
PW017265,2026-03-02,US,Desktop,505,High,6,0,5,7,5,796.85,218.57,-0.2857,-0.1822,1,0,1,2,0.2283,0,6,Active,0
PW029391,2026-05-04,BR,Desktop,1518,Low,12,1,2,4,2,30.45,,0.0,,1,0,5,1,0.583,0,4,Active,0
PW029735,2026-06-01,BR,Desktop,779,Low,22,0,1,4,1,53.97,46.21,0.0,0.1095,1,0,4,3,0.0474,0,4,Active,1
PW005883,2026-04-06,US,Mobile,1506,Low,23,1,4,6,3,106.05,33.27,-0.2,-0.399,0,0,8,1,0.5981,0,2,Active,0
PW007446,2026-07-06,MX,Desktop,1013,Medium,6,1,4,4,2,154.17,38.7,-0.3333,-0.0167,0,0,4,2,,0,1,Active,0
PW006977,2026-02-02,US,Desktop,1339,Medium,21,1,3,5,2,266.72,62.76,-0.25,-0.4299,0,0,2,1,0.0451,0,1,Active,1
PW007136,2026-02-02,US,Mobile,586,Medium,6,0,0,2,1,109.3,79.93,-1.0,0.0008,0,0,3,1,0.0763,0,1,Active,0
PW011585,2026-08-03,CR,Mobile,1251,Medium,7,0,1,5,1,29.74,32.79,-0.5,0.1613,0,0,0,2,0.2018,0,3,Active,1
PW027988,2026-04-06,US,Mobile,1423,Medium,10,0,1,3,1,88.75,65.92,0.0,-0.3538,0,1,3,2,0.3033,0,1,Active,0
PW015344,2026-01-05,MX,Mobile,524,Low,31,0,1,1,1,32.51,30.01,0.0,-0.0332,0,0,2,1,0.0136,0,2,Active,1
PW016506,2026-06-01,BR,Desktop,1521,Medium,8,0,2,5,2,39.61,23.43,0.0,-0.1038,0,0,3,2,0.5324,0,3,Active,0
PW005720,2026-07-06,US,Mobile,1317,Medium,30,0,0,2,1,71.12,77.98,-1.0,-0.2029,0,1,0,2,0.0322,1,0,Inactive,1
PW007127,2026-08-03,US,Mobile,1582,Medium,11,1,5,9,4,185.29,36.46,0.6667,0.2437,2,0,8,2,0.9659,0,1,Active,0
PW007120,2026-07-06,US,Mobile,348,Low,38,1,2,2,2,51.42,38.94,-0.3333,,0,0,1,1,,1,0,Inactive,1
PW003678,2026-01-05,BR,Mobile,1697,Low,12,0,0,1,1,30.24,37.84,-1.0,-0.1228,0,0,3,2,0.5224,1,0,Inactive,1
PW019462,2026-01-05,BR,Mobile,1593,High,5,2,8,12,6,402.32,69.36,0.0,-0.0194,0,0,5,2,0.8011,0,3,Active,0
PW006495,2026-05-04,MX,Mobile,1329,Low,13,0,1,2,1,49.84,46.55,-0.5,-0.65,0,0,0,2,0.0589,0,1,Active,0
PW011986,2026-01-05,US,Mobile,1165,Low,10,0,1,4,1,31.96,28.69,0.0,-0.29,1,0,8,1,0.3738,0,2,Active,0
PW027961,2026-08-03,BR,Mobile,413,Medium,4,2,5,6,4,299.84,74.61,0.0,-0.1683,2,0,9,1,0.6748,1,0,Inactive,1
PW013093,2026-06-01,US,Mobile,694,Low,10,0,1,2,1,41.79,48.28,0.0,-0.0444,0,0,5,1,0.4269,0,2,Active,0
PW007494,2026-06-01,US,Mobile,336,Medium,27,1,4,4,3,196.08,43.37,-0.2,-0.2842,1,0,0,2,0.0132,0,2,Active,0
PW013577,2026-01-05,US,Mobile,1427,Low,38,0,0,2,1,64.89,51.92,-1.0,0.3104,0,1,5,1,0.0156,1,0,Inactive,0
PW015260,2026-02-02,US,Mobile,1520,Low,6,0,1,3,1,21.01,21.9,0.0,0.173,1,0,4,1,0.5031,0,1,Active,0
PW019311,2026-04-06,MX,Mobile,397,Medium,80,1,5,8,4,325.08,59.54,0.0,-0.1146,0,0,2,1,0.0004,1,0,Inactive,1
PW028644,2026-08-03,US,Mobile,490,Medium,10,0,1,2,1,72.05,60.77,0.0,-0.2955,1,0,7,2,0.3881,0,1,Active,0
PW022288,2026-02-02,BR,Mobile,1636,High,2,0,7,9,6,751.04,160.41,-0.125,0.0114,3,0,10,2,0.9205,0,6,Active,0
PW024466,2026-06-01,US,Mobile,937,Medium,9,1,2,6,1,445.53,,-0.3333,0.1519,1,0,3,1,0.4632,0,6,Active,0
PW003387,2026-08-03,US,Mobile,920,High,2,2,5,9,3,252.73,39.7,0.25,,3,2,10,2,0.9687,0,4,Active,0
PW012175,2026-03-02,MX,Mobile,1593,Medium,13,0,0,5,1,43.57,50.03,-1.0,0.1759,0,0,9,2,0.6866,1,0,Inactive,1
PW006694,2026-03-02,MX,Desktop,1160,Medium,58,0,0,3,1,69.33,51.71,-1.0,0.0277,0,0,6,2,0.0036,1,0,Inactive,1
PW012881,2026-01-05,BR,Mobile,1426,Low,65,0,0,2,1,83.4,70.8,-1.0,-0.3816,0,0,3,1,0.0004,1,0,Inactive,0
PW025136,2026-07-06,US,Mobile,-10,Medium,19,1,1,1,1,289.42,294.96,0.0,-0.0359,0,0,0,1,0.0292,0,2,Active,0
PW018443,2026-08-03,MX,Mobile,1222,Medium,37,0,1,2,1,34.14,29.5,0.0,0.0539,0,0,4,2,0.045,1,0,Inactive,1
PW012786,2026-05-04,BR,Mobile,537,Medium,28,0,1,5,1,154.42,174.11,-0.5,-0.3305,1,0,2,1,0.0293,1,0,Inactive,1
PW010026,2026-02-02,BR,Mobile,354,Medium,1,1,8,9,7,225.6,30.41,0.3333,0.15,1,0,12,2,0.9467,0,1,Active,0
PW018892,2026-05-04,BR,Mobile,1632,Medium,1,1,3,4,2,389.71,117.56,0.0,0.0283,1,1,8,2,0.8398,0,3,Active,0
PW006506,2026-04-06,MX,Mobile,641,Medium,34,0,2,4,2,60.29,29.78,-0.3333,,1,0,5,2,0.1341,1,0,Inactive,1
PW005481,2026-04-06,US,Mobile,1390,Medium,15,0,0,1,1,133.85,95.3,-1.0,-0.4523,0,0,4,2,0.1708,1,0,Inactive,1
PW014816,2026-03-02,BR,Mobile,1757,Medium,6,0,0,1,1,51.15,53.9,-1.0,-0.244,0,1,2,1,0.5227,1,0,Inactive,1
PW024204,2026-07-06,MX,Mobile,1321,Low,11,0,1,3,1,67.21,66.67,0.0,-0.2209,2,0,0,2,0.1426,1,0,Inactive,1
PW008209,2026-08-03,BR,Mobile,386,Medium,0,0,1,3,1,42.88,42.21,-0.5,-0.0918,0,1,4,2,0.2954,1,0,Inactive,0
PW022241,2026-03-02,US,Desktop,1487,Medium,8,0,0,1,1,82.63,64.76,-1.0,-0.1871,1,0,0,2,0.1864,0,3,Active,1
PW007867,2026-02-02,US,Mobile,365,Low,5,0,1,3,1,32.0,25.66,0.0,0.0528,0,0,4,1,0.6209,0,2,Active,0
PW015214,2026-06-01,MX,Desktop,414,Medium,12,2,4,6,4,90.61,24.4,0.3333,-0.1584,1,0,13,4,0.696,0,3,Active,0
PW000691,2026-08-03,MX,Mobile,1761,Medium,0,1,2,7,2,52.27,21.58,0.0,0.0336,0,1,9,2,0.904,0,3,Active,0
PW009115,2026-05-04,BR,Mobile,1539,Low,8,0,1,7,1,35.04,52.27,0.0,0.0424,0,0,0,1,0.5173,0,3,Active,0
PW020671,2026-05-04,MX,Desktop,1696,Medium,32,0,1,2,1,41.25,45.19,0.0,-0.2836,0,0,0,3,0.0085,0,1,Active,0
PW007191,2026-05-04,US,Desktop,1730,Medium,25,0,4,5,3,210.79,47.89,0.0,-0.1376,1,1,6,3,,1,0,Inactive,1
PW014746,2026-07-06,US,Mobile,855,High,8,0,2,4,1,245.7,86.68,-0.6667,-0.027,0,0,2,2,0.2123,0,1,Active,0
PW006596,2026-02-02,US,Mobile,219,High,11,0,4,10,4,630.45,202.99,-0.2,0.6261,2,1,8,3,,1,0,Inactive,1
PW020455,2026-07-06,CR,Mobile,1658,Medium,41,0,2,3,2,201.11,82.88,-0.3333,-0.2175,1,1,0,1,0.0045,1,0,Inactive,1
PW027286,2026-03-02,BR,Mobile,994,Low,22,1,3,3,3,130.75,38.9,-0.25,-0.4371,0,0,3,2,0.1119,0,3,Active,1
PW020317,2026-05-04,CR,Mobile,1015,Medium,8,0,1,3,1,52.83,61.02,-0.5,-0.1709,1,1,3,3,0.2892,0,2,Active,0
PW028702,2026-03-02,US,Desktop,394,Medium,4,0,3,6,3,282.58,,-0.25,-0.2132,3,1,5,2,0.2452,0,1,Active,0
PW021032,2026-06-01,US,Mobile,993,Medium,6,0,2,4,2,97.19,52.89,0.0,0.2073,0,0,1,2,0.1899,0,1,Active,0
PW029295,2026-06-01,MX,Desktop,470,Medium,2,1,5,14,2,269.87,44.5,0.25,,1,1,13,2,0.9862,0,7,Active,0
PW027069,2026-02-02,MX,Desktop,931,Medium,19,0,1,6,1,43.04,52.88,0.0,-0.415,0,1,7,1,0.1818,0,1,Active,0
PW006289,2026-07-06,US,Desktop,1029,Low,4,0,2,4,2,91.03,45.78,0.0,-0.4171,0,0,1,1,0.38,1,0,Inactive,1
PW028847,2026-03-02,BR,Mobile,1465,Low,43,0,0,3,1,33.15,29.77,-1.0,0.032,2,0,2,1,0.0027,1,0,Inactive,1
PW001968,2026-03-02,US,Desktop,1850,Low,50,0,0,2,1,42.44,39.07,-1.0,0.0203,0,0,7,2,0.056,1,0,Inactive,1
PW004010,2026-02-02,BR,Mobile,1021,Medium,5,2,3,6,2,219.52,89.12,0.0,-0.0425,1,0,9,2,0.9512,0,6,Active,0
PW014610,2026-06-01,US,Mobile,1935,Low,17,1,1,3,1,146.42,163.48,0.0,-0.3226,1,0,0,1,,0,1,Active,0
PW021043,2026-05-04,US,Mobile,714,Medium,47,0,1,2,1,170.29,147.62,-0.5,-0.4356,0,0,0,1,0.0008,1,0,Inactive,1
PW022489,2026-08-03,MX,Desktop,420,Low,14,0,0,1,1,30.15,26.71,-1.0,0.011,0,0,6,1,,1,0,Inactive,1
PW013743,2026-04-06,MX,Desktop,1565,Low,29,1,1,4,1,54.6,49.81,0.0,-0.2977,1,0,6,2,0.0983,1,0,Inactive,1
PW003617,2026-08-03,BR,Desktop,349,High,36,2,7,8,6,280.87,34.84,-0.125,0.1812,1,1,2,1,0.0754,0,2,Active,1
PW021120,2026-08-03,MX,Mobile,1252,Medium,18,3,6,10,5,197.22,47.88,0.2,-0.0441,1,0,12,1,0.8246,0,4,Active,0
PW022876,2026-04-06,US,Mobile,921,Medium,5,0,3,7,3,306.56,99.48,0.0,0.0304,0,1,10,2,0.8343,1,0,Inactive,1
PW009077,2026-02-02,US,Mobile,1078,Low,5,0,2,9,2,84.07,37.68,0.0,-0.2045,0,1,7,3,0.7469,0,7,Active,0
PW014814,2026-06-01,US,Mobile,1838,Low,24,0,2,3,2,92.96,46.38,0.0,-0.1624,3,3,2,2,0.0594,1,0,Inactive,1
PW026461,2026-07-06,BR,Mobile,1962,Medium,9,0,2,7,2,241.01,119.07,0.0,-0.1553,0,0,9,2,0.8197,0,1,Active,0
PW018863,2026-04-06,US,Desktop,777,Medium,30,0,0,1,1,92.09,104.1,-1.0,,1,0,4,1,0.0526,1,0,Inactive,0
PW000563,2026-07-06,MX,Mobile,1326,Medium,8,0,2,4,1,72.71,50.91,-0.3333,0.3578,0,0,10,2,0.6939,0,1,Active,0
PW021432,2026-01-05,US,Mobile,604,Medium,8,1,6,11,4,460.65,89.66,0.5,0.3144,0,1,10,2,0.8985,0,2,Active,0
PW014514,2026-07-06,BR,Mobile,427,Medium,29,0,0,2,1,95.18,113.94,-1.0,-0.2395,0,0,6,1,0.1749,0,3,Active,1
PW000934,2026-05-04,US,Mobile,237,Medium,10,0,0,3,1,78.58,81.32,-1.0,-0.3281,0,0,0,1,0.1477,0,2,Active,0
PW023849,2026-01-05,BR,Mobile,1635,High,1,1,6,10,6,851.46,94.27,0.2,-0.3993,4,0,4,3,0.784,0,3,Active,0
PW002736,2026-04-06,MX,Mobile,1142,Low,14,0,1,3,1,29.39,27.65,0.0,-0.029,0,0,1,1,0.1494,1,0,Inactive,1
PW020850,2026-03-02,CR,Desktop,532,Medium,23,0,3,7,2,127.4,40.24,-0.25,-0.0927,3,1,0,2,0.0394,0,1,Active,0
PW025532,2026-07-06,US,Mobile,1538,High,45,0,1,8,1,92.89,93.23,0.0,-0.0034,1,0,5,2,0.0334,0,1,Active,0
PW019195,2026-06-01,MX,Desktop,428,Medium,7,0,4,5,4,212.52,61.14,0.3333,-0.0164,1,0,12,2,0.8676,0,5,Active,1
PW003685,2026-04-06,MX,Mobile,1621,Medium,79,0,0,2,1,41.66,45.28,-1.0,0.0031,1,0,1,1,0.0001,1,0,Inactive,1
PW012087,2026-01-05,US,Mobile,1127,Low,0,0,4,6,4,82.45,22.26,0.3333,0.1871,1,1,14,1,0.9861,0,5,Active,0
PW006389,2026-05-04,US,Mobile,1816,Medium,3,0,1,7,1,177.07,170.48,0.0,0.1783,0,1,4,2,0.4606,0,4,Active,0
PW022038,2026-07-06,US,Mobile,882,Medium,1,0,4,5,4,142.91,30.92,0.0,-0.1893,0,0,8,2,0.7825,0,3,Active,0
PW022343,2026-05-04,BR,Mobile,859,Medium,39,0,2,4,1,311.39,133.09,0.0,-0.1015,0,0,7,1,0.066,1,0,Inactive,1
PW021507,2026-07-06,US,Desktop,1597,Medium,16,0,3,9,2,214.14,55.17,-0.25,0.0494,1,1,3,1,0.3007,0,4,Active,0
PW010833,2026-06-01,CR,Mobile,1764,High,7,2,7,12,5,492.25,73.06,0.1667,0.1778,0,0,7,2,0.798,0,3,Active,0
PW020529,2026-02-02,BR,Mobile,455,Low,10,0,2,4,2,81.52,33.64,0.0,0.2205,0,1,6,1,0.507,0,4,Active,0
PW026019,2026-05-04,MX,Mobile,350,Low,2,0,0,2,1,29.27,20.95,-1.0,-0.0082,0,0,2,1,,0,1,Active,0
PW019955,2026-05-04,US,Mobile,226,Medium,5,0,0,5,1,53.55,52.04,-1.0,0.1178,2,1,4,1,0.4607,0,1,Active,0
PW016454,2026-01-05,BR,Mobile,1109,Medium,12,3,5,7,5,343.94,70.92,-0.2857,-0.0356,2,1,5,3,0.69,0,2,Active,0
PW022556,2026-06-01,BR,Desktop,1302,Medium,2,0,1,3,1,141.58,124.14,0.0,0.0876,0,0,6,3,0.7859,0,5,Active,0
PW018052,2026-02-02,US,Desktop,292,Medium,35,0,0,1,1,73.82,62.85,-1.0,-0.1116,0,0,0,1,0.0081,1,0,Inactive,1
PW020196,2026-03-02,MX,Mobile,1396,Low,15,0,1,3,1,31.18,33.88,0.0,0.0155,0,0,0,1,0.1107,0,1,Active,0
PW022561,2026-06-01,MX,Desktop,1880,Low,9,0,0,3,1,44.75,56.32,-1.0,-0.2504,1,0,1,1,0.3697,0,3,Active,0
PW004678,2026-05-04,US,Mobile,432,Medium,18,0,1,3,1,71.33,74.75,0.0,0.0932,0,0,1,2,0.0968,1,0,Inactive,1
PW019186,2026-07-06,MX,Mobile,1862,Medium,8,1,2,7,2,344.65,147.15,0.0,,1,1,4,1,0.4138,0,4,Active,0
PW001802,2026-02-02,US,Mobile,1105,Low,5,0,2,7,2,31.17,15.59,0.0,-0.2716,2,1,2,1,0.2919,0,1,Active,0
PW000724,2026-03-02,US,Mobile,296,Low,9,1,4,6,3,293.32,68.71,0.0,0.1406,0,0,3,1,0.3637,0,5,Active,0
PW026280,2026-04-06,US,Mobile,342,Medium,6,0,1,2,1,96.91,95.8,0.0,0.0476,0,1,4,4,0.2501,0,4,Active,0
PW009836,2026-07-06,US,Mobile,1823,Medium,5,1,5,12,4,264.04,65.25,0.25,0.4753,1,1,6,1,0.8488,0,1,Active,0
PW015779,2026-08-03,US,Mobile,1941,Low,3,2,5,10,3,269.92,48.61,0.0,0.1344,2,0,10,2,,0,4,Active,0
PW003535,2026-03-02,US,Mobile,1049,Medium,16,1,1,1,1,59.12,38.91,0.0,0.1042,0,1,1,1,0.1301,0,3,Active,0
PW019747,2026-03-02,BR,Desktop,1588,Low,13,0,1,1,1,34.12,26.84,0.0,-0.3649,0,0,0,1,0.0971,0,4,Active,0
PW014858,2026-05-04,MX,Mobile,1273,High,5,0,4,6,3,166.56,37.16,0.3333,0.1469,0,0,9,3,0.7396,0,1,Active,0
PW026338,2026-07-06,US,Mobile,870,Medium,13,0,1,4,1,82.33,87.95,0.0,-0.0201,2,1,1,1,0.137,0,1,Active,0
PW005517,2026-03-02,US,Mobile,1757,Low,6,0,3,3,3,169.56,54.92,0.0,0.2435,1,1,5,1,0.6885,0,1,Active,0
PW025996,2026-02-02,MX,Desktop,1624,Medium,5,1,2,6,2,68.6,40.15,-0.3333,-0.0026,0,1,8,1,0.7215,0,2,Active,0
PW004102,2026-08-03,MX,Desktop,1095,Medium,28,0,0,2,1,81.61,70.89,-1.0,-0.0822,0,0,6,1,0.0493,1,0,Inactive,1
PW023258,2026-01-05,CR,Mobile,874,High,1,4,10,14,9,550.09,47.25,0.4286,0.2869,1,0,11,3,0.9798,0,7,Active,0
PW023663,2026-06-01,US,Mobile,873,Low,7,1,1,1,1,31.69,34.62,0.0,0.0751,0,0,11,2,0.7994,0,1,Active,0
PW029378,2026-07-06,US,Mobile,1696,Low,9,0,0,2,1,34.08,31.04,-1.0,0.2023,0,1,8,1,0.8067,0,2,Active,0
PW025767,2026-02-02,CR,Mobile,758,Medium,12,3,3,5,3,85.74,19.29,0.0,0.2268,0,1,5,3,0.7146,0,4,Active,0
PW012788,2026-08-03,US,Mobile,836,Medium,15,0,5,8,5,201.97,54.31,-0.375,0.1677,2,0,3,3,0.5429,0,3,Active,0
PW025618,2026-04-06,MX,Mobile,1680,Medium,26,0,4,8,2,261.64,55.56,0.0,0.1467,1,0,14,2,0.8647,0,3,Active,0
PW018904,2026-04-06,US,Mobile,1773,Medium,17,1,1,2,1,47.35,51.92,0.0,,0,1,1,2,0.0757,0,1,Active,0
PW006634,2026-05-04,US,Mobile,1327,Low,5,1,1,4,1,209.5,163.27,0.0,0.1383,1,0,1,1,0.29,0,3,Active,0
PW013750,2026-02-02,BR,Desktop,241,Low,12,1,3,6,2,206.48,75.44,-0.25,0.2505,1,1,11,3,,0,1,Active,1
PW012657,2026-05-04,US,Desktop,1801,Low,9,0,2,4,2,209.2,105.81,0.0,,2,0,7,2,0.4993,0,2,Active,0
PW010250,2026-08-03,BR,Mobile,1352,Low,8,1,2,4,1,37.66,16.41,-0.3333,-0.2223,0,0,7,1,0.6444,0,1,Active,1
PW001199,2026-07-06,CR,Mobile,872,Medium,33,0,1,2,1,128.92,119.28,0.0,0.0785,1,0,2,1,0.0271,0,2,Active,0
PW024836,2026-04-06,US,Mobile,704,Medium,15,0,1,2,1,16.57,20.1,0.0,-0.1342,0,1,6,2,0.1698,0,2,Active,0
PW017108,2026-01-05,MX,Desktop,244,Medium,9,1,1,2,1,27.3,26.19,0.0,-0.019,1,0,9,2,0.552,0,2,Active,0
PW002896,2026-08-03,US,Mobile,298,Low,20,1,1,3,1,28.23,29.89,0.0,-0.3763,0,1,0,2,0.0983,0,3,Active,0
PW021377,2026-01-05,US,Mobile,1717,Low,42,0,2,3,1,24.18,13.63,-0.5,-0.0878,2,0,1,1,0.0092,1,0,Inactive,1
PW020799,2026-06-01,MX,Mobile,1328,Low,10,0,3,5,3,279.04,66.83,0.0,-0.1743,3,0,5,3,0.6507,0,6,Active,0
PW006760,2026-08-03,US,Desktop,1346,Medium,5,0,3,7,3,106.86,33.74,0.0,0.2201,1,0,12,3,0.9635,0,3,Active,0
PW029710,2026-08-03,US,Desktop,833,Low,4,1,2,4,1,115.26,70.39,0.0,-0.1053,0,0,2,1,0.618,0,2,Active,1
PW023135,2026-04-06,US,Mobile,1213,Low,13,0,0,1,1,60.88,47.42,-1.0,-0.6387,0,1,0,1,0.011,1,0,Inactive,1
PW020348,2026-04-06,MX,Desktop,1046,Medium,50,0,0,3,1,121.87,100.88,-1.0,0.2393,0,0,2,1,0.0034,1,0,Inactive,1
PW011085,2026-06-01,US,Mobile,1545,Medium,24,0,0,1,1,25.78,22.55,-1.0,0.3096,0,0,0,3,0.0466,0,4,Active,0
PW013124,2026-06-01,MX,Desktop,336,Low,11,0,1,4,1,40.72,31.46,0.0,-0.0521,0,0,5,1,0.5314,0,3,Active,1
PW008117,2026-03-02,US,Mobile,1331,Medium,10,3,5,8,2,271.97,64.78,0.25,0.5045,0,0,7,2,0.7995,0,4,Active,0
PW007652,2026-02-02,BR,Mobile,643,Low,26,0,0,1,1,36.23,30.61,-1.0,-0.2511,1,0,6,1,,0,1,Active,0
PW009967,2026-02-02,CR,Desktop,1668,Medium,10,1,2,4,2,153.22,73.57,-0.3333,-0.2658,0,0,10,2,0.4991,0,4,Active,0
PW002398,2026-08-03,CR,Mobile,560,Low,67,0,0,3,1,60.75,45.49,-1.0,-0.2745,0,0,0,1,0.0001,1,0,Inactive,1
PW007171,2026-02-02,US,Mobile,1623,Medium,12,0,2,3,2,280.91,,-0.3333,-0.4196,0,0,2,2,,0,1,Active,0
PW004894,2026-07-06,BR,Mobile,1395,Low,1,0,2,6,2,139.35,60.98,0.0,-0.1776,1,0,10,2,0.7085,0,4,Active,0
PW009198,2026-06-01,BR,Mobile,1817,Medium,7,0,0,5,1,39.39,51.9,-1.0,-0.2137,0,0,2,2,0.3854,0,2,Active,0
PW028632,2026-02-02,US,Mobile,1348,Medium,3,0,1,4,1,96.04,103.79,0.0,-0.4574,0,0,0,2,0.1731,0,2,Active,0
PW025771,2026-08-03,US,Mobile,1034,Medium,5,0,1,5,1,119.13,125.92,-0.5,-0.2774,0,0,0,1,0.1776,0,1,Active,0
PW015260,2026-03-02,US,Mobile,1548,Low,40,1,2,4,2,80.57,34.41,-0.3333,-0.2303,1,0,1,1,0.0154,1,0,Inactive,1
PW021867,2026-04-06,MX,Mobile,1188,Low,11,0,2,3,1,59.37,27.7,0.0,-0.0749,2,1,4,1,0.5455,0,3,Active,0
PW016797,2026-03-02,US,Desktop,221,Medium,12,0,0,3,1,124.68,103.44,-1.0,0.053,0,1,0,3,0.054,0,3,Active,0
PW017501,2026-03-02,MX,Mobile,989,Low,5,1,2,3,2,46.52,29.65,-0.3333,0.0623,1,0,12,2,0.8877,0,3,Active,0
PW002974,2026-02-02,US,Mobile,645,Medium,8,3,6,9,6,87.0,14.28,0.5,0.1935,2,1,14,2,0.8363,0,5,Active,0
PW029741,2026-01-05,BR,Mobile,1733,Medium,3,0,2,5,2,296.47,94.04,0.0,-0.0415,2,0,2,3,0.4737,0,1,Active,0
PW006710,2026-08-03,BR,Mobile,1763,Low,9,0,0,1,1,40.13,41.02,-1.0,-0.2955,0,0,6,1,,0,1,Active,0
PW014375,2026-05-04,MX,Desktop,839,Low,14,0,1,4,1,64.13,57.52,0.0,-0.4613,0,1,0,1,0.0186,0,2,Active,0
PW004108,2026-05-04,US,Mobile,1484,Low,9,0,2,2,2,52.07,19.53,-0.3333,0.0215,0,0,0,1,0.1665,0,4,Active,0
PW011149,2026-02-02,mx,Mobile,1747,Low,23,1,3,5,3,78.28,42.36,0.0,0.005,0,0,4,3,0.2309,0,7,Active,0
PW026170,2026-03-02,US,Desktop,1572,High,3,3,7,13,2,536.1,69.03,0.1667,-0.1515,1,0,8,3,0.9493,0,4,Active,0
PW000505,2026-07-06,MX,Mobile,337,Low,4,0,1,3,1,93.29,83.48,0.0,,1,1,4,1,0.5561,0,1,Active,0
PW023065,2026-05-04,BR,Desktop,1564,Low,14,0,2,3,2,61.23,26.04,0.0,0.0209,1,0,0,2,0.0515,0,3,Active,0
PW008080,2026-02-02,US,Desktop,1267,Medium,3,1,5,6,5,356.56,94.57,-0.1667,0.1692,1,0,0,3,0.404,0,4,Active,1
PW025616,2026-08-03,US,Mobile,1066,Medium,19,0,2,5,1,518.73,227.93,0.0,-0.2942,1,1,0,2,0.1392,1,0,Inactive,1
PW003602,2026-05-04,US,Mobile,929,Medium,14,0,4,4,2,133.27,33.08,0.0,-0.1149,0,1,0,3,0.0772,0,4,Active,0
PW022067,2026-03-02,US,Mobile,257,Medium,43,0,3,5,3,105.47,33.27,0.5,0.1677,0,0,7,2,0.0218,1,0,Inactive,1
PW004907,2026-02-02,MX,Mobile,1536,Low,8,0,0,1,1,46.44,40.91,-1.0,-0.2956,0,1,3,1,0.0688,0,2,Active,0
PW023449,2026-08-03,MX,Desktop,1505,Medium,3,1,5,6,5,234.86,50.0,0.0,0.6826,1,1,14,2,0.9609,0,8,Active,0
PW011428,2026-08-03,BR,Desktop,385,Medium,17,0,4,6,4,139.24,40.41,0.3333,0.0256,0,0,12,3,0.5427,0,2,Active,0
PW021871,2026-04-06,US,Desktop,1582,Medium,23,0,2,4,1,61.51,25.69,0.0,-0.0109,0,1,6,1,0.4236,0,4,Active,0
PW022194,2026-08-03,US,Mobile,1887,Medium,25,0,1,3,1,175.5,147.75,0.0,-0.2381,0,0,2,4,0.0287,1,0,Inactive,1
PW027137,2026-04-06,BR,Mobile,807,Low,4,0,2,2,2,33.62,15.8,0.0,-0.2851,2,0,4,1,0.7977,0,2,Active,1
PW014054,2026-08-03,US,Mobile,1053,Medium,3,1,3,6,3,317.77,73.53,0.0,0.3201,2,0,8,3,0.6386,1,0,Inactive,1
PW013630,2026-02-02,CR,Mobile,182,Medium,2,2,7,9,5,360.24,53.14,0.1667,0.0592,0,0,8,2,0.8215,0,7,Active,0
PW026912,2026-06-01,US,Mobile,1747,Low,11,0,0,1,1,26.09,31.43,-1.0,-0.2096,0,1,5,1,0.152,0,1,Active,0
PW025246,2026-06-01,MX,Desktop,1731,Medium,27,0,1,4,1,29.14,31.73,-0.5,-0.2192,0,0,7,1,0.1243,1,0,Inactive,1
PW014180,2026-06-01,US,Mobile,672,Medium,8,1,2,5,2,217.96,97.11,0.0,-0.3614,0,1,1,2,0.2863,1,0,Inactive,1
PW018291,2026-04-06,US,Mobile,1535,Medium,7,0,1,4,1,37.34,46.0,0.0,-0.2093,2,1,2,3,0.1439,1,0,Inactive,0
PW012358,2026-04-06,US,Mobile,1034,Low,12,0,0,3,1,76.51,81.56,-1.0,-0.3146,0,0,1,1,0.0166,1,0,Inactive,1
PW003510,2026-01-05,US,Mobile,1576,Medium,24,0,1,1,1,130.44,96.5,0.0,-0.4582,1,0,0,1,0.0047,0,1,Active,1
PW015527,2026-03-02,US,Desktop,1406,Medium,6,0,1,6,1,86.86,78.96,0.0,-0.1224,0,0,6,3,0.8351,0,2,Active,0
PW017689,2026-05-04,US,Mobile,216,Medium,6,0,1,3,1,50.37,66.32,0.0,-0.1059,0,0,0,1,0.1377,0,2,Active,0
PW009355,2026-03-02,MX,Mobile,1094,Medium,5,0,3,3,2,85.8,40.94,0.0,-0.2803,1,0,3,1,0.1451,0,1,Active,0
PW027036,2026-05-04,MX,Desktop,248,Low,0,1,5,7,3,188.65,39.29,0.25,0.2671,1,0,16,3,0.9924,0,3,Active,0
PW015131,2026-03-02,US,Desktop,644,Medium,50,0,2,4,1,66.26,29.94,-0.3333,-0.1181,0,1,2,1,0.0045,1,0,Inactive,1
PW021456,2026-01-05,US,Mobile,439,Medium,9,0,1,3,1,75.14,77.45,-0.5,-0.0121,0,0,0,1,0.1941,0,3,Active,0
PW021471,2026-08-03,MX,Desktop,1930,Low,42,0,1,2,1,79.59,68.57,-0.5,-0.3266,1,3,0,1,0.0036,1,0,Inactive,0
PW013260,2026-05-04,US,Mobile,466,Medium,2,2,9,13,8,279.75,36.47,0.125,-0.1598,1,0,15,4,0.989,0,8,Active,0
PW023909,2026-08-03,BR,Mobile,1006,Medium,18,0,1,3,1,50.8,64.41,0.0,-0.1077,0,1,2,2,0.2273,0,2,Active,0
PW020704,2026-01-05,BR,Mobile,1760,Low,8,2,4,9,3,80.01,17.7,0.0,0.0438,1,0,7,2,0.6229,0,1,Active,0
PW015199,2026-07-06,US,Mobile,1872,Medium,4,0,1,5,1,24.2,24.07,0.0,-0.1051,0,0,6,2,0.7036,0,1,Active,0
PW000533,2026-03-02,US,Mobile,1571,Medium,7,1,5,14,3,204.23,34.62,0.25,0.0367,1,1,7,3,0.7287,0,3,Active,0
PW022460,2026-03-02,MX,Mobile,792,Medium,13,1,3,3,3,298.05,95.13,0.5,0.0783,0,0,8,2,0.802,0,4,Active,0
PW003586,2026-02-02,BR,Mobile,1055,Medium,10,0,4,7,4,122.0,32.25,0.0,-0.0505,1,0,4,2,0.1267,1,0,Inactive,1
PW015321,2026-07-06,US,Mobile,1842,Medium,10,0,2,4,1,96.5,44.85,-0.3333,-0.281,1,0,4,1,0.3986,1,0,Inactive,1
PW012185,2026-03-02,BR,Desktop,1669,Medium,2,1,2,5,2,234.12,94.16,0.0,0.238,2,0,7,3,0.725,0,2,Active,0
PW003899,2026-02-02,US,Mobile,676,High,16,2,4,7,3,812.11,175.72,0.3333,0.4253,1,1,0,2,0.0707,0,1,Active,1
PW007491,2026-07-06,BR,Desktop,642,Medium,32,0,3,3,2,241.8,73.37,0.0,-0.1839,0,0,2,1,0.0589,1,0,Inactive,1
PW002193,2026-04-06,US,Mobile,846,Low,9,0,0,3,1,35.56,41.75,-1.0,0.1643,1,0,0,2,0.4459,0,1,Active,0
PW017306,2026-05-04,BR,Mobile,416,Low,22,0,1,1,1,20.51,23.46,-0.5,-0.3211,2,1,2,1,0.0127,1,0,Inactive,1
PW020477,2026-08-03,US,Mobile,802,Medium,39,0,2,6,2,143.6,79.29,-0.3333,0.1327,1,1,4,1,0.0791,0,1,Active,0
PW025055,2026-04-06,US,Desktop,1530,Medium,11,1,1,4,1,183.8,255.16,0.0,0.129,0,1,10,2,0.8571,0,3,Active,0
PW025426,2026-05-04,MX,Desktop,1602,Medium,15,0,1,3,1,76.86,88.08,0.0,0.2059,0,0,9,3,0.7704,0,1,Active,0
PW028980,2026-03-02,CR,Mobile,1338,Medium,7,1,3,4,1,112.17,45.41,0.0,0.0292,0,1,5,2,0.5425,0,3,Active,0
PW018722,2026-08-03,BR,Desktop,504,Medium,6,0,0,2,1,433.67,508.02,-1.0,-0.1387,0,1,0,1,0.104,0,2,Active,0
PW014153,2026-08-03,US,Desktop,1149,Medium,4,0,2,3,2,85.25,46.1,0.0,-0.1445,1,0,2,2,0.3562,0,1,Active,0
PW022350,2026-03-02,BR,Mobile,1472,Low,21,0,1,2,1,48.23,60.46,0.0,-0.5088,2,2,0,2,0.1956,0,1,Active,0
PW027690,2026-03-02,BR,Mobile,1256,Low,26,0,2,3,1,68.69,42.41,0.0,-0.0287,1,0,6,2,0.2641,0,2,Active,0
PW010206,2026-07-06,US,Mobile,567,Low,11,0,0,2,1,31.42,30.2,-1.0,0.1053,1,0,4,1,0.2897,0,1,Active,0
PW023630,2026-01-05,US,Mobile,1387,Medium,9,0,1,3,1,35.29,39.31,0.0,0.0425,1,1,0,1,0.2699,0,1,Active,0
PW006698,2026-01-05,CR,Mobile,183,Medium,14,1,1,3,1,100.14,101.83,0.0,-0.035,0,0,4,3,0.4211,0,3,Active,0
PW020911,2026-03-02,CR,Mobile,992,Medium,30,1,1,3,1,110.93,83.0,0.0,-0.301,0,1,0,3,0.0072,0,1,Active,0
PW007657,2026-01-05,CR,Desktop,1542,Medium,23,1,5,8,5,214.67,54.01,0.0,-0.2742,1,1,0,2,0.0502,0,3,Active,0
PW003993,2026-02-02,US,Mobile,1668,Low,6,3,6,9,5,252.66,36.57,0.2,0.3478,1,0,12,3,0.9811,0,2,Active,0
PW023440,2026-05-04,US,Desktop,639,Medium,5,0,3,4,2,92.83,42.65,0.0,-0.0188,0,0,0,1,0.127,0,4,Active,0
PW010262,2026-03-02,CR,Mobile,1163,Low,11,0,0,1,1,56.06,46.31,-1.0,-0.0955,0,0,0,1,0.0635,1,0,Inactive,1
PW027177,2026-05-04,BR,Mobile,1783,High,14,2,6,7,6,970.69,122.85,0.0,0.0807,1,0,9,2,0.6565,0,5,Active,0
PW013486,2026-08-03,US,Mobile,1213,Medium,18,0,1,3,1,72.2,64.97,0.0,-0.5321,1,1,0,1,0.0459,0,2,Active,0
PW005392,2026-05-04,US,Desktop,976,Low,23,1,1,3,1,17.84,22.92,0.0,0.0487,0,0,5,2,0.0789,0,1,Active,0
PW029841,2026-06-01,US,Mobile,403,Low,12,0,1,1,1,51.55,57.49,0.0,-0.0854,0,1,1,2,0.1311,0,2,Active,0
PW022868,2026-05-04,CR,Mobile,757,Medium,13,2,6,8,4,275.84,46.68,0.2,-0.076,1,0,9,4,0.6758,0,5,Active,0
PW016008,2026-02-02,US,Mobile,341,Medium,9,0,0,1,1,67.0,63.7,-1.0,0.1911,1,1,8,3,0.8032,1,0,Inactive,1
PW007447,2026-05-04,US,Mobile,1644,Low,28,0,3,5,3,68.73,30.86,-0.25,0.0296,0,0,6,1,0.1486,1,0,Inactive,1
PW017622,2026-05-04,MX,Mobile,1682,Medium,30,0,2,6,2,190.32,,-0.3333,0.0116,0,0,1,2,0.0335,1,0,Inactive,1
PW021851,2026-04-06,US,Mobile,1474,Low,27,0,2,4,2,46.53,20.37,0.0,-0.022,0,0,4,1,0.1436,1,0,Inactive,0
PW019860,2026-08-03,MX,Desktop,1159,Low,6,0,1,3,1,69.89,80.72,0.0,0.0398,0,2,6,1,0.5296,1,0,Inactive,1
PW029816,2026-01-05,US,Mobile,876,Medium,12,0,3,6,2,170.11,65.21,0.0,-0.4934,0,0,0,1,0.2793,1,0,Inactive,1
PW024141,2026-02-02,BR,Mobile,270,High,13,0,2,5,2,423.5,160.88,0.0,0.1431,0,0,2,3,0.2123,0,1,Active,0
PW028737,2026-01-05,US,Desktop,559,Medium,43,0,3,4,2,52.82,19.5,-0.25,-0.2516,1,0,6,2,0.0473,1,0,Inactive,0
PW025403,2026-06-01,BR,Desktop,1054,High,2,1,8,15,6,640.47,91.43,0.1429,-0.1679,1,0,8,2,0.9392,0,3,Active,0
PW001511,2026-07-06,US,Mobile,462,Medium,4,0,1,5,1,47.88,44.58,0.0,-0.0137,1,1,1,1,0.7024,0,4,Active,0
PW024971,2026-03-02,US,Mobile,533,Medium,41,1,2,4,2,151.0,80.77,0.0,-0.3413,0,0,2,1,0.021,1,0,Inactive,1
PW026550,2026-08-03,US,Desktop,560,Low,5,0,3,7,3,66.66,22.52,0.0,0.1223,0,0,8,2,0.9027,0,5,Active,0
PW012880,2026-01-05,CR,Mobile,1734,Medium,10,1,4,8,3,218.91,49.73,0.0,-0.0229,0,1,4,3,0.4374,1,0,Inactive,0
PW011692,2026-03-02,MX,Mobile,1385,Medium,8,0,4,7,2,364.5,75.59,-0.2,0.0366,1,1,15,3,0.9336,0,3,Active,0
PW013672,2026-05-04,BR,Desktop,405,Medium,51,0,2,5,1,210.56,125.44,-0.3333,0.1497,0,0,3,1,0.0022,1,0,Inactive,0
PW019096,2026-07-06,MX,Mobile,783,Low,25,0,1,1,1,49.97,48.03,0.0,-0.2056,1,1,0,1,0.0184,0,1,Active,0
PW022573,2026-05-04,BR,Desktop,307,High,7,1,7,10,4,263.21,30.35,0.1667,-0.249,1,0,8,3,0.6572,0,5,Active,0
PW022200,2026-06-01,US,Desktop,366,Medium,34,0,0,1,1,90.05,65.23,-1.0,-0.1721,1,0,3,1,0.1134,1,0,Inactive,1
PW020460,2026-08-03,MX,Desktop,1764,Low,16,0,2,6,2,150.33,63.54,-0.3333,0.2481,0,0,4,2,0.0695,0,5,Active,0
PW002183,2026-03-02,US,Mobile,411,Medium,10,0,0,1,1,36.32,32.13,-1.0,,0,0,0,1,0.0186,0,2,Active,0
PW006933,2026-04-06,US,Mobile,407,Low,36,0,1,1,1,35.98,42.28,0.0,-0.2474,2,2,0,1,0.0374,1,0,Inactive,1
PW001064,2026-06-01,MX,Desktop,640,Medium,16,0,0,2,1,39.89,34.55,-1.0,-0.077,1,1,8,2,0.3328,0,2,Active,0
PW011730,2026-02-02,BR,Mobile,419,Medium,14,3,5,5,4,536.52,91.38,0.0,-0.0819,0,0,6,1,0.1442,0,4,Active,0
PW008243,2026-02-02,CR,Desktop,492,Low,24,0,0,3,1,18.18,22.19,-1.0,-0.3441,0,0,4,1,0.0515,1,0,Inactive,1
PW008432,2026-02-02,BR,Mobile,1563,Medium,8,0,2,4,2,76.28,37.85,0.0,0.0151,0,0,8,2,0.8678,0,1,Active,0
PW028562,2026-06-01,US,Desktop,962,Medium,9,1,2,6,2,68.46,33.15,0.0,0.1108,1,0,9,2,0.5015,0,3,Active,0
PW017881,2026-01-05,US,Desktop,1233,Medium,34,0,0,3,1,36.64,36.39,-1.0,-0.1746,0,0,7,3,0.0863,0,3,Active,0
PW014596,2026-07-06,MX,Desktop,1828,High,28,1,5,6,5,690.92,128.62,-0.1667,-0.5108,0,0,12,2,0.1916,0,3,Active,0
PW016510,2026-04-06,US,Mobile,920,Medium,1,0,2,4,2,146.11,92.42,0.0,0.0517,0,1,0,2,0.1729,0,3,Active,1
PW008035,2026-01-05,US,Mobile,479,Medium,3,1,6,9,6,356.52,48.8,0.0,0.0469,1,0,4,2,0.7633,0,4,Active,0
PW019568,2026-03-02,MX,Mobile,336,Medium,3,0,3,10,3,340.42,103.96,-0.25,0.1112,0,0,3,3,0.4539,0,4,Active,0
PW013620,2026-05-04,US,Desktop,963,Medium,14,0,2,3,1,204.76,86.16,0.0,-0.4732,0,2,0,1,0.1836,0,2,Active,0
PW005750,2026-05-04,US,Desktop,1833,Medium,16,0,1,4,1,31.22,37.89,0.0,-0.6214,0,1,0,1,0.0373,0,1,Active,0
PW027266,2026-08-03,US,Mobile,477,Low,12,0,1,2,1,49.51,53.07,0.0,-0.1107,0,0,6,2,0.3928,0,2,Active,0
PW014478,2026-08-03,MX,Mobile,1135,Medium,34,0,1,3,1,148.03,130.01,0.0,-0.5962,0,0,5,2,0.0234,1,0,Inactive,1
PW026549,2026-01-05,US,Mobile,1393,Medium,2,0,1,2,1,64.57,48.88,0.0,0.1913,0,0,7,2,0.8052,1,0,Inactive,0
PW027737,2026-01-05,MX,Desktop,827,Medium,6,0,2,4,2,158.66,73.56,0.0,0.1296,1,0,6,2,0.3865,0,2,Active,0
PW027513,2026-08-03,MX,Mobile,1126,Medium,25,1,1,1,1,110.06,95.78,0.0,-0.4721,1,0,3,1,0.0291,1,0,Inactive,1
PW027142,2026-08-03,MX,Desktop,596,Low,72,0,0,1,1,52.94,41.96,-1.0,-0.1557,0,0,0,1,0.0002,1,0,Inactive,1
PW009377,2026-01-05,CR,Mobile,316,Medium,0,0,4,7,4,127.06,36.0,-0.3333,0.1051,3,1,7,2,0.8892,0,2,Active,0
PW000555,2026-01-05,US,Desktop,615,High,2,0,4,16,4,226.44,54.01,0.0,-0.211,0,0,8,3,0.9052,0,3,Active,0
PW011895,2026-03-02,US,Mobile,922,Medium,9,1,3,5,3,236.21,56.94,0.0,0.0792,1,1,2,2,0.469,0,3,Active,0
PW024160,2026-02-02,MX,Mobile,997,Medium,2,4,7,8,5,234.58,32.84,0.1667,0.2532,1,1,10,2,0.9492,0,1,Active,0
PW027890,2026-08-03,MX,Desktop,1214,Medium,15,0,0,1,1,36.08,,-1.0,-0.1138,1,1,2,1,0.111,0,1,Active,1
PW026747,2026-08-03,US,Mobile,1353,Medium,14,1,3,7,3,285.0,84.07,0.0,0.0535,1,1,10,3,0.6457,0,1,Active,0
PW026515,2026-08-03,MX,Mobile,1833,Medium,31,1,3,7,2,138.58,37.49,0.0,,0,0,2,2,0.0954,0,1,Active,0
PW006796,2026-01-05,MX,Desktop,1009,Low,9,2,2,3,2,64.9,26.03,0.0,-0.2145,0,0,7,1,0.6027,0,5,Active,0
PW027964,2026-04-06,US,Mobile,1340,Low,11,0,0,4,1,68.8,64.68,-1.0,-0.3657,0,0,6,1,0.3933,1,0,Inactive,1
PW020637,2026-06-01,US,Desktop,787,Medium,28,1,3,3,3,168.06,57.58,-0.4,-0.1635,0,0,5,2,0.0677,0,3,Active,0
PW024904,2026-01-05,US,Desktop,706,Medium,22,0,0,1,1,127.97,119.72,-1.0,0.3396,0,2,7,1,0.0418,0,1,Active,0
PW016803,2026-01-05,US,Desktop,522,High,8,1,6,9,3,1004.38,124.18,0.5,0.0966,0,0,3,4,0.6577,0,5,Active,0
PW021390,2026-07-06,BR,Mobile,1445,Medium,13,4,11,13,10,452.34,45.82,0.5714,0.2177,0,1,12,2,0.9666,0,5,Active,0
PW005979,2026-05-04,BR,Desktop,1201,High,7,0,3,4,1,311.02,106.35,0.0,-0.0211,1,0,0,2,0.2874,0,6,Active,0
PW012085,2026-04-06,BR,Mobile,1869,Medium,46,0,1,2,1,125.67,102.95,0.0,-0.3665,0,0,0,1,0.0028,0,1,Active,0
PW002515,2026-03-02,MX,Mobile,1577,Low,42,0,0,2,1,78.73,76.34,-1.0,-0.2163,1,2,3,1,0.0032,1,0,Inactive,1
PW005235,2026-03-02,US,Mobile,1389,Medium,12,0,1,7,1,49.95,46.0,0.0,-0.2819,1,1,7,3,0.4135,1,0,Inactive,0
PW005706,2026-02-02,MX,Mobile,1379,Low,12,0,1,3,1,51.39,49.57,0.0,0.1106,1,1,4,1,0.4329,0,3,Active,0
PW010596,2026-07-06,MX,Mobile,1170,Medium,1,2,7,10,7,294.54,47.11,0.1667,0.1239,2,1,11,3,0.9819,0,6,Active,1
PW020630,2026-08-03,US,Mobile,497,Low,120,0,0,1,1,21.63,22.17,-1.0,-0.1831,2,0,0,1,0.0,1,0,Inactive,0
PW029756,2026-01-05,CR,Desktop,621,Medium,25,0,1,6,1,77.7,89.83,0.0,-0.2916,0,0,4,1,0.0109,0,1,Active,0
PW025011,2026-01-05,US,Desktop,207,Medium,11,1,2,4,2,229.73,101.99,-0.3333,0.0788,0,0,3,1,0.2285,0,1,Active,0
PW000005,2026-03-02,US,Mobile,1701,Medium,22,0,1,1,1,23.13,27.0,0.0,-0.2772,0,1,0,1,0.0392,1,0,Inactive,1
PW010258,2026-04-06,US,Desktop,546,Low,5,1,4,7,3,129.01,38.51,0.0,0.1743,0,0,11,2,0.9308,0,5,Active,0
PW018505,2026-04-06,MX,Desktop,1006,Medium,3,3,6,7,5,219.16,32.79,0.2,-0.1834,0,0,10,2,0.9739,0,2,Active,0
PW016509,2026-01-05,US,Mobile,1458,High,18,4,10,16,9,1324.62,95.88,0.4286,0.4702,3,0,10,3,0.798,0,8,Active,0
PW029627,2026-03-02,CR,Mobile,583,High,6,5,11,11,9,560.4,56.78,0.375,0.3609,2,1,14,4,0.9788,0,9,Active,0
PW009019,2026-02-02,US,Mobile,1157,Low,15,0,1,3,1,71.39,74.35,0.0,-0.2722,1,0,0,1,0.0263,0,1,Active,0
PW000217,2026-05-04,CR,Mobile,1486,Medium,7,1,2,4,1,75.94,47.68,-0.3333,-0.0745,2,0,0,1,0.291,0,1,Active,0
PW016586,2026-06-01,BR,Mobile,287,Low,14,0,1,2,1,64.1,,0.0,-0.2372,0,1,3,1,0.1752,0,1,Active,1
PW011149,2026-02-02,MX,Mobile,1747,Low,23,1,3,5,3,78.28,42.36,0.0,0.005,0,0,4,3,0.2309,0,7,Active,0
PW022499,2026-01-05,BR,Mobile,1627,Medium,25,0,6,7,6,586.06,59.88,-0.3333,-0.2308,1,0,6,2,0.128,0,2,Active,0
PW026829,2026-08-03,US,Mobile,1136,Low,25,0,1,2,1,40.01,42.45,0.0,0.0664,0,0,15,2,0.7996,0,4,Active,0
PW028791,2026-03-02,US,Mobile,1691,Medium,7,0,2,5,2,156.2,72.25,0.0,0.0063,0,0,2,1,0.3976,0,3,Active,0
PW019553,2026-03-02,BR,Mobile,417,Medium,1,4,6,7,5,161.76,25.84,0.2,0.2918,0,1,10,2,0.9336,0,3,Active,1
PW000360,2026-06-01,CR,Mobile,855,Low,23,0,0,1,1,21.79,24.04,-1.0,0.0638,0,0,8,1,0.7625,0,1,Active,0
PW015744,2026-03-02,CR,Desktop,577,Medium,9,0,4,9,2,52.32,15.99,-0.3333,-0.3617,0,1,2,1,0.2819,0,3,Active,0
PW018651,2026-03-02,CR,Mobile,735,Low,5,0,0,2,1,30.01,29.73,-1.0,-0.0289,0,0,6,1,0.7886,0,1,Active,0
PW004953,2026-07-06,US,Mobile,1470,Medium,6,0,1,5,1,94.22,66.78,0.0,0.3068,0,2,0,2,0.3557,0,2,Active,0
PW002926,2026-05-04,MX,Mobile,1696,Low,26,1,1,1,1,24.87,25.59,0.0,0.0713,0,1,0,1,0.0113,0,1,Active,0
PW025067,2026-04-06,BR,Mobile,1388,Low,7,0,0,3,1,51.0,61.38,-1.0,-0.0677,0,0,2,2,0.1645,1,0,Inactive,0
PW023663,2026-05-04,US,Mobile,845,Medium,29,0,5,7,4,333.33,89.44,-0.1667,0.098,1,0,7,2,0.2093,0,1,Active,0
PW014275,2026-07-06,BR,Mobile,1626,Low,8,1,3,8,3,101.54,38.52,0.0,0.124,2,1,11,2,0.8624,0,2,Active,0
PW001519,2026-08-03,CR,Desktop,1240,Low,20,1,1,2,1,81.61,78.69,0.0,-0.3697,0,0,2,1,0.136,0,2,Active,0
PW017691,2026-05-04,BR,Mobile,1405,Low,29,0,0,3,1,53.39,43.37,-1.0,0.0202,1,0,4,1,0.016,1,0,Inactive,1
PW019395,2026-08-03,MX,Desktop,314,Low,30,0,0,3,1,57.28,59.46,-1.0,0.12,1,2,0,1,0.0043,1,0,Inactive,1
PW029813,2026-07-06,CR,Mobile,1493,Medium,33,0,1,7,1,32.04,42.15,0.0,-0.1466,0,0,0,3,0.0179,1,0,Inactive,0
PW023045,2026-02-02,MX,Mobile,1567,Medium,8,1,3,4,3,112.29,34.27,0.5,-0.0331,0,0,7,3,0.7708,0,4,Active,0
PW016099,2026-04-06,US,Desktop,1790,High,14,1,2,7,2,174.08,110.71,1.0,-0.0822,0,0,7,3,0.6153,0,1,Active,0
PW023435,2026-01-05,MX,Mobile,556,Medium,2,0,0,2,1,85.39,91.39,-1.0,-0.083,1,1,1,1,0.1459,0,1,Active,0
PW010970,2026-05-04,BR,Desktop,1276,Low,23,0,1,2,1,66.32,66.61,0.0,-0.0306,0,0,5,1,0.4417,0,2,Active,0
PW022319,2026-02-02,MX,Mobile,1475,Medium,8,0,0,4,1,82.34,94.65,-1.0,-0.0256,0,0,7,2,0.5571,0,1,Active,0
PW005045,2026-04-06,US,Mobile,1173,High,1,2,7,9,5,690.58,100.51,-0.125,0.1554,0,0,6,2,0.7478,0,4,Active,0
PW008691,2026-02-02,MX,Mobile,894,Low,15,0,0,1,1,38.32,37.06,-1.0,0.0316,0,1,1,1,0.1315,1,0,Inactive,1
PW028623,2026-08-03,MX,Mobile,1138,Medium,15,0,1,4,1,33.87,48.66,0.0,-0.2116,1,0,0,2,,1,0,Inactive,1
PW010974,2026-05-04,MX,Mobile,523,Medium,2,2,3,7,2,273.75,128.86,0.0,0.2342,0,0,7,3,0.8132,0,3,Active,0
PW017177,2026-01-05,US,Mobile,1605,Low,8,0,2,4,2,112.48,47.13,0.0,-0.1966,0,0,10,2,0.8818,0,1,Active,0
PW003609,2026-04-06,US,Desktop,711,Medium,87,0,1,1,1,216.95,209.4,0.0,-0.4414,0,0,0,1,0.0,1,0,Inactive,1
PW018246,2026-08-03,BR,Desktop,379,Medium,20,0,0,3,1,90.41,84.26,-1.0,0.0103,1,0,6,2,0.0829,1,0,Inactive,0
PW002701,2026-01-05,BR,Desktop,767,Low,18,0,0,2,1,26.2,33.19,-1.0,-0.1603,0,0,6,1,0.0976,0,2,Active,0
PW008804,2026-03-02,US,Desktop,1703,Low,23,0,1,3,1,52.06,57.73,0.0,-0.1282,0,0,1,1,0.0057,0,1,Active,0
PW022575,2026-05-04,BR,Mobile,1441,Medium,63,0,3,5,3,135.42,46.29,0.0,-0.3139,3,0,4,2,0.0018,1,0,Inactive,1
PW013661,2026-02-02,CR,Desktop,1716,Medium,7,1,3,7,1,106.52,,0.0,,0,0,2,2,0.4851,0,4,Active,0
PW002203,2026-07-06,BR,Mobile,1288,Medium,1,0,6,7,6,245.54,39.9,0.0,0.0169,2,1,12,2,0.9663,0,3,Active,0
PW028190,2026-08-03,CR,Mobile,1283,Medium,1,1,3,6,3,174.04,56.3,0.0,-0.3467,2,0,6,1,0.9171,0,3,Active,0
PW007720,2026-01-05,MX,Mobile,839,Medium,13,1,4,8,3,177.56,40.25,0.0,-0.0713,0,0,7,2,0.7125,0,5,Active,0
PW029822,2026-07-06,US,Mobile,1640,Low,6,1,4,5,3,103.36,28.35,0.3333,-0.0924,0,1,8,2,0.9111,0,3,Active,0
PW027191,2026-05-04,MX,Mobile,229,Medium,5,0,0,2,1,55.11,79.55,-1.0,-0.1844,0,1,2,1,0.0727,0,1,Active,0
PW012263,2026-03-02,BR,Desktop,1621,Medium,16,0,0,1,1,57.32,57.39,-1.0,0.1232,1,0,2,1,0.0262,1,0,Inactive,0
PW006313,2026-03-02,US,Mobile,1738,High,8,1,4,8,4,208.96,51.59,0.0,-0.0632,0,0,9,3,0.6146,0,3,Active,0
PW023542,2026-06-01,MX,Mobile,953,Medium,42,0,2,3,2,167.06,74.49,0.0,-0.6185,1,0,5,3,0.0535,1,0,Inactive,1
PW016538,2026-08-03,US,Mobile,834,Low,1,3,4,8,2,188.64,41.73,0.0,0.1206,0,0,10,3,0.9865,0,5,Active,0
PW021575,2026-03-02,MX,Mobile,1357,Medium,31,0,1,2,1,87.4,73.17,-0.5,-0.0858,0,0,2,1,0.0127,1,0,Inactive,1
PW020511,2026-03-02,US,Desktop,1116,Low,1,0,1,1,1,42.02,56.21,-0.5,-0.0887,0,0,2,1,0.2452,0,1,Active,0
PW025637,2026-03-02,US,Desktop,227,Medium,54,0,0,3,1,65.9,50.34,-1.0,-0.1916,0,0,0,1,0.0011,1,0,Inactive,1
PW027112,2026-02-02,US,Mobile,1711,Medium,6,0,1,6,1,35.8,38.74,0.0,0.2366,0,0,6,2,0.3899,0,1,Active,0
PW014362,2026-04-06,US,Mobile,1185,Low,44,0,0,3,1,35.75,32.22,-1.0,-0.203,1,0,8,1,0.0322,1,0,Inactive,1
PW001248,2026-08-03,CR,Desktop,1973,Medium,11,2,5,5,4,251.51,43.52,0.0,0.0984,1,0,8,1,0.4856,0,4,Active,0
PW000912,2026-06-01,US,Mobile,242,Low,5,1,2,4,2,97.24,47.14,0.0,-0.0886,0,0,7,2,0.8732,0,1,Active,0
PW017680,2026-04-06,US,Mobile,1104,Medium,50,0,1,1,1,32.81,28.18,0.0,-0.329,1,0,0,1,0.0004,1,0,Inactive,1
PW026464,2026-01-05,BR,Mobile,911,Medium,6,0,3,5,3,208.09,39.04,-0.4,0.1164,1,2,5,1,0.1705,1,0,Inactive,1
PW009624,2026-08-03,MX,Desktop,978,Low,28,0,1,3,1,43.68,46.31,0.0,0.106,3,0,6,2,0.0906,1,0,Inactive,1
PW022896,2026-02-02,US,Mobile,197,Low,12,1,2,5,2,42.82,20.99,0.0,0.0232,0,1,4,1,0.3035,0,4,Active,0
PW004760,2026-03-02,US,Mobile,381,Low,9,0,0,2,1,33.74,29.01,-1.0,0.3882,0,0,1,2,0.3151,0,3,Active,0
PW017614,2026-04-06,CR,Mobile,908,Medium,2,0,4,5,4,144.72,40.79,0.0,,1,0,9,2,0.6722,0,6,Active,0
PW001968,2026-05-04,US,Desktop,1906,Low,16,0,0,3,1,65.2,57.97,-1.0,-0.2198,0,0,6,1,0.2799,0,1,Active,0
PW028577,2026-01-05,CR,Mobile,791,Medium,7,1,9,9,7,662.69,88.25,-0.25,0.1692,2,0,14,4,0.971,1,0,Inactive,1
PW016734,2026-07-06,US,Desktop,908,Medium,8,0,2,3,1,102.6,43.31,0.0,-0.0984,1,2,2,2,0.2553,1,0,Inactive,0
PW007424,2026-03-02,US,Mobile,1618,Medium,11,2,6,6,6,287.88,38.87,-0.1429,0.0472,1,3,8,2,0.8376,0,1,Active,0
PW021357,2026-05-04,US,Desktop,1004,Low,38,0,0,1,1,18.95,23.1,-1.0,0.0042,1,0,4,1,0.0032,1,0,Inactive,1
PW028554,2026-05-04,MX,Mobile,1403,High,14,0,2,6,1,321.59,147.52,0.0,-0.1777,0,2,6,1,0.0684,0,1,Active,0
PW007031,2026-06-01,US,Desktop,874,Low,45,0,1,5,1,12.56,16.07,0.0,0.1684,1,1,7,1,0.0201,1,0,Inactive,1
PW010000,2026-05-04,US,Mobile,213,High,6,0,4,6,4,302.93,83.5,0.0,0.0798,0,0,10,3,0.6859,1,0,Inactive,1
PW002240,2026-05-04,MX,Mobile,1465,Medium,3,1,3,7,3,122.62,36.92,0.0,-0.1259,1,0,5,4,0.8993,0,5,Active,0
PW006984,2026-05-04,MX,Mobile,414,Medium,0,0,3,6,1,86.03,29.81,-0.4,-0.2416,1,0,2,1,0.6242,1,0,Inactive,1
PW025531,2026-02-02,MX,Mobile,1794,Medium,2,1,4,8,3,181.6,,0.3333,0.471,1,0,7,4,0.9157,0,2,Active,0
PW017486,2026-03-02,US,Mobile,343,High,12,4,9,13,9,724.7,80.47,0.5,-0.1209,2,0,7,3,0.6675,0,2,Active,0
PW000675,2026-06-01,BR,Mobile,1764,Medium,21,0,2,5,2,103.16,62.07,0.0,-0.3199,1,0,8,1,0.4696,1,0,Inactive,1
PW029791,2026-02-02,US,Desktop,1793,Low,16,0,2,3,1,17.7,7.64,0.0,-0.2314,0,0,3,1,0.349,1,0,Inactive,1
PW028920,2026-05-04,US,Mobile,1596,Medium,62,0,1,3,1,51.42,44.19,0.0,0.1339,2,2,0,1,0.0003,1,0,Inactive,1
PW016199,2026-03-02,MX,Mobile,411,Medium,10,2,4,5,3,213.42,47.88,0.0,0.099,0,0,10,2,0.7955,0,4,Active,0
PW004384,2026-01-05,US,Desktop,1408,Low,11,0,1,3,1,51.13,41.11,0.0,-0.2712,0,0,3,2,0.3236,1,0,Inactive,0
PW019293,2026-06-01,CR,Mobile,872,Low,78,0,1,2,1,89.58,95.38,0.0,-0.1093,0,1,3,1,0.0004,1,0,Inactive,1
PW026953,2026-04-06,US,Mobile,1046,Medium,12,1,5,9,5,443.48,108.9,0.0,0.054,0,1,9,3,0.9218,0,3,Active,0
PW008220,2026-05-04,CR,Desktop,983,Medium,12,0,3,6,3,632.97,139.08,0.0,0.1779,2,1,6,2,0.31,0,1,Active,0
PW014096,2026-07-06,US,Desktop,500,Low,7,1,1,6,1,64.73,54.99,0.0,-0.0376,1,2,7,1,0.3997,0,2,Active,0
PW003875,2026-05-04,US,Desktop,1333,High,39,0,3,3,2,199.03,90.18,0.0,-0.3756,0,0,1,1,0.0071,1,0,Inactive,1
PW023100,2026-07-06,CR,Mobile,1603,Medium,41,0,0,2,1,68.97,75.62,-1.0,-0.1347,0,0,2,1,0.0062,1,0,Inactive,1
PW018627,2026-03-02,US,Mobile,1446,Medium,48,0,1,1,1,100.37,85.24,0.0,-0.1726,0,1,5,3,0.0021,0,1,Active,0
PW029433,2026-02-02,US,Mobile,776,Medium,4,0,3,3,3,111.84,42.41,0.0,-0.1859,1,0,3,1,0.4592,0,1,Active,0
PW028019,2026-01-05,US,Mobile,1569,High,9,2,9,12,9,655.53,68.22,0.125,-0.099,2,0,8,2,0.8559,0,5,Active,0
PW005442,2026-02-02,US,Mobile,1058,Medium,22,0,2,5,1,134.34,57.54,0.0,-0.2868,0,0,3,1,0.1098,0,1,Active,0
PW026377,2026-07-06,CR,Mobile,1162,Medium,15,1,2,3,2,56.45,24.53,-0.5,-0.2088,0,0,4,2,0.0419,0,4,Active,0
PW003538,2026-05-04,US,Mobile,1620,High,7,0,3,5,3,222.93,70.14,-0.4,-0.248,0,0,4,2,0.3415,0,1,Active,1
PW005022,2026-03-02,BR,Mobile,973,Medium,18,0,0,2,1,28.64,27.36,-1.0,-0.166,0,1,4,1,0.0563,1,0,Inactive,1
PW009702,2026-08-03,CR,Mobile,515,Medium,35,0,2,4,2,81.87,38.04,0.0,0.1476,0,0,4,2,0.0318,1,0,Inactive,1
PW014480,2026-06-01,US,Desktop,441,Medium,6,0,3,5,3,298.65,89.18,0.5,0.0444,0,0,1,3,0.7485,0,3,Active,0
PW005594,2026-05-04,US,Mobile,203,Medium,23,0,1,4,1,78.36,67.57,0.0,-0.1543,0,0,2,2,0.0204,0,1,Active,0
PW029907,2026-06-01,US,Desktop,472,Medium,6,2,2,7,2,298.9,138.76,0.0,-0.0965,0,0,0,2,0.1452,0,6,Active,0
PW007130,2026-01-05,CR,Mobile,1532,High,2,4,14,21,13,568.46,49.09,0.2727,0.2531,0,0,16,3,0.9971,0,6,Active,0
PW002967,2026-05-04,MX,Mobile,809,Medium,4,0,2,4,2,88.15,46.4,0.0,-0.2067,1,0,6,3,0.8492,0,3,Active,0
PW000776,2026-02-02,US,Mobile,726,Medium,8,0,5,8,3,296.9,57.12,0.0,0.042,1,0,10,3,0.888,0,5,Active,0
PW001256,2026-06-01,CR,Mobile,519,Medium,18,0,3,4,3,153.99,43.32,-0.25,,0,0,0,1,0.0183,0,4,Active,0
PW008052,2026-04-06,US,Desktop,1541,Low,4,1,4,6,4,81.95,27.48,-0.2,-0.0416,2,0,8,3,0.9275,0,4,Active,0
PW017724,2026-03-02,MX,Mobile,1854,Low,38,0,0,4,1,29.2,27.56,-1.0,-0.3546,0,2,0,1,0.0077,0,1,Active,1
PW010539,2026-02-02,US,Mobile,967,Low,11,1,1,3,1,51.48,70.05,0.0,0.0086,0,0,2,2,0.5842,0,7,Active,0
PW003764,2026-06-01,US,Mobile,351,Low,19,0,0,1,1,78.6,71.07,-1.0,-0.4334,1,0,2,2,0.0763,1,0,Inactive,1
PW002510,2026-06-01,US,Mobile,332,Low,32,1,1,4,1,87.24,71.31,0.0,-0.0496,0,0,0,1,0.0104,1,0,Inactive,1
PW010158,2026-08-03,MX,Mobile,1495,Medium,2,0,2,3,1,111.19,54.98,-0.3333,-0.5933,0,1,0,3,0.5012,0,3,Active,0
PW009463,2026-02-02,MX,Mobile,781,Low,12,0,0,1,1,64.51,53.55,-1.0,-0.0205,0,0,11,2,0.8158,0,1,Active,0
PW024793,2026-04-06,MX,Mobile,1400,Medium,3,4,7,12,7,559.38,73.59,0.1667,0.2244,0,0,7,2,0.8766,0,5,Active,0
PW017750,2026-03-02,MX,Mobile,1744,Medium,11,0,0,1,1,116.06,117.32,-1.0,-0.3408,0,0,1,2,0.0482,0,2,Active,0
PW015547,2026-04-06,BR,Desktop,1482,Medium,9,2,7,9,6,203.77,32.35,0.0,-0.3078,0,0,13,2,0.8274,0,5,Active,0
PW019779,2026-02-02,MX,Desktop,818,Low,29,0,0,1,1,90.18,81.44,-1.0,-0.4268,0,0,0,1,0.0267,1,0,Inactive,1
PW022684,2026-01-05,CR,Desktop,1220,Low,50,0,1,1,1,87.39,90.57,0.0,-0.4703,0,1,0,1,0.0004,1,0,Inactive,1
PW025109,2026-03-02,MX,Mobile,1589,High,10,1,1,11,1,105.6,133.92,0.0,0.1488,1,1,0,3,0.0568,0,4,Active,0
PW028695,2026-02-02,MX,Mobile,1748,Medium,1,0,5,7,2,302.15,56.91,0.6667,-0.0936,0,0,5,2,0.8797,0,5,Active,0
PW016743,2026-03-02,BR,Desktop,1435,Medium,7,1,7,10,6,444.12,68.16,0.1667,0.0925,0,0,9,2,0.9189,0,3,Active,0
PW006148,2026-05-04,US,Mobile,604,Medium,10,0,3,6,3,200.13,61.12,0.0,0.5328,0,0,10,2,0.9208,0,5,Active,0
PW017262,2026-08-03,US,Desktop,813,Low,12,0,0,1,1,40.65,48.83,-1.0,-0.65,0,1,5,1,0.1782,0,1,Active,0
PW026453,2026-08-03,US,Mobile,1190,Low,23,1,2,2,1,137.08,74.59,0.0,-0.1467,0,0,9,1,0.1221,0,3,Active,0
PW002089,2026-02-02,US,Desktop,462,Low,0,0,2,3,1,85.79,,0.0,-0.4514,0,0,5,2,0.8774,0,5,Active,0
PW002449,2026-03-02,US,Mobile,760,Low,8,0,0,3,1,23.16,33.06,-1.0,,0,0,7,3,0.6666,0,3,Active,0
PW021731,2026-02-02,US,Mobile,1140,Medium,14,1,4,6,1,282.16,87.75,0.0,-0.3323,0,0,0,1,0.1694,0,2,Active,1
PW004766,2026-04-06,US,Mobile,986,Low,14,0,0,1,1,10.58,15.07,-1.0,-0.3225,0,0,5,1,0.0556,0,3,Active,0
PW028854,2026-08-03,MX,Mobile,1131,Medium,40,0,1,1,1,132.05,136.1,-0.5,-0.4418,0,1,1,2,0.0072,1,0,Inactive,0
PW009395,2026-03-02,BR,Mobile,1693,High,4,6,13,15,12,1014.13,63.14,0.3,0.2566,2,1,9,2,,1,0,Inactive,1
PW017250,2026-03-02,BR,Desktop,1333,Medium,3,1,6,7,4,276.66,60.75,0.0,-0.089,3,0,10,2,0.8542,0,3,Active,0
PW011602,2026-01-05,MX,Mobile,1466,Medium,19,0,3,4,2,212.34,62.64,0.0,-0.0118,0,1,6,1,0.1048,0,1,Active,1
PW014584,2026-06-01,US,Mobile,1330,High,6,3,5,9,5,303.26,59.67,0.25,-0.1899,3,0,2,2,0.4692,0,3,Active,0
PW014300,2026-06-01,US,Mobile,1634,Low,9,0,1,3,1,12.95,11.1,0.0,-0.0034,1,0,0,1,0.0754,0,1,Active,0
PW016731,2026-02-02,US,Desktop,711,Low,1,0,2,3,2,61.8,36.12,0.0,-0.2133,0,1,4,1,0.3017,0,3,Active,0
PW010871,2026-05-04,US,Mobile,1876,Medium,16,0,0,2,1,107.62,,-1.0,0.0159,0,0,5,2,0.2459,0,5,Active,1
PW025417,2026-08-03,US,Mobile,1862,Medium,7,2,6,9,5,315.65,71.1,0.0,0.2274,0,0,2,2,0.7826,1,0,Inactive,1
PW028424,2026-04-06,US,Mobile,429,Low,28,0,1,4,1,31.07,39.65,-0.5,-0.1783,1,0,8,1,0.0836,1,0,Inactive,1
PW020360,2026-06-01,US,Desktop,1248,Medium,14,1,3,7,3,87.1,29.14,0.0,0.1854,1,0,1,1,,0,2,Active,0
PW012306,2026-06-01,US,Desktop,1236,Medium,8,0,0,5,1,125.27,125.79,-1.0,0.2044,0,0,8,1,0.4985,0,1,Active,0
PW024251,2026-05-04,MX,Mobile,1518,High,1,4,7,14,5,1348.39,144.86,0.1667,-0.0879,0,0,15,3,0.9271,0,3,Active,0
PW011582,2026-01-05,US,Mobile,207,Medium,30,0,1,3,1,41.98,56.29,0.0,-0.1106,0,0,0,2,0.0211,0,1,Active,0
PW022854,2026-07-06,BR,Mobile,1468,Medium,7,0,1,4,1,24.26,23.56,0.0,,0,2,0,1,0.1259,0,1,Active,0
PW028885,2026-07-06,MX,Mobile,834,Low,29,0,0,1,1,43.76,52.8,-1.0,-0.083,0,0,0,1,0.1608,1,0,Inactive,1
PW022298,2026-01-05,US,Desktop,843,Medium,25,0,1,2,1,148.8,119.52,0.0,-0.3996,1,0,0,1,,1,0,Inactive,1
PW011053,2026-08-03,US,Mobile,1952,Medium,83,0,1,3,1,44.36,60.67,-0.5,-0.2935,0,0,2,2,0.0001,1,0,Inactive,1
PW000464,2026-04-06,CR,Desktop,1407,Medium,11,0,1,6,1,77.11,84.61,0.0,0.0464,2,0,5,2,0.4266,1,0,Inactive,1
PW027518,2026-04-06,US,Mobile,1053,Medium,19,0,0,2,1,52.12,,-1.0,0.0009,0,0,0,1,,0,7,Active,0
PW000229,2026-01-05,BR,Mobile,1388,Medium,9,0,0,4,1,10.7,8.86,-1.0,0.001,0,1,6,2,0.7912,0,2,Active,0
PW013098,2026-02-02,US,Mobile,1558,Medium,11,1,3,6,3,317.71,113.18,0.0,-0.1403,0,0,11,3,0.8366,0,4,Active,0
PW026604,2026-07-06,BR,Mobile,902,Medium,40,0,0,2,1,32.63,30.23,-1.0,-0.0987,1,1,7,2,0.0148,0,1,Active,0
PW001342,2026-01-05,US,Mobile,679,Medium,8,0,5,6,5,178.52,38.44,-0.1667,-0.0395,0,0,6,2,0.1243,0,6,Active,0
PW005722,2026-05-04,CR,Mobile,1263,Medium,20,1,3,4,2,274.82,101.59,0.0,-0.342,1,0,5,1,0.3141,0,3,Active,0
PW017560,2026-03-02,BR,Mobile,1604,Medium,10,1,3,6,2,222.66,65.82,0.0,0.0585,1,0,10,1,0.7465,0,4,Active,0
PW024029,2026-03-02,CR,Mobile,1261,Low,18,0,1,1,1,42.6,42.36,0.0,-0.1887,0,0,2,2,0.1156,0,2,Active,0
PW029646,2026-05-04,MX,Mobile,859,Medium,28,0,2,4,1,60.15,36.43,0.0,-0.2709,0,0,7,1,0.0942,1,0,Inactive,1
PW026326,2026-05-04,BR,Mobile,391,Medium,16,0,1,5,1,103.68,86.22,0.0,0.3581,1,0,3,2,,0,1,Active,0
PW023859,2026-04-06,US,Mobile,611,Low,10,0,2,5,1,83.85,54.29,0.0,0.2667,2,0,2,1,0.4182,0,2,Active,0
PW029034,2026-02-02,US,Desktop,1006,High,12,0,5,7,5,680.18,108.63,0.25,0.0123,1,1,6,2,0.4024,0,1,Active,0
PW024595,2026-02-02,BR,Desktop,1361,Low,5,0,1,2,1,78.0,72.83,-0.5,0.2932,0,0,5,1,0.6269,0,1,Active,0
PW012058,2026-01-05,BR,Mobile,871,Medium,21,1,2,7,2,145.65,73.63,0.0,-0.0561,0,0,3,2,0.1773,1,0,Inactive,1
PW013641,2026-06-01,CR,Mobile,779,Medium,3,2,6,13,6,253.17,47.71,0.2,0.1245,2,0,9,2,0.7945,0,5,Active,0
PW012425,2026-07-06,BR,Mobile,518,Low,26,0,2,7,2,57.95,25.94,0.0,-0.2178,0,0,0,1,0.0076,1,0,Inactive,1
PW016145,2026-08-03,BR,Mobile,309,Low,31,0,1,3,1,21.18,17.65,0.0,-0.1058,1,1,1,2,0.0314,0,1,Active,1
PW006628,2026-05-04,US,Mobile,1315,Medium,28,1,2,2,2,243.42,168.88,0.0,-0.1176,2,0,2,1,0.1014,0,1,Active,0
PW008661,2026-01-05,BR,Desktop,1589,Medium,22,0,1,3,1,68.97,86.06,0.0,-0.1128,0,1,5,1,0.2205,1,0,Inactive,0
PW025869,2026-03-02,MX,Mobile,1720,Medium,12,0,3,4,3,63.81,20.65,0.0,-0.3342,0,2,4,1,0.5883,1,0,Inactive,1
PW017775,2026-05-04,US,Desktop,1879,High,8,2,5,7,3,576.91,114.2,0.0,0.3529,1,0,8,3,0.6841,0,5,Active,0
PW014168,2026-04-06,MX,Mobile,1180,High,9,0,2,3,2,365.11,186.47,0.0,-0.3949,1,0,0,1,0.1946,0,3,Active,0
PW020336,2026-08-03,US,Mobile,407,Low,17,0,0,2,1,23.12,17.53,-1.0,-0.0571,0,0,3,1,0.3284,0,1,Active,0
PW018587,2026-04-06,US,Mobile,518,Medium,34,0,6,7,5,112.06,16.6,0.0,0.1673,0,0,5,1,0.0785,0,6,Active,1
PW024985,2026-08-03,BR,Desktop,1606,Medium,11,1,2,6,2,292.95,135.99,0.0,-0.3717,0,0,3,1,0.1961,0,1,Active,0
PW015729,2026-06-01,US,Mobile,1355,Medium,14,0,0,1,1,67.84,63.54,-1.0,-0.4342,1,2,3,1,0.1099,0,1,Active,0
PW009349,2026-07-06,US,Mobile,1778,Medium,5,0,2,4,2,62.78,,0.0,-0.1543,0,1,0,1,0.3637,0,2,Active,0
PW016709,2026-04-06,MX,Mobile,1695,Low,4,0,4,5,4,148.58,28.45,0.0,-0.2601,0,0,5,1,0.268,0,1,Active,0
PW021678,2026-01-05,MX,Mobile,1130,Medium,14,0,0,2,1,101.8,107.19,-1.0,-0.2697,0,1,1,1,0.0737,1,0,Inactive,1
PW020533,2026-05-04,US,Desktop,1719,Low,11,1,1,3,1,24.98,24.61,-0.5,-0.1922,0,0,3,1,0.3777,0,2,Active,0
PW016682,2026-06-01,BR,Mobile,1486,Medium,34,0,0,1,1,79.94,83.44,-1.0,-0.1782,0,0,4,2,0.011,1,0,Inactive,1
PW026482,2026-04-06,BR,Mobile,728,Medium,8,1,3,9,3,391.24,136.97,0.0,0.131,0,0,5,3,0.3319,0,6,Active,0
PW004054,2026-01-05,US,Mobile,1292,Low,16,0,2,4,1,69.04,31.23,-0.3333,-0.2103,1,1,5,1,0.4359,0,2,Active,0
PW013099,2026-04-06,CR,Desktop,1483,Low,6,0,1,4,1,50.04,74.76,0.0,-0.1574,2,1,6,1,0.7015,0,3,Active,0
PW017481,2026-02-02,BR,Mobile,1551,Low,2,0,3,3,1,161.56,61.18,0.5,-0.2831,0,0,4,1,0.5842,1,0,Inactive,0
PW009011,2026-05-04,US,Mobile,1605,Medium,52,0,0,2,1,39.7,33.72,-1.0,-0.0989,1,0,4,1,0.0034,1,0,Inactive,1
PW001036,2026-03-02,CR,Mobile,878,High,1,0,3,8,3,1029.67,342.06,0.0,-0.2632,0,0,10,3,0.7625,0,2,Active,0
PW020910,2026-04-06,US,Mobile,418,High,11,1,5,9,5,426.91,90.62,-0.2857,0.0261,0,0,7,2,0.5371,0,5,Active,0
PW020988,2026-07-06,CR,Desktop,572,Medium,4,2,3,7,2,407.32,95.12,0.0,-0.3147,1,1,3,3,0.8742,0,1,Active,0
PW024553,2026-05-04,BR,Desktop,1483,Low,6,1,3,4,2,114.24,33.4,0.5,-0.315,0,0,5,2,0.9238,0,3,Active,0
PW021151,2026-03-02,BR,Desktop,938,Medium,6,0,0,3,1,96.22,102.42,-1.0,0.1664,0,0,3,2,,0,2,Active,0
PW004176,2026-06-01,BR,Desktop,1735,Medium,22,0,1,4,1,99.02,78.25,0.0,-0.0109,1,0,0,1,0.0767,0,1,Active,1
PW007219,2026-01-05,US,Mobile,479,High,14,2,5,7,5,559.22,116.99,0.0,0.0707,1,1,6,3,0.8227,0,7,Active,0
PW012537,2026-03-02,US,Mobile,1488,Low,8,0,2,6,2,59.59,40.28,0.0,-0.0518,0,1,9,1,0.967,0,3,Active,0
PW015339,2026-08-03,br,Mobile,1439,Low,14,0,2,4,2,55.04,27.12,-0.3333,-0.195,0,1,8,2,0.2732,0,1,Active,0
PW010694,2026-01-05,US,Mobile,632,Medium,5,1,4,6,4,184.77,59.1,0.0,0.0946,1,0,5,3,0.747,0,2,Active,1
PW022422,2026-04-06,MX,Mobile,206,Medium,4,0,0,2,1,54.56,55.36,-1.0,-0.3272,4,0,0,1,0.1325,1,0,Inactive,0
PW016355,2026-06-01,MX,Mobile,670,Low,28,0,1,4,1,43.16,37.1,-0.5,-0.3829,1,0,0,1,0.0303,0,1,Active,1
PW020540,2026-05-04,US,Mobile,1567,Medium,7,1,5,8,5,225.54,47.02,0.0,-0.0217,0,0,16,2,0.9832,0,4,Active,0
PW018751,2026-08-03,BR,Mobile,1503,Medium,11,0,2,3,2,47.53,29.71,0.0,0.1469,1,0,4,2,0.2297,0,4,Active,0
PW002050,2026-04-06,CR,Desktop,1844,Medium,12,0,3,6,3,193.76,69.71,0.0,0.0888,0,0,6,3,0.6738,0,6,Active,1
PW013812,2026-08-03,BR,Mobile,470,Medium,11,0,1,5,1,39.09,33.84,0.0,-0.4653,0,0,0,1,0.1067,1,0,Inactive,1
PW024097,2026-01-05,US,Mobile,499,Medium,25,0,1,4,1,56.01,55.94,-0.5,-0.0621,0,0,1,2,0.0364,1,0,Inactive,1
PW024304,2026-02-02,US,Desktop,1331,Medium,10,0,0,3,1,26.29,26.01,-1.0,0.1053,0,1,5,1,0.1358,0,1,Active,0
PW026303,2026-03-02,US,Mobile,1478,Low,4,0,1,5,1,15.0,18.05,0.0,0.2512,1,2,3,1,0.2879,0,1,Active,0
PW001333,2026-01-05,MX,Mobile,1178,Low,3,4,4,6,3,105.39,23.1,0.3333,-0.1323,0,0,10,3,0.8793,0,1,Active,0
PW023803,2026-07-06,US,Mobile,1024,Medium,18,0,1,7,1,26.03,32.89,0.0,-0.0216,0,0,8,2,0.2408,0,2,Active,0
PW010925,2026-06-01,MX,Mobile,1324,Low,17,0,0,4,1,50.88,42.47,-1.0,0.0701,1,0,7,2,0.2957,0,1,Active,0
PW001190,2026-05-04,MX,Desktop,1172,Low,19,1,3,4,2,163.68,43.55,-0.25,-0.0347,1,0,1,1,0.0429,0,1,Active,0
PW004249,2026-07-06,US,Mobile,382,Medium,14,0,4,5,3,83.69,16.8,-0.3333,0.6746,0,0,3,3,0.4882,0,1,Active,0
PW014034,2026-08-03,BR,Desktop,807,Medium,8,0,1,6,1,71.95,70.66,0.0,-0.0499,0,0,3,1,0.196,0,1,Active,0
PW017267,2026-08-03,US,Desktop,1570,Low,17,0,3,5,3,169.47,52.01,0.0,-0.4243,0,0,8,2,0.3411,0,4,Active,0
PW007020,2026-07-06,MX,Mobile,942,Medium,13,1,-1,4,4,211.74,55.79,0.0,0.0325,1,0,6,2,0.566,0,4,Active,0
PW017351,2026-08-03,US,Mobile,1969,Low,13,0,0,2,1,56.14,50.22,-1.0,0.0351,0,0,7,1,0.7356,0,3,Active,0
PW022893,2026-07-06,US,Desktop,1021,Medium,9,1,2,4,2,151.23,87.0,0.0,0.0553,2,1,2,1,0.1947,0,1,Active,0
PW020526,2026-06-01,BR,Mobile,1252,Medium,8,1,3,5,3,85.79,34.32,0.0,-0.1349,0,0,8,3,0.7932,0,7,Active,0
PW001323,2026-07-06,MX,Mobile,585,Medium,14,0,1,2,1,46.31,60.87,-0.5,-0.495,0,0,3,1,0.1055,1,0,Inactive,1
PW020336,2026-08-03,US,Mobile,407,Low,17,0,0,2,1,23.12,17.53,-1.0,-0.0571,0,0,3,1,0.3284,0,1,Active,0
PW019536,2026-05-04,US,Mobile,1276,Low,13,0,1,2,1,42.02,43.27,0.0,0.2709,2,1,3,1,0.2251,1,0,Inactive,1
PW028657,2026-04-06,US,Desktop,369,Medium,4,2,8,9,5,210.69,21.2,-0.1111,0.0078,0,0,11,3,0.9486,0,2,Active,0
PW029299,2026-01-05,BR,Mobile,1655,Low,12,0,0,2,1,107.35,95.47,-1.0,-0.3684,0,0,0,1,0.1321,1,0,Inactive,1
PW004430,2026-02-02,MX,Mobile,1032,Low,18,0,0,3,1,15.66,22.33,-1.0,-0.1369,1,0,11,1,0.456,1,0,Inactive,1
PW023780,2026-03-02,MX,Mobile,287,Low,29,0,1,1,1,38.31,47.93,0.0,-0.1514,0,0,4,1,0.0128,0,2,Active,0
PW017887,2026-06-01,MX,Mobile,1708,Medium,6,2,3,5,3,222.57,70.8,0.0,0.1271,1,1,5,4,0.5777,0,4,Active,0
PW028480,2026-01-05,US,Desktop,1483,Medium,5,2,7,7,7,134.26,13.6,-0.2222,0.248,0,1,14,4,0.9792,0,2,Active,0
PW022350,2026-03-02,BR,Mobile,1472,Low,21,0,1,2,1,48.23,60.46,0.0,-0.5088,2,2,0,2,0.1956,0,1,Active,0
PW006682,2026-01-05,US,Mobile,583,Medium,3,2,7,8,6,436.8,63.86,0.1667,0.2684,0,0,8,2,0.9341,0,1,Active,0
PW020246,2026-07-06,US,Desktop,1039,High,26,0,2,6,2,125.09,68.97,0.0,-0.2685,1,0,0,2,0.015,0,1,Active,1
PW016088,2026-04-06,BR,Mobile,1450,Low,7,0,1,3,1,35.55,36.83,0.0,-0.1299,1,0,2,3,0.1867,0,5,Active,0
PW014226,2026-05-04,CR,Mobile,997,Medium,4,1,2,6,2,131.89,78.45,0.0,0.1982,0,0,13,4,0.9635,0,8,Active,0
PW000414,2026-07-06,MX,Mobile,552,Low,27,0,2,3,2,58.35,28.79,0.0,,1,0,2,2,0.0302,1,0,Inactive,1
PW007138,2026-08-03,BR,Mobile,406,Medium,20,0,5,10,5,378.61,82.18,0.0,0.0325,2,0,7,2,0.2652,0,2,Active,0
PW021603,2026-03-02,CR,Mobile,1475,Medium,21,0,1,2,1,61.57,62.14,-0.5,-0.1457,0,0,3,1,0.1178,0,1,Active,0
PW017461,2026-01-05,MX,Desktop,762,Medium,2,0,0,3,1,62.86,57.7,-1.0,-0.3685,0,1,2,1,0.3332,1,0,Inactive,0
PW025246,2026-04-06,MX,Desktop,1675,Medium,36,0,0,6,1,99.08,85.94,-1.0,-0.0647,0,0,6,2,0.1551,1,0,Inactive,1
PW019863,2026-06-01,BR,Mobile,400,Low,16,0,0,2,1,60.61,71.91,-1.0,-0.3273,1,1,1,1,0.062,1,0,Inactive,1
PW024671,2026-03-02,US,Desktop,1104,Low,5,0,0,1,1,120.95,110.76,-1.0,-0.0092,0,0,6,1,0.7544,0,2,Active,0
PW023302,2026-05-04,MX,Desktop,936,High,8,1,4,9,3,362.05,72.14,-0.2,-0.2198,0,0,0,1,0.3236,0,2,Active,0
PW019521,2026-07-06,CR,Desktop,1655,Medium,41,0,2,8,2,183.93,88.16,-0.3333,0.1304,0,0,2,1,0.008,0,2,Active,0
PW004902,2026-06-01,US,Desktop,458,Medium,10,1,4,7,3,134.98,31.54,0.0,0.039,0,0,6,2,0.8991,0,9,Active,0
PW012473,2026-07-06,BR,Desktop,1120,Low,30,0,0,2,1,29.47,33.19,-1.0,-0.0995,1,0,2,1,0.0069,1,0,Inactive,1
PW010838,2026-08-03,MX,Mobile,1696,Medium,26,0,1,4,1,83.48,82.78,0.0,-0.0748,0,0,0,2,0.0267,1,0,Inactive,1
PW027601,2026-04-06,MX,Mobile,408,Medium,22,2,2,5,2,154.59,58.54,-0.3333,-0.2069,0,0,2,3,0.1516,1,0,Inactive,1
PW023929,2026-08-03,US,Mobile,1811,Low,30,0,0,2,1,56.66,48.04,-1.0,-0.1322,1,0,0,2,0.0788,1,0,Inactive,1
PW009211,2026-05-04,US,Mobile,287,Medium,2,2,6,6,4,334.03,56.55,0.0,0.183,1,1,3,3,0.7869,0,1,Active,0
PW020666,2026-06-01,BR,Mobile,839,High,2,3,8,11,6,748.28,120.38,0.0,0.4933,1,0,12,2,0.9804,0,5,Active,0
PW020281,2026-03-02,US,Mobile,710,Low,6,0,1,2,1,87.27,98.73,-0.5,-0.006,0,0,0,1,0.2212,0,2,Active,0
PW027568,2026-05-04,MX,Mobile,1272,Medium,21,0,0,1,1,43.36,47.62,-1.0,-0.0578,0,0,0,3,0.114,1,0,Inactive,1
PW023167,2026-08-03,US,Mobile,896,Low,11,0,0,1,1,77.01,72.83,-1.0,,2,0,0,1,0.0497,0,1,Active,0
PW008231,2026-08-03,US,Mobile,1554,Low,8,0,1,3,1,25.88,28.75,0.0,0.1641,0,0,5,1,0.6435,0,4,Active,0
PW000146,2026-03-02,US,Mobile,645,Medium,3,1,6,8,5,623.89,103.68,0.2,-0.0285,0,0,11,3,0.9637,0,8,Active,0
PW013845,2026-04-06,CR,Mobile,1161,High,7,6,12,13,12,1065.97,113.94,-0.1429,0.1508,1,0,13,3,0.981,1,0,Inactive,1
PW005731,2026-01-05,US,Mobile,1125,Medium,14,0,1,2,1,56.64,48.17,-0.5,0.1596,0,1,4,1,0.1316,0,3,Active,0
PW017945,2026-06-01,US,Mobile,1887,Medium,10,0,0,3,1,48.48,46.95,-1.0,-0.3698,1,0,5,1,0.0607,1,0,Inactive,0
PW005175,2026-05-04,BR,Mobile,1069,Medium,19,0,0,4,1,34.15,33.85,-1.0,-0.3346,0,0,2,1,0.0727,0,2,Active,0
PW026621,2026-02-02,MX,Mobile,643,Medium,7,0,3,7,2,136.68,37.06,0.0,-0.2013,1,0,11,2,0.9193,0,1,Active,0
PW016281,2026-03-02,MX,Mobile,1018,Medium,22,1,3,6,2,175.45,69.33,-0.25,0.0817,0,0,7,1,0.2321,1,0,Inactive,1
PW010060,2026-05-04,US,Mobile,1401,High,4,5,16,21,13,1573.34,99.26,0.4545,0.0904,1,0,8,3,0.9857,0,7,Active,0
PW014327,2026-04-06,BR,Mobile,245,Medium,22,0,0,1,1,89.19,93.71,-1.0,0.0365,0,0,2,3,0.1316,1,0,Inactive,1
PW011065,2026-02-02,MX,Mobile,1469,Low,6,2,2,4,2,35.97,22.91,0.0,0.1076,1,0,1,1,0.6006,0,4,Active,0
PW013197,2026-06-01,US,Mobile,1443,High,3,4,10,16,9,806.54,75.38,0.4286,-0.2148,1,0,16,3,0.9699,0,3,Active,0
PW028927,2026-06-01,BR,Mobile,699,Low,15,1,1,3,1,90.04,107.96,0.0,-0.2786,2,0,0,2,0.1525,1,0,Inactive,0
PW012896,2026-03-02,US,Desktop,467,High,4,6,12,14,6,1373.97,109.94,0.2,-0.116,1,0,12,3,0.9455,0,3,Active,0
PW025731,2026-06-01,MX,Mobile,575,Medium,6,0,0,5,1,68.24,65.17,-1.0,0.0462,0,0,2,1,0.5713,0,2,Active,0
PW022780,2026-05-04,MX,Desktop,1765,Medium,14,2,8,12,8,322.13,46.68,-0.2,-0.015,1,0,5,1,0.4847,1,0,Inactive,1
PW004780,2026-03-02,US,Desktop,1372,Low,18,0,0,1,1,17.92,25.43,-1.0,-0.6029,0,0,4,1,0.2386,0,4,Active,0
PW027041,2026-06-01,US,Mobile,1789,Low,5,0,0,1,1,18.47,22.66,-1.0,-0.3147,2,1,2,1,0.1531,0,2,Active,0
PW027807,2026-03-02,MX,Mobile,160,Medium,7,1,1,3,1,241.66,306.06,0.0,-0.32,0,1,8,2,0.322,0,3,Active,0
PW029203,2026-02-02,MX,Desktop,939,Medium,15,0,3,7,3,500.31,128.68,0.0,-0.2197,0,1,0,1,0.0945,0,1,Active,0
PW001376,2026-03-02,MX,Mobile,241,Low,33,0,0,2,1,50.81,50.13,-1.0,-0.3754,0,0,0,1,0.0252,1,0,Inactive,1
PW021739,2026-03-02,US,Desktop,1024,Low,21,0,1,1,1,68.88,65.03,0.0,0.0474,0,1,0,1,0.0474,1,0,Inactive,1
PW013831,2026-07-06,BR,Mobile,1536,Medium,25,0,3,6,2,135.99,51.3,-0.25,-0.2741,1,0,4,1,0.0628,0,3,Active,0
PW006523,2026-03-02,CR,Mobile,209,High,3,0,2,2,1,95.98,38.08,-0.3333,0.0594,0,0,8,2,0.7895,0,1,Active,0
PW028114,2026-06-01,BR,Mobile,1146,Medium,8,1,1,2,1,92.18,96.71,0.0,-0.2016,0,0,4,3,0.2941,0,1,Active,0
PW022565,2026-04-06,US,Mobile,1597,Medium,4,0,1,5,1,69.26,66.18,0.0,-0.2893,1,1,3,3,0.5358,0,3,Active,0
PW012257,2026-01-05,MX,Mobile,726,Medium,7,3,5,5,5,587.35,113.42,0.0,-0.2461,0,0,5,1,0.7595,1,0,Inactive,1
PW000896,2026-02-02,CR,Mobile,576,Low,11,2,4,6,4,232.93,54.3,0.0,-0.2526,1,0,10,3,0.8942,0,2,Active,0
PW022828,2026-06-01,US,Mobile,857,Medium,8,1,3,10,2,169.47,66.01,0.5,-0.052,1,0,4,2,0.6727,0,4,Active,0
PW002088,2026-06-01,US,Desktop,703,Low,64,0,1,3,1,59.04,59.48,0.0,0.0333,0,1,0,1,0.0007,1,0,Inactive,1
PW018775,2026-02-02,CR,Desktop,1321,Medium,10,0,1,3,1,35.82,34.95,0.0,-0.1989,0,0,8,2,0.5525,1,0,Inactive,0
PW021580,2026-06-01,MX,Mobile,1352,Low,12,0,0,1,1,94.57,77.49,-1.0,-0.3209,0,0,0,1,0.1086,0,2,Active,0
PW010841,2026-06-01,US,Desktop,1460,Low,10,0,1,1,1,28.15,37.29,0.0,-0.2072,0,0,0,1,0.214,0,1,Active,0
PW017971,2026-03-02,MX,Mobile,444,Medium,23,1,3,4,2,319.05,94.48,-0.25,-0.0707,2,0,2,1,0.0231,0,2,Active,0
PW023915,2026-08-03,MX,Desktop,1409,Low,28,0,0,2,1,41.86,36.22,-1.0,0.1286,0,0,0,1,0.054,0,2,Active,0
PW016024,2026-01-05,US,Mobile,846,Low,10,0,0,5,1,47.78,,-1.0,0.0496,1,0,3,1,0.144,0,1,Active,0
PW001099,2026-01-05,BR,Mobile,999,Medium,17,0,1,2,1,97.11,106.08,-0.5,-0.1635,0,0,6,2,0.0638,1,0,Inactive,1
PW014489,2026-02-02,BR,Desktop,1082,Low,4,3,6,12,5,105.45,20.9,0.2,0.3528,2,0,11,3,0.9699,0,6,Active,0
PW028996,2026-03-02,US,Desktop,1012,Medium,25,1,2,4,2,89.25,51.62,0.0,0.111,0,0,5,2,0.3475,0,1,Active,0
PW009318,2026-07-06,CR,Mobile,1485,Medium,3,0,2,3,1,111.0,51.01,-0.3333,0.0678,2,0,3,1,0.4642,0,1,Active,0
PW026592,2026-04-06,US,Desktop,1105,Medium,19,1,2,5,2,135.95,64.76,0.0,-0.1837,1,1,9,1,0.5225,0,1,Active,0
PW006664,2026-02-02,MX,Mobile,215,Low,3,1,2,5,2,148.57,71.39,0.0,-0.1547,1,0,5,1,0.7791,0,1,Active,0
PW004566,2026-04-06,US,Mobile,1347,High,10,0,3,6,3,289.06,72.27,-0.25,0.023,0,0,6,1,0.3991,0,1,Active,0
PW029312,2026-02-02,BR,Mobile,496,Medium,6,1,4,5,3,242.76,94.63,-0.2,0.2932,1,0,2,2,0.6479,0,3,Active,0
PW009470,2026-05-04,US,Mobile,1597,Medium,9,0,2,6,2,88.3,55.35,-0.3333,,2,2,9,2,0.8642,0,2,Active,0
PW002252,2026-05-04,BR,Desktop,1523,Medium,57,0,0,1,1,67.43,58.93,-1.0,-0.3928,1,2,0,1,0.0001,0,1,Active,0
PW029375,2026-02-02,CR,Desktop,1734,Low,11,0,0,1,1,26.22,34.39,-1.0,0.0555,0,1,2,1,0.346,0,1,Active,0
PW003144,2026-04-06,US,Mobile,1767,Low,3,0,1,3,1,15.42,24.0,0.0,0.2989,0,0,3,2,0.7277,0,4,Active,0
PW013347,2026-02-02,US,Mobile,352,High,7,0,10,12,9,1449.34,128.73,0.25,0.191,0,2,16,3,0.9884,0,6,Active,0
PW003532,2026-06-01,BR,Mobile,1804,Medium,17,0,0,3,1,31.28,39.32,-1.0,-0.2001,1,1,0,2,0.0983,0,3,Active,0
PW026898,2026-02-02,BR,Mobile,706,Medium,7,1,3,4,3,242.85,82.73,0.0,-0.3738,0,0,9,2,0.4416,0,3,Active,0
PW012319,2026-02-02,BR,Desktop,691,Medium,15,0,2,6,2,139.73,107.35,-0.6,,0,0,3,2,0.662,0,3,Active,0
PW025588,2026-08-03,BR,Mobile,1617,High,4,1,9,12,6,1165.14,129.58,-0.3077,-0.1345,2,0,8,3,0.6146,0,3,Active,0
PW006173,2026-06-01,CR,Desktop,1633,Low,6,1,1,3,1,29.97,20.88,0.0,0.0775,2,1,6,2,0.4685,0,1,Active,0
PW023923,2026-04-06,BR,Mobile,968,Low,24,0,0,2,1,17.08,20.72,-1.0,,1,0,0,1,0.0534,1,0,Inactive,1
PW019376,2026-07-06,MX,Mobile,1743,Medium,6,0,1,4,1,105.03,106.0,0.0,-0.1041,0,0,7,3,0.3807,0,1,Active,0
PW023648,2026-06-01,MX,Mobile,543,Medium,13,0,2,3,1,217.13,94.89,-0.3333,-0.0365,1,1,0,1,0.0416,0,1,Active,0
PW009495,2026-05-04,US,Mobile,1376,Low,26,0,1,2,1,56.28,42.73,0.0,0.1877,2,0,8,1,0.2063,1,0,Inactive,1
PW014094,2026-02-02,US,Mobile,1206,High,3,1,5,6,4,693.33,136.98,-0.5455,0.2918,0,1,3,2,0.137,0,3,Active,0
PW020242,2026-07-06,CR,Mobile,308,Low,15,0,0,2,1,12.47,15.92,-1.0,,1,0,2,1,0.4556,0,1,Active,0
PW023148,2026-02-02,MX,Desktop,1163,Medium,11,0,4,6,4,528.93,108.45,0.3333,-0.0554,2,0,8,2,0.7621,0,5,Active,0
PW024119,2026-04-06,CR,Mobile,436,Medium,84,0,0,2,1,124.78,130.28,-1.0,-0.0783,0,1,3,1,0.0001,1,0,Inactive,1
PW000960,2026-06-01,CR,Mobile,1000,Medium,4,0,2,5,2,329.3,162.49,-0.3333,0.0131,0,0,4,1,0.4894,0,2,Active,0
PW007869,2026-05-04,US,Mobile,264,Low,11,0,0,3,1,46.28,36.17,-1.0,-0.3183,0,0,6,1,0.4392,0,2,Active,0
PW012157,2026-04-06,US,Desktop,1776,Low,5,0,0,1,1,56.85,69.29,-1.0,-0.016,0,0,2,1,0.137,0,1,Active,0
PW024362,2026-03-02,US,Mobile,1559,Medium,3,0,1,5,1,46.14,36.74,0.0,0.1139,0,0,6,3,0.4318,0,2,Active,0
PW029403,2026-07-06,MX,Mobile,1642,Low,19,0,1,1,1,14.89,18.31,0.0,-0.1535,0,0,0,1,0.0463,0,2,Active,0
PW015340,2026-04-06,MX,Desktop,912,Medium,18,0,1,1,1,86.13,90.64,0.0,0.0761,0,1,0,1,0.0872,0,1,Active,0
PW000778,2026-05-04,BR,Desktop,401,Low,35,0,0,3,1,94.4,96.38,-1.0,-0.3453,0,0,0,1,0.0045,1,0,Inactive,1
PW009426,2026-07-06,US,Mobile,1082,High,8,1,7,13,7,1049.36,103.55,0.1667,0.084,0,1,7,3,0.765,0,4,Active,0
PW025054,2026-07-06,US,Mobile,934,Medium,12,0,0,4,1,94.69,85.23,-1.0,0.2427,0,0,0,1,0.2047,0,1,Active,0
PW012326,2026-04-06,US,Mobile,583,High,11,2,5,9,5,429.13,82.86,0.25,-0.0905,2,1,7,2,0.5235,0,5,Active,0
PW023859,2026-04-06,us,Mobile,611,Low,10,0,2,5,1,83.85,54.29,0.0,0.2667,2,0,2,1,0.4182,0,2,Active,0
PW016764,2026-03-02,BR,Mobile,881,Medium,7,2,2,6,2,176.5,100.06,0.0,-0.2641,0,0,1,2,0.3302,0,5,Active,1
PW002278,2026-01-05,MX,Mobile,578,Low,4,1,2,5,2,34.95,20.99,0.0,-0.054,0,2,4,2,0.8525,0,4,Active,0
PW011086,2026-01-05,US,Mobile,1645,Medium,17,1,1,1,1,60.93,65.44,-0.5,-0.104,1,0,6,1,0.1212,0,1,Active,0
PW028693,2026-01-05,US,Mobile,723,Medium,4,6,10,12,7,531.57,47.04,0.6667,0.0671,1,0,14,3,0.9783,0,5,Active,0
PW017755,2026-05-04,BR,Desktop,1027,Medium,9,0,1,4,1,100.09,98.2,0.0,0.1556,1,0,4,1,0.584,0,3,Active,0
PW020248,2026-08-03,MX,Mobile,1951,High,25,1,2,7,2,487.25,216.23,-0.5,-0.3141,1,1,6,2,0.0813,1,0,Inactive,1
PW029109,2026-05-04,US,Mobile,961,Medium,26,0,3,5,3,169.35,45.96,0.0,-0.4099,1,0,3,3,0.0614,0,1,Active,0
PW014005,2026-03-02,CR,Mobile,524,Low,15,1,1,4,1,26.42,23.05,0.0,0.0969,1,0,2,1,0.2743,0,1,Active,0
PW024596,2026-04-06,BR,Mobile,986,Medium,35,1,3,5,2,176.43,65.05,0.0,0.102,5,2,2,1,0.0267,0,3,Active,0
PW012419,2026-07-06,BR,Mobile,365,Medium,13,1,1,2,1,66.56,,0.0,-0.1803,2,1,3,2,0.0729,0,1,Active,1
PW014835,2026-03-02,MX,Desktop,1264,Medium,6,1,3,5,2,70.66,21.43,0.0,-0.2494,1,0,5,2,0.6205,0,1,Active,0
PW017875,2026-06-01,US,Desktop,424,Low,4,0,1,3,1,19.13,17.72,0.0,-0.3268,1,0,10,1,0.9168,1,0,Inactive,1
PW019672,2026-04-06,CR,Mobile,1385,Medium,12,1,2,4,2,111.77,66.79,-0.6,-0.4298,0,0,0,1,0.157,1,0,Inactive,1
PW019284,2026-03-02,US,Mobile,1708,High,4,1,5,5,5,679.89,149.54,-0.375,0.1566,0,1,3,1,0.336,1,0,Inactive,1
PW023902,2026-06-01,BR,Mobile,1723,Low,4,0,3,7,3,152.92,45.17,-0.25,-0.0038,1,1,8,1,0.7143,0,1,Active,0
PW022233,2026-04-06,CR,Mobile,597,Medium,16,0,1,3,1,140.8,150.02,0.0,,0,1,11,1,0.1824,0,1,Active,0
PW017861,2026-02-02,MX,Desktop,1510,Low,6,0,1,4,1,16.44,19.59,0.0,0.0975,0,0,4,2,0.7421,0,5,Active,0
PW002425,2026-06-01,US,Mobile,1673,Low,17,0,0,1,1,68.15,57.33,-1.0,-0.2082,0,1,0,1,0.1568,0,1,Active,0
PW012626,2026-05-04,CR,Mobile,500,Low,29,0,1,3,1,153.16,106.65,0.0,-0.1078,0,0,2,1,0.0127,1,0,Inactive,1
PW029565,2026-01-05,BR,Mobile,572,Medium,3,1,5,7,4,219.43,47.17,0.25,0.1153,0,0,3,2,0.6113,0,4,Active,0
PW000745,2026-05-04,CR,Desktop,1810,Medium,14,0,1,1,1,49.78,61.45,0.0,-0.3512,0,0,0,2,0.0721,1,0,Inactive,1
PW004533,2026-01-05,US,Mobile,865,Medium,49,0,1,2,1,38.13,42.7,-0.5,-0.1845,1,1,3,1,0.0135,1,0,Inactive,0
PW023586,2026-03-02,US,Mobile,925,Low,16,0,0,1,1,83.47,80.67,-1.0,-0.1276,0,0,0,1,0.0798,0,1,Active,0
PW020923,2026-01-05,US,Mobile,1393,Medium,16,1,5,6,3,180.66,31.22,0.0,0.1998,0,0,8,2,0.3331,0,4,Active,0
PW007352,2026-04-06,US,Mobile,532,Medium,14,3,10,12,8,554.6,60.35,-0.4444,0.6088,0,0,8,2,,0,7,Active,0
PW024787,2026-03-02,CR,Mobile,251,Low,28,0,2,5,2,52.07,25.01,0.0,0.345,1,0,3,1,0.0194,0,2,Active,0
PW009502,2026-08-03,MX,Mobile,336,Medium,42,0,0,1,1,114.9,112.5,-1.0,-0.0105,0,1,0,1,0.0058,0,3,Active,0
PW011173,2026-01-05,MX,Mobile,1061,Medium,4,1,3,5,3,142.65,45.72,0.5,0.1807,0,0,7,2,0.8362,0,2,Active,0
PW013202,2026-05-04,MX,Mobile,1823,Low,1,0,0,2,1,16.24,23.89,-1.0,0.006,1,0,6,3,0.3761,0,3,Active,0
PW003983,2026-05-04,MX,Mobile,537,Medium,5,2,5,7,5,367.08,62.93,0.25,0.262,0,1,12,2,0.954,0,2,Active,0
PW013604,2026-02-02,MX,Mobile,316,High,1,0,0,2,1,321.08,269.66,-1.0,-0.1589,0,0,0,2,0.1071,0,1,Active,1
PW021733,2026-05-04,CR,Mobile,588,Low,11,0,2,2,2,59.7,29.65,0.0,-0.2707,0,1,4,1,0.2787,0,3,Active,1
PW014645,2026-03-02,BR,Mobile,1826,Low,18,0,1,1,1,37.18,37.02,0.0,-0.2552,0,0,0,1,0.0329,0,1,Active,0
PW003048,2026-06-01,MX,Desktop,976,Medium,19,1,2,3,2,163.12,53.31,0.0,-0.4221,0,0,3,1,0.0547,0,1,Active,0
PW022157,2026-01-05,BR,Desktop,1370,Medium,17,0,6,9,5,454.82,85.73,0.0,-0.0848,1,0,6,4,0.7347,0,3,Active,0
PW021826,2026-07-06,US,Mobile,1877,Low,15,0,2,2,2,119.0,50.6,0.0,0.0501,0,0,1,1,0.294,0,2,Active,0
PW000372,2026-01-05,MX,Mobile,575,Medium,17,0,3,3,2,292.61,94.75,0.0,-0.1162,2,1,4,2,0.3153,0,2,Active,0
PW011719,2026-04-06,BR,Mobile,1273,Low,8,0,0,3,1,67.47,72.99,-1.0,0.0192,1,1,8,2,0.5315,1,0,Inactive,1
PW013804,2026-08-03,MX,Desktop,1733,Medium,26,0,1,2,1,28.88,28.17,-0.5,-0.1023,2,3,0,2,0.0058,1,0,Inactive,1
PW015235,2026-08-03,US,Mobile,1873,Medium,7,1,2,5,2,83.55,42.49,0.0,0.0353,0,0,7,1,0.5961,1,0,Inactive,1
PW019307,2026-04-06,US,Desktop,1371,High,42,0,2,3,2,243.39,117.74,-0.3333,-0.1955,0,0,0,1,0.0071,0,2,Active,0
PW011700,2026-02-02,US,Mobile,856,Medium,3,1,4,7,2,242.67,55.57,0.0,-0.1058,0,0,8,3,0.86,0,1,Active,1
PW011448,2026-06-01,BR,Mobile,426,Medium,58,0,0,3,1,30.57,41.47,-1.0,-0.4868,0,1,0,1,0.0001,1,0,Inactive,1
PW003469,2026-06-01,BR,Mobile,708,Medium,8,0,2,4,2,227.04,80.57,0.0,0.0318,0,1,0,2,0.1649,0,3,Active,0
PW027460,2026-06-01,US,Mobile,611,Low,20,1,3,8,3,116.26,34.34,0.0,0.2649,0,0,4,2,0.2047,1,0,Inactive,0
PW019347,2026-01-05,BR,Desktop,541,Medium,3,0,8,11,7,211.52,26.06,0.0,0.2287,0,0,12,3,0.971,0,1,Active,0
PW009854,2026-04-06,US,Desktop,1726,Low,15,0,3,3,2,132.83,63.79,0.0,0.1306,2,1,3,2,0.5786,0,2,Active,0
PW015001,2026-01-05,US,Mobile,-10,High,12,0,4,8,4,220.53,57.69,-0.3333,-0.1519,0,0,1,3,0.4012,0,3,Active,0
PW005274,2026-06-01,CR,Desktop,1721,Medium,19,1,1,3,1,33.53,38.93,0.0,-0.0304,0,0,0,1,0.1447,1,0,Inactive,0
PW027323,2026-04-06,MX,Mobile,949,High,17,2,6,11,4,634.86,74.06,0.0,-0.089,0,1,7,2,0.5436,0,1,Active,0
PW020001,2026-02-02,US,Mobile,1146,Medium,6,2,6,9,6,210.36,41.26,0.0,0.2867,1,0,8,3,0.8892,0,7,Active,0
PW012806,2026-08-03,MX,Mobile,1798,Medium,2,0,4,5,2,248.81,66.01,-0.3333,0.2166,0,0,4,3,0.7443,0,1,Active,0
PW024297,2026-08-03,US,Mobile,1784,Medium,11,0,3,6,3,142.58,49.03,-0.25,-0.2473,1,0,3,1,0.1715,0,1,Active,0
PW010989,2026-07-06,MX,Mobile,1359,Medium,3,0,2,5,2,61.82,35.63,0.0,0.0701,0,0,1,1,0.3193,0,3,Active,0
PW003737,2026-03-02,US,Mobile,272,Low,4,0,0,2,1,37.97,39.04,-1.0,-0.2247,0,0,9,1,0.7547,0,3,Active,0
PW028435,2026-05-04,BR,Desktop,752,Medium,61,0,1,2,1,155.96,118.31,0.0,-0.2822,0,0,0,2,0.0009,0,1,Active,0
PW021219,2026-08-03,US,Mobile,1618,Medium,63,0,2,4,1,122.18,62.14,-0.3333,-0.3474,0,0,4,1,0.0025,1,0,Inactive,1
PW008532,2026-06-01,US,Mobile,1448,Low,11,0,1,2,1,41.55,29.44,0.0,-0.1508,1,0,0,1,0.1057,0,3,Active,1
PW009145,2026-08-03,CR,Mobile,476,Low,32,0,2,4,2,75.17,41.11,0.0,0.0017,0,0,5,2,0.0377,0,3,Active,0
PW025807,2026-02-02,US,Desktop,831,Medium,31,0,0,2,1,15.48,17.69,-1.0,-0.2821,0,0,4,3,0.1431,0,1,Active,1
PW027399,2026-06-01,MX,Mobile,451,Low,6,0,1,1,1,49.39,69.79,0.0,-0.2511,0,0,8,1,0.844,0,1,Active,0
PW018432,2026-05-04,US,Desktop,1705,Low,16,1,1,6,1,102.23,72.2,0.0,0.3384,0,0,11,2,0.7585,1,0,Inactive,1
PW009473,2026-04-06,MX,Mobile,1699,Low,19,0,1,4,1,73.24,82.02,0.0,-0.1254,1,0,6,1,0.4269,1,0,Inactive,0
PW029341,2026-03-02,MX,Mobile,1685,Low,21,1,2,4,1,334.84,150.94,1.0,0.4822,2,0,2,2,0.3338,1,0,Inactive,1
PW007432,2026-02-02,MX,Mobile,1183,Low,11,0,1,1,1,30.42,26.49,-0.5,-0.1564,0,0,2,1,0.2355,0,1,Active,0
PW015988,2026-08-03,MX,Mobile,1950,Medium,13,1,4,6,3,158.69,45.85,0.0,-0.2518,1,0,10,3,,0,1,Active,0
PW023549,2026-02-02,BR,Mobile,926,Medium,1,2,11,13,10,723.3,81.77,-0.0833,0.197,1,1,15,3,0.981,0,3,Active,1
PW016245,2026-06-01,CR,Mobile,1069,High,11,2,10,13,10,631.3,62.13,-0.0909,-0.2984,0,0,7,3,0.4539,0,3,Active,0
PW001698,2026-02-02,US,Desktop,1543,Low,1,0,1,3,1,58.89,61.6,0.0,0.1616,0,1,4,1,0.7506,0,3,Active,0
PW018218,2026-04-06,MX,Mobile,1138,Low,8,0,0,3,1,36.5,44.38,-1.0,0.0674,1,0,0,1,0.0891,0,1,Active,0
PW021273,2026-07-06,MX,Desktop,447,Medium,15,0,1,3,1,80.25,99.63,0.0,,0,0,9,1,0.4177,0,4,Active,0
PW005534,2026-08-03,US,Mobile,1357,Medium,16,0,2,2,2,101.2,51.51,-0.3333,-0.0673,1,0,5,1,0.4107,0,3,Active,0
PW011904,2026-01-05,US,Mobile,494,Medium,12,0,2,3,2,113.85,48.41,-0.3333,-0.068,0,0,6,3,0.2245,0,1,Active,1
PW011652,2026-02-02,MX,Mobile,1725,Medium,54,0,5,5,2,246.28,53.57,-0.1667,0.1117,1,0,7,2,0.0083,1,0,Inactive,1
PW014919,2026-02-02,BR,Desktop,1187,Medium,15,2,2,6,2,59.56,31.86,0.0,-0.1619,0,1,4,2,0.3518,0,2,Active,0
PW012247,2026-07-06,US,Mobile,314,Medium,30,0,0,2,1,100.66,94.05,-1.0,-0.3398,2,2,3,1,0.0224,1,0,Inactive,1
