customer_id,scoring_date,campaign_id,region,preferred_channel,loyalty_tier,customer_tenure_days,recency_days,orders_180d,spend_180d,average_order_value_180d,email_open_rate_90d,email_click_rate_90d,site_sessions_30d,prior_campaigns_12m,prior_campaign_responses_12m,days_since_last_campaign,discount_share_180d,margin_rate_180d,marketing_consent,contact_suppressed,responded_within_14d,response_order_value_14d,opened_current_campaign,clicked_current_campaign,response_probability_generator_only
HP000352,2026-02-01,RET-202602,NORTHEAST,SMS,STANDARD,305,18,2,177.41,93.9,0.209,0.074,1,6,1,28,0.5855,0.3569,1,0,0,0.0,0,0,0.058214
HP005531,2026-06-01,RET-202606,WEST,EMAIL,STANDARD,1952,37,0,0.0,59.39,0.3664,0.0594,2,7,1,150,0.2623,0.4083,1,0,0,0.0,0,0,0.044743
HP001209,2026-03-01,RET-202603,WEST,EMAIL,PLUS,1222,4,8,1452.0,175.47,0.3712,0.1216,2,2,0,47,0.1198,0.4569,1,0,0,0.0,1,0,0.084363
HP003171,2026-01-01,RET-202601,WEST,SMS,STANDARD,1337,26,1,63.92,74.74,0.3956,0.1646,1,12,2,34,0.4021,0.3967,1,0,0,0.0,0,0,0.055497
HP002015,2025-12-01,RET-202512,MIDWEST,EMAIL,PLUS,540,68,2,143.67,63.14,0.1463,0.0425,1,2,0,33,0.4012,0.4609,1,0,0,0.0,0,0,0.040499
HP000746,2026-07-01,RET-202607,WEST,SMS,PLUS,1564,15,0,0.0,75.72,0.1522,0.02,0,10,0,32,0.85,0.3813,1,0,0,0.0,0,0,0.076336
HP000336,2026-06-01,RET-202606,SOUTH,SMS,STANDARD,363,44,0,0.0,35.82,0.4752,0.0478,4,6,0,43,0.2075,0.4496,1,0,0,0.0,0,0,0.035139
HP001808,2026-01-01,RET-202601,MIDWEST,PUSH,STANDARD,623,2,1,50.14,48.02,0.5278,0.1986,2,8,1,43,0.3938,0.4369,1,0,0,0.0,1,0,0.09122
HP000135,2026-01-01,RET-202601,WEST,EMAIL,PLUS,1833,50,0,0.0,93.67,0.0164,0.0013,1,2,0,57,0.5462,0.3709,1,0,0,0.0,0,0,0.033121
HP003802,2026-06-01,RET-202606,MIDWEST,PUSH,STANDARD,545,23,1,54.39,54.17,0.0967,0.0199,0,3,0,41,0.8124,0.3606,1,0,0,0.0,0,0,0.073367
HP005397,2025-09-01,RET-202509,WEST,EMAIL,PLUS,1703,5,0,0.0,47.81,0.6793,0.2273,6,12,2,40,0.1689,0.4642,1,0,0,0.0,1,0,0.113166
HP000875,2026-02-01,RET-202602,WEST,PUSH,PLUS,1537,32,1,67.13,63.12,0.4948,0.1079,2,7,0,167,0.1288,0.4512,1,0,0,0.0,0,0,0.04207
HP001522,2025-12-01,RET-202512,MIDWEST,SMS,STANDARD,2061,23,2,259.73,108.31,0.1761,0.0183,2,7,0,69,0.312,0.428,1,0,1,232.41,0,0,0.055822
HP005671,2026-06-01,RET-202606,WEST,EMAIL,STANDARD,790,3,3,195.75,57.3,0.3874,0.0829,2,9,0,19,0.1207,0.5087,1,0,0,0.0,0,0,0.062156
HP004984,2026-08-01,RET-202608,WEST,SMS,PLUS,1066,61,2,111.13,56.47,0.0553,0.0082,0,12,0,58,0.5104,0.3885,1,0,0,0.0,0,0,0.024314
HP001431,2026-04-01,RET-202604,NORTHEAST,SMS,PREMIUM,1908,1,10,1798.86,159.3,0.6981,0.4898,4,8,4,32,0.8571,0.3158,1,0,1,156.2,1,1,0.664266
HP004855,2025-12-01,RET-202512,WEST,SMS,PLUS,632,50,4,209.47,38.11,0.1049,0.0156,0,8,0,28,0.3815,0.4353,1,0,0,0.0,0,0,0.061103
HP005259,2026-03-01,RET-202603,WEST,PUSH,PLUS,2088,43,2,154.11,72.15,0.0783,0.0114,1,3,0,68,0.4292,0.4074,1,0,0,0.0,0,0,0.033861
HP004185,2025-10-01,RET-202510,WEST,PUSH,PLUS,1555,38,0,0.0,34.31,0.2309,0.0769,3,8,0,19,0.3564,0.4937,1,0,0,0.0,0,0,0.039718
HP003320,2026-04-01,RET-202604,SOUTH,EMAIL,PLUS,1212,50,2,124.62,59.62,0.3076,0.1017,2,4,0,17,0.5944,0.3782,1,0,0,0.0,0,0,0.044678
HP000961,2026-04-01,RET-202604,NORTHEAST,EMAIL,PREMIUM,532,11,5,104.83,21.3,0.8595,0.5245,3,6,2,49,0.5546,0.4049,1,0,1,25.35,1,0,0.23424
HP005421,2026-02-01,RET-202602,NORTHEAST,EMAIL,PLUS,1534,19,4,187.92,45.5,0.5181,0.1897,3,2,1,32,0.6267,0.3952,1,0,0,0.0,1,0,0.149944
HP001335,2025-11-01,RET-202511,MIDWEST,SMS,PREMIUM,774,4,3,453.21,143.22,0.5058,0.1322,4,9,2,40,0.4598,0.4088,1,0,1,187.74,1,0,0.141517
HP003897,2025-09-01,RET-202509,WEST,EMAIL,STANDARD,919,20,1,28.93,30.16,0.5821,0.1749,0,11,0,34,0.46,0.3982,1,0,0,0.0,1,1,0.071166
HP000370,2026-08-01,RET-202608,WEST,PUSH,PREMIUM,1985,14,1,96.43,95.94,0.4785,0.1605,5,3,1,4,0.4882,0.4125,1,0,1,78.18,1,0,0.120208
HP004131,2026-03-01,RET-202603,NORTHEAST,EMAIL,STANDARD,422,106,1,34.32,35.11,0.1048,0.0078,1,12,0,64,0.4748,0.4811,1,0,0,0.0,0,0,0.019937
HP002075,2026-03-01,RET-202603,SOUTH,EMAIL,PLUS,418,3,1,59.24,61.4,0.159,0.0407,3,9,1,45,0.728,0.3627,1,0,0,0.0,0,0,0.134141
HP000319,2026-08-01,RET-202608,SOUTH,EMAIL,PREMIUM,1523,21,1,114.56,111.39,0.5652,0.218,5,4,0,76,0.3648,0.4066,1,0,0,0.0,1,0,0.097599
HP003121,2026-08-01,RET-202608,SOUTH,EMAIL,PREMIUM,2153,15,2,262.87,126.57,0.2008,0.0551,2,9,1,19,0.8982,0.403,1,0,0,0.0,0,0,0.084172
HP003440,2026-04-01,RET-202604,MIDWEST,SMS,STANDARD,1693,8,2,110.55,58.32,0.4733,0.128,0,9,1,75,0.4689,0.4305,1,0,0,0.0,0,0,0.05799
HP001966,2025-10-01,RET-202510,SOUTH,EMAIL,PLUS,162,34,8,431.25,49.35,0.6381,0.3283,5,7,4,69,0.4864,0.3948,1,0,0,0.0,1,0,0.167424
HP001283,2026-05-01,RET-202605,SOUTH,EMAIL,PREMIUM,2079,3,5,778.63,136.72,0.6124,0.2656,2,12,1,32,0.162,0.487,1,0,0,0.0,1,1,0.250458
HP005713,2026-03-01,RET-202603,WEST,EMAIL,PLUS,1751,26,0,0.0,37.36,0.0809,0.0138,3,10,0,39,0.1346,0.4601,1,0,0,0.0,0,0,0.039764
HP003851,2026-02-01,RET-202602,SOUTH,PUSH,PLUS,743,23,3,108.82,31.23,0.1106,0.0289,6,8,0,17,0.1811,0.4684,1,0,0,0.0,0,0,0.04851
HP004128,2026-05-01,RET-202605,NORTHEAST,EMAIL,PREMIUM,522,18,1,73.09,66.0,0.4302,0.1507,1,7,0,46,0.4045,0.3984,1,0,1,44.16,0,0,0.084476
HP000630,2026-01-01,RET-202601,WEST,EMAIL,PLUS,2099,38,0,0.0,71.22,0.0453,0.0033,0,4,0,26,0.1235,0.4706,1,0,0,0.0,0,0,0.029263
HP000797,2026-02-01,RET-202602,SOUTH,EMAIL,PLUS,254,7,1,88.24,99.5,0.1524,0.0185,0,5,0,8,0.2126,0.4412,1,0,0,0.0,1,0,0.044258
HP001906,2026-01-01,RET-202601,NORTHEAST,EMAIL,STANDARD,702,23,0,0.0,63.28,0.1312,0.0308,1,8,1,14,0.341,0.3858,1,0,0,0.0,1,0,0.047697
HP001883,2026-07-01,RET-202607,MIDWEST,EMAIL,STANDARD,488,89,3,135.41,51.48,0.3601,0.101,3,5,0,44,0.733,0.3339,1,0,0,0.0,0,0,0.065633
HP003163,2026-05-01,RET-202605,MIDWEST,EMAIL,STANDARD,2170,37,1,76.87,62.72,0.2174,0.0515,5,3,0,9,0.0663,0.4824,1,0,0,0.0,1,0,0.040882
HP001064,2026-07-01,RET-202607,NORTHEAST,SMS,PREMIUM,1984,12,1,110.68,104.64,0.3554,0.1127,0,12,1,14,0.4425,0.4472,1,0,0,0.0,1,0,0.028017
HP000350,2026-02-01,RET-202602,MIDWEST,PUSH,PLUS,1389,23,2,195.83,104.38,0.3071,0.114,0,2,0,116,0.5953,0.3926,1,0,0,0.0,0,0,0.045672
HP000125,2025-09-01,RET-202509,MIDWEST,PUSH,PLUS,739,64,4,373.27,103.18,0.4843,0.1147,0,5,0,75,0.3782,0.4485,1,0,0,0.0,0,0,0.035833
HP004331,2025-11-01,RET-202511,MIDWEST,EMAIL,PREMIUM,1656,3,10,1385.98,151.7,0.7363,0.523,8,8,5,42,0.7237,0.4211,1,0,1,177.04,1,1,0.784835
HP003577,2026-08-01,RET-202608,NORTHEAST,PUSH,STANDARD,1372,14,2,133.64,,0.5125,0.179,0,7,0,102,0.5854,0.4018,1,0,1,69.14,1,0,0.063559
HP005082,2025-10-01,RET-202510,SOUTH,SMS,STANDARD,1132,28,2,70.98,39.12,0.0851,0.0167,3,10,1,14,0.319,0.4847,1,0,0,0.0,0,0,0.022551
HP001581,2026-01-01,RET-202601,SOUTH,PUSH,STANDARD,976,36,1,25.58,25.2,0.0975,0.0148,3,8,0,55,0.483,0.4193,1,0,0,0.0,1,0,0.039195
HP003932,2025-11-01,RET-202511,NORTHEAST,EMAIL,PREMIUM,1980,70,5,465.16,92.84,0.1065,0.0169,2,4,0,21,0.3939,0.421,1,0,0,0.0,0,0,0.059752
HP005268,2025-10-01,RET-202510,SOUTH,EMAIL,STANDARD,368,47,0,0.0,63.78,0.165,0.0234,1,11,2,104,0.2035,0.4116,1,0,0,0.0,1,0,0.039781
HP004192,2025-12-01,RET-202512,NORTHEAST,PUSH,STANDARD,419,51,1,76.17,72.84,0.0554,,4,4,1,145,0.3682,0.3986,1,0,1,100.14,0,0,0.052825
HP001689,2026-04-01,RET-202604,MIDWEST,EMAIL,STANDARD,320,27,2,76.96,31.98,0.0967,0.0121,2,6,0,13,0.235,0.4387,1,0,0,0.0,0,0,0.043286
HP001067,2026-03-01,RET-202603,MIDWEST,EMAIL,PLUS,519,18,1,56.57,54.86,0.1707,0.0366,3,12,0,69,0.5209,0.4418,1,0,1,68.8,0,0,0.053634
HP001265,2026-05-01,RET-202605,SOUTH,SMS,PLUS,1903,21,1,73.2,62.03,0.2026,0.0345,2,11,0,65,0.3125,0.4053,1,0,0,0.0,0,0,0.041295
HP003495,2026-03-01,RET-202603,MIDWEST,EMAIL,PLUS,1281,8,6,186.85,31.78,0.1865,0.0537,2,8,2,79,0.467,0.4264,1,0,1,30.21,1,0,0.091646
HP002229,2026-05-01,RET-202605,MIDWEST,PUSH,PREMIUM,1396,21,6,177.73,28.6,0.6641,0.2861,4,6,1,62,0.1278,0.508,1,0,1,43.4,1,1,0.130914
HP003649,2026-07-01,RET-202607,WEST,SMS,PLUS,606,38,0,0.0,141.69,0.0816,0.0119,2,3,1,57,0.4737,0.3591,1,0,0,0.0,0,0,0.043894
HP005461,2026-08-01,RET-202608,MIDWEST,EMAIL,PREMIUM,1773,14,4,304.59,86.92,0.1373,0.0196,1,6,0,20,0.5156,0.4376,1,0,0,0.0,0,0,0.069159
HP004169,2026-06-01,RET-202606,NORTHEAST,EMAIL,STANDARD,2014,28,2,86.87,44.06,0.7105,0.2186,2,7,0,118,0.1438,0.4305,1,0,0,0.0,1,1,0.057518
HP004439,2025-09-01,RET-202509,MIDWEST,PUSH,STANDARD,1187,31,3,163.66,47.07,0.4427,0.0989,3,3,0,52,0.5398,0.3789,1,0,0,0.0,0,0,0.057892
HP002999,2026-04-01,RET-202604,WEST,EMAIL,PREMIUM,726,13,4,223.01,68.99,0.5676,0.1093,1,6,1,58,0.2634,0.453,1,0,0,0.0,1,0,0.094921
HP001287,2026-06-01,RET-202606,WEST,EMAIL,PLUS,2008,31,0,0.0,54.1,0.0553,0.0064,1,8,1,82,0.1318,0.4394,1,0,0,0.0,1,0,0.037218
HP005483,2026-06-01,RET-202606,WEST,EMAIL,STANDARD,460,33,3,250.93,64.7,0.166,0.0342,4,9,3,38,0.7318,0.3575,1,0,0,0.0,0,0,0.135529
HP003518,2026-02-01,RET-202602,WEST,EMAIL,STANDARD,1047,14,0,0.0,90.13,0.2694,0.0505,0,3,2,8,0.4059,0.4228,1,0,0,0.0,0,0,0.080564
HP004675,2026-07-01,RET-202607,NORTHEAST,EMAIL,PREMIUM,1620,10,7,644.75,82.49,0.6248,0.2847,3,3,1,73,0.4189,0.4705,1,0,0,0.0,0,0,0.331672
HP002641,2025-10-01,RET-202510,MIDWEST,EMAIL,PLUS,1744,29,3,121.38,44.69,0.2158,0.0283,0,2,0,52,0.288,0.4159,1,0,0,0.0,0,0,0.044044
HP001296,2026-01-01,RET-202601,NORTHEAST,PUSH,STANDARD,761,31,1,97.34,93.81,0.3381,0.0565,2,9,0,78,0.154,0.4835,1,0,0,0.0,1,0,0.039682
HP000355,2026-06-01,RET-202606,SOUTH,SMS,PREMIUM,1045,7,0,0.0,56.03,0.5163,0.187,4,4,0,36,0.2597,0.4312,1,0,0,0.0,1,0,0.088046
HP001663,2026-06-01,RET-202606,NORTHEAST,SMS,PLUS,840,25,4,276.59,58.21,0.1874,0.0441,5,11,1,49,0.5643,0.3998,1,0,0,0.0,0,0,0.059353
HP002520,2026-06-01,RET-202606,NORTHEAST,EMAIL,PLUS,639,29,2,200.91,88.11,,0.0017,1,3,0,68,0.5241,0.4718,1,0,0,0.0,0,0,0.042112
HP004803,2025-12-01,RET-202512,WEST,EMAIL,STANDARD,331,47,2,103.6,63.32,0.2073,0.0211,2,4,0,44,0.091,0.442,1,0,0,0.0,0,0,0.069724
HP003774,2026-06-01,RET-202606,WEST,EMAIL,PLUS,1755,23,5,216.84,46.49,0.4522,0.1547,5,2,1,73,0.5372,0.3958,1,0,0,0.0,0,0,0.117826
HP000994,2026-03-01,RET-202603,MIDWEST,SMS,PREMIUM,1143,71,0,0.0,48.65,0.037,0.0039,0,3,1,87,0.2015,0.4707,1,0,0,0.0,0,0,0.032415
HP000279,2026-04-01,RET-202604,NORTHEAST,EMAIL,STANDARD,997,50,0,0.0,63.07,0.1261,0.0267,1,5,1,23,0.8273,0.3793,1,0,0,0.0,0,0,0.044339
HP005694,2026-01-01,RET-202601,NORTHEAST,SMS,PLUS,1926,43,5,386.02,76.11,0.6781,0.2158,3,2,0,57,0.1132,0.4762,1,0,1,90.96,1,1,0.056026
HP005574,2026-02-01,RET-202602,WEST,EMAIL,STANDARD,2066,40,1,98.33,94.23,0.3088,0.0324,1,11,2,34,0.3522,0.4463,1,0,0,0.0,0,0,0.047164
HP000795,2026-02-01,RET-202602,NORTHEAST,EMAIL,PLUS,307,19,0,0.0,66.79,0.4011,0.0933,2,10,2,20,0.1945,0.4582,1,0,0,0.0,1,0,0.059522
HP000887,2025-12-01,RET-202512,MIDWEST,SMS,PREMIUM,735,18,3,128.79,42.66,0.3937,0.1244,0,12,2,3,0.2861,0.4168,1,0,0,0.0,0,0,0.042307
HP000069,2026-06-01,RET-202606,NORTHEAST,SMS,PLUS,888,14,0,0.0,91.88,0.2015,0.0412,0,2,0,52,0.5081,0.3846,1,0,0,0.0,1,0,0.037925
HP000555,2026-01-01,RET-202601,WEST,EMAIL,STANDARD,1583,48,3,128.86,43.92,0.572,0.2361,4,3,1,21,0.4257,0.4624,1,0,0,0.0,0,0,0.081073
HP001910,2026-03-01,RET-202603,MIDWEST,EMAIL,PLUS,1031,19,4,216.95,59.61,0.2288,0.0582,5,2,0,23,0.2403,0.4505,1,0,0,0.0,1,0,0.062004
HP004754,2026-08-01,RET-202608,NORTHEAST,EMAIL,PLUS,652,10,4,334.75,78.36,0.7043,0.2174,3,6,0,25,0.1325,0.4458,1,0,0,0.0,1,0,0.092616
HP005644,2026-05-01,RET-202605,NORTHEAST,PUSH,PLUS,459,4,2,75.8,43.92,0.2308,0.0557,4,4,0,128,0.3828,0.4399,1,0,1,47.1,1,0,0.057207
HP005970,2025-11-01,RET-202511,NORTHEAST,EMAIL,PREMIUM,1250,33,4,180.18,48.2,0.7176,0.3806,1,11,2,22,0.8307,0.3344,1,0,0,0.0,1,0,0.157949
HP001897,2026-04-01,RET-202604,NORTHEAST,EMAIL,PLUS,740,11,2,105.83,56.78,0.431,0.171,3,12,4,12,0.7849,0.3328,1,0,0,0.0,0,0,0.061904
HP001544,2026-05-01,RET-202605,SOUTH,EMAIL,PLUS,1393,16,4,361.96,78.37,0.4818,0.1452,5,3,0,77,0.8286,0.3209,1,0,0,0.0,1,0,0.157138
HP003379,2026-05-01,RET-202605,SOUTH,EMAIL,PLUS,702,5,2,194.09,98.05,0.5225,0.1804,2,7,2,54,0.4549,0.4106,1,0,0,0.0,0,0,0.114256
HP005223,2025-12-01,RET-202512,MIDWEST,EMAIL,STANDARD,879,7,1,127.44,126.71,0.2144,0.0403,0,6,1,74,0.2457,0.4327,1,0,0,0.0,0,0,0.069161
HP000275,2025-10-01,RET-202510,MIDWEST,SMS,STANDARD,1140,24,2,101.97,47.67,0.3019,0.0728,3,3,0,57,0.1102,0.445,1,0,0,0.0,0,0,0.047434
HP001671,2025-12-01,RET-202512,MIDWEST,EMAIL,PLUS,1571,23,5,364.69,65.52,0.4824,0.1648,3,7,0,154,0.4604,0.4426,1,0,0,0.0,0,0,0.096391
HP002715,2026-01-01,RET-202601,NORTHEAST,EMAIL,PREMIUM,1520,13,10,1084.72,105.12,0.8287,0.3002,0,4,1,14,0.6543,0.3628,1,0,0,0.0,1,0,0.352162
HP005504,2026-04-01,RET-202604,NORTHEAST,SMS,STANDARD,634,30,2,150.87,71.72,0.0908,0.0092,2,9,1,23,0.6912,0.3509,1,0,0,0.0,0,0,0.047913
HP003803,2026-05-01,RET-202605,WEST,EMAIL,PREMIUM,1912,7,2,181.52,86.4,0.1134,0.0128,1,3,0,112,0.4376,0.3962,1,0,0,0.0,0,0,0.066527
HP005659,2026-02-01,RET-202602,SOUTH,PUSH,PLUS,1217,31,0,0.0,87.79,0.0863,0.0306,0,9,4,26,0.8597,0.3571,1,0,0,0.0,1,0,0.05435
HP002443,2026-05-01,RET-202605,NORTHEAST,SMS,PREMIUM,1864,9,3,185.09,61.26,0.8251,0.4666,3,12,3,12,0.4776,0.4011,1,0,0,0.0,1,0,0.086976
HP001603,2025-12-01,RET-202512,SOUTH,EMAIL,PREMIUM,748,18,3,381.43,137.52,0.2102,0.0598,5,5,0,30,0.3911,0.4289,1,0,0,0.0,0,0,0.100042
HP001253,2026-05-01,RET-202605,NORTHEAST,EMAIL,STANDARD,1070,16,3,162.73,64.26,0.8166,0.2595,2,6,0,33,0.5468,0.3998,1,0,0,0.0,1,1,0.101185
HP003350,2026-02-01,RET-202602,WEST,EMAIL,PLUS,520,34,2,101.0,56.21,0.119,0.0165,3,3,0,117,0.2036,0.4485,1,0,0,0.0,1,0,0.042959
HP002026,2026-04-01,RET-202604,WEST,EMAIL,PLUS,1010,39,3,158.88,62.22,0.0698,0.005,0,5,1,57,0.4224,0.4685,1,0,0,0.0,0,0,0.04377
HP001550,2026-06-01,RET-202606,WEST,SMS,PREMIUM,1461,11,6,397.25,75.35,0.557,0.2535,3,9,1,63,0.4661,0.4218,1,0,0,0.0,0,0,0.137616
HP002508,2026-06-01,RET-202606,WEST,SMS,STANDARD,345,21,1,78.01,67.91,0.1957,0.0462,2,10,0,64,0.3292,0.4516,1,0,0,0.0,0,0,0.04131
HP003444,2025-10-01,RET-202510,NORTHEAST,SMS,STANDARD,1899,128,0,0.0,44.61,0.0783,0.0057,0,8,0,18,0.1276,0.4898,1,0,0,0.0,0,0,0.011323
HP003658,2026-08-01,RET-202608,WEST,EMAIL,STANDARD,881,27,2,260.79,130.1,0.3565,0.097,1,6,0,49,0.5389,0.4448,1,0,0,0.0,1,0,0.050298
HP001292,2026-08-01,RET-202608,SOUTH,EMAIL,PLUS,1838,17,2,67.35,38.83,0.051,0.0058,1,12,1,98,0.145,0.4703,1,0,0,0.0,0,0,0.044555
HP002936,2026-07-01,RET-202607,WEST,EMAIL,PLUS,575,55,0,0.0,90.16,0.5284,0.1686,2,4,2,82,0.476,0.4335,1,0,0,0.0,1,0,0.062946
HP003545,2026-06-01,RET-202606,NORTHEAST,PUSH,PLUS,371,13,1,74.79,63.63,0.1704,0.0389,6,10,0,10,0.2158,0.4512,1,0,0,0.0,0,0,0.022355
HP001924,2026-02-01,RET-202602,SOUTH,EMAIL,PLUS,913,24,3,234.79,77.74,0.4152,0.1191,3,12,3,51,0.2532,0.4594,1,0,0,0.0,0,0,0.074792
HP001787,2026-04-01,RET-202604,WEST,PUSH,PLUS,1753,53,2,160.61,57.27,0.0723,0.0189,1,7,0,22,0.7975,0.3627,1,0,0,0.0,0,0,0.034414
HP003094,2025-09-01,RET-202509,MIDWEST,PUSH,PLUS,1245,50,1,40.69,51.85,0.7261,0.1339,3,8,2,17,0.3091,0.4488,1,0,0,0.0,1,0,0.056729
HP003323,2025-09-01,RET-202509,SOUTH,EMAIL,STANDARD,192,16,0,0.0,27.7,0.223,0.0539,2,7,1,7,0.6478,0.4206,1,0,0,0.0,1,0,0.06563
HP001764,2026-03-01,RET-202603,MIDWEST,EMAIL,PREMIUM,294,9,6,574.14,98.24,0.7344,0.286,2,8,0,26,0.218,0.4549,1,0,0,0.0,1,1,0.253488
HP004604,2026-06-01,RET-202606,NORTHEAST,EMAIL,PREMIUM,2149,6,8,560.35,65.24,0.5228,0.2079,6,2,1,23,0.1568,0.5011,1,0,0,0.0,0,0,0.368942
HP001053,2026-04-01,RET-202604,SOUTH,EMAIL,STANDARD,1667,28,0,0.0,95.73,0.2633,0.1012,1,10,0,62,0.4669,0.4041,1,0,0,0.0,0,0,0.044867
HP005151,2025-10-01,RET-202510,MIDWEST,PUSH,STANDARD,1379,14,1,43.85,43.85,0.1954,0.0376,0,5,0,16,0.3707,0.4264,1,0,0,0.0,1,0,0.041955
HP001626,2026-03-01,RET-202603,SOUTH,PUSH,PREMIUM,1211,15,1,74.67,77.56,0.0682,0.0061,1,10,1,32,0.3157,0.4,1,0,0,0.0,0,0,0.055347
HP004112,2026-05-01,RET-202605,WEST,SMS,PLUS,2029,7,3,202.49,70.12,0.4161,0.1063,3,4,0,47,0.2356,0.4262,1,0,0,0.0,1,0,0.059682
HP004047,2026-07-01,RET-202607,SOUTH,EMAIL,STANDARD,1896,15,3,159.99,50.41,0.112,0.0168,2,10,2,96,0.6775,0.4012,1,0,0,0.0,0,0,0.12679
HP002635,2025-10-01,RET-202510,NORTHEAST,EMAIL,PLUS,1021,8,2,107.27,55.31,0.2897,0.0694,2,3,1,49,0.3637,0.4456,1,0,0,0.0,0,0,0.086259
HP000204,2025-09-01,RET-202509,NORTHEAST,PUSH,PREMIUM,512,13,4,316.85,75.61,0.6209,0.1677,3,2,0,33,0.323,0.4615,1,0,0,0.0,0,0,0.113569
HP001372,2026-07-01,RET-202607,WEST,PUSH,PREMIUM,1829,13,2,166.67,,0.5075,0.1608,2,9,1,84,0.3685,0.4126,1,0,1,84.82,0,0,0.095387
HP000833,2026-03-01,RET-202603,MIDWEST,PUSH,STANDARD,841,7,2,82.64,39.79,0.211,0.0397,1,8,1,36,0.3892,0.4123,1,0,1,51.72,0,0,0.056242
HP001483,2025-12-01,RET-202512,WEST,EMAIL,PLUS,1749,11,5,300.28,74.36,0.3245,0.0987,5,4,1,53,0.8172,0.3375,1,0,0,0.0,0,0,0.330496
HP001888,2025-12-01,RET-202512,MIDWEST,EMAIL,PLUS,1548,31,6,407.49,77.85,0.8177,0.288,1,12,2,19,0.3933,0.4092,1,0,0,0.0,1,0,0.118854
HP004282,2026-03-01,RET-202603,NORTHEAST,SMS,STANDARD,1961,11,0,0.0,73.75,0.7192,0.4176,6,3,0,88,0.8897,0.354,1,0,0,0.0,0,0,0.201076
HP005017,2026-05-01,RET-202605,WEST,EMAIL,PREMIUM,1875,5,3,172.64,50.64,,0.0835,2,12,2,48,0.8182,0.3332,1,0,0,0.0,0,0,0.189013
HP003391,2025-12-01,RET-202512,WEST,EMAIL,PLUS,785,18,0,0.0,65.42,0.2386,0.0415,4,6,1,67,0.3558,0.4361,1,0,0,0.0,0,0,0.112195
HP005127,2026-08-01,RET-202608,SOUTH,EMAIL,PLUS,1727,30,3,265.39,93.66,0.1345,0.0418,1,9,0,23,0.8284,0.3914,1,0,0,0.0,0,0,0.050639
HP002426,2025-11-01,RET-202511,WEST,EMAIL,STANDARD,392,12,4,97.88,27.18,0.4425,0.1398,4,7,3,33,0.3181,0.4524,1,0,0,0.0,0,0,0.198777
HP002909,2026-08-01,RET-202608,WEST,PUSH,STANDARD,1276,27,3,109.63,43.22,0.2707,0.0664,3,10,1,25,0.8063,0.3833,1,0,0,0.0,0,0,0.058107
HP001530,2025-09-01,RET-202509,NORTHEAST,PUSH,PLUS,1492,9,3,221.98,74.56,0.4922,0.185,7,7,2,54,0.7026,0.4161,1,0,0,0.0,1,1,0.240263
HP005531,2025-09-01,RET-202509,WEST,EMAIL,STANDARD,1682,54,1,98.69,100.65,0.2464,0.0405,3,6,0,49,0.1148,0.4422,1,0,0,0.0,0,0,0.036801
HP002014,2026-04-01,RET-202604,WEST,SMS,PLUS,403,51,1,58.09,60.26,0.2277,0.0342,0,4,0,46,0.4517,0.4388,1,0,0,0.0,0,0,0.028206
HP002195,2025-12-01,RET-202512,WEST,EMAIL,STANDARD,2008,53,2,136.73,72.15,0.3688,0.0838,3,8,0,25,0.6078,0.4091,1,0,0,0.0,0,0,0.088216
HP002592,2026-02-01,RET-202602,NORTHEAST,PUSH,PREMIUM,339,7,4,367.63,88.98,0.1667,0.0447,4,9,0,23,0.5165,0.4639,1,0,0,0.0,1,0,0.081058
HP003503,2025-12-01,RET-202512,WEST,EMAIL,PREMIUM,366,22,2,104.61,51.56,0.2227,0.0686,2,11,2,69,0.7169,0.3278,1,0,0,0.0,1,0,0.270608
HP000041,2026-05-01,RET-202605,SOUTH,SMS,PLUS,2012,22,2,42.92,22.16,0.3791,0.1436,3,2,0,67,0.5134,0.4349,1,0,0,0.0,1,0,0.054734
HP002020,2025-11-01,RET-202511,WEST,EMAIL,PLUS,1873,16,2,101.75,47.27,0.5588,0.1308,2,5,0,49,0.2661,0.4726,1,0,0,0.0,1,0,0.118547
HP005818,2025-12-01,RET-202512,SOUTH,EMAIL,PLUS,1036,25,1,61.24,60.45,0.3386,0.0874,5,8,1,27,0.2494,0.4239,1,0,0,0.0,1,0,0.077098
HP004295,2026-01-01,RET-202601,WEST,EMAIL,PLUS,647,16,4,187.5,49.66,0.6866,0.3297,2,8,5,128,0.9007,0.325,1,0,0,0.0,0,0,0.338885
HP004394,2026-06-01,RET-202606,MIDWEST,EMAIL,PREMIUM,1883,10,7,713.25,111.92,0.5842,0.3418,5,4,2,43,0.2845,0.4995,1,0,1,108.36,1,1,0.381436
HP003818,2026-05-01,RET-202605,MIDWEST,PUSH,STANDARD,1032,31,4,448.04,76.15,0.1342,0.032,1,2,0,72,0.6971,0.4083,1,0,0,0.0,0,0,0.087819
HP001991,2026-02-01,RET-202602,SOUTH,EMAIL,STANDARD,537,29,1,34.68,37.88,0.1285,0.0189,1,4,1,32,0.4048,0.4609,1,0,0,0.0,1,0,0.053055
HP000770,2025-09-01,RET-202509,SOUTH,PUSH,STANDARD,69,13,1,35.78,38.53,0.2854,0.0575,2,11,2,65,0.3347,0.4022,1,0,0,0.0,0,0,0.060803
HP004591,2026-07-01,RET-202607,SOUTH,EMAIL,PLUS,1010,12,2,101.09,57.53,0.3491,0.1375,6,2,2,116,0.3717,0.4666,1,0,0,0.0,0,0,0.156466
HP001137,2026-08-01,RET-202608,NORTHEAST,SMS,STANDARD,1118,43,0,0.0,112.22,0.0574,0.0084,3,6,0,138,0.442,0.4369,1,0,0,0.0,0,0,0.030911
HP001480,2025-12-01,RET-202512,MIDWEST,EMAIL,PLUS,995,52,2,87.35,52.93,0.1771,0.0391,1,5,2,125,0.5242,0.4204,1,0,0,0.0,0,0,0.070683
HP003121,2026-02-01,RET-202602,SOUTH,EMAIL,PREMIUM,1973,27,2,185.42,90.28,0.3168,0.0903,3,7,2,36,0.841,0.3402,1,0,1,61.19,0,0,0.182176
HP002448,2025-09-01,RET-202509,NORTHEAST,EMAIL,PLUS,1862,25,3,308.19,106.24,0.3488,0.1285,1,5,0,25,0.8973,0.3612,1,0,0,0.0,0,0,0.070572
HP000559,2025-12-01,RET-202512,MIDWEST,EMAIL,PLUS,1021,4,4,145.76,43.31,0.3354,0.1031,0,8,2,23,0.5265,0.4123,1,0,0,0.0,0,0,0.105284
HP005857,2025-11-01,RET-202511,SOUTH,EMAIL,PLUS,1843,7,2,123.06,60.23,0.1233,0.0207,4,7,0,42,0.4671,0.4114,1,0,0,0.0,0,0,0.0809
HP001580,2025-12-01,RET-202512,NORTHEAST,EMAIL,PLUS,2056,8,1,114.0,95.69,0.6803,0.358,1,4,1,78,0.8112,0.3244,1,0,0,0.0,0,0,0.286263
HP004049,2026-04-01,RET-202604,SOUTH,EMAIL,PLUS,2040,27,1,54.67,53.97,0.2631,0.0332,1,5,0,81,0.6277,0.3606,1,0,0,0.0,0,0,0.047686
HP000076,2025-09-01,RET-202509,WEST,SMS,PLUS,274,34,0,0.0,108.36,0.2284,0.0549,3,5,0,95,0.1667,0.4676,1,0,0,0.0,0,0,0.038568
HP000356,2026-08-01,RET-202608,SOUTH,EMAIL,PREMIUM,1102,5,4,676.64,187.99,0.5162,0.2553,5,3,1,180,0.5158,0.4186,1,0,0,0.0,0,0,0.310833
HP002849,2025-10-01,RET-202510,WEST,PUSH,PLUS,1656,11,9,789.26,80.39,0.5477,0.2492,8,11,0,29,0.6902,0.3774,1,0,0,0.0,1,0,0.152108
HP004487,2026-03-01,RET-202603,NORTHEAST,PUSH,PLUS,1048,45,0,0.0,56.42,0.1029,0.0168,0,10,1,25,0.4903,0.4002,1,0,0,0.0,0,0,0.030237
HP003754,2026-03-01,RET-202603,WEST,SMS,STANDARD,314,7,2,152.77,70.34,0.2165,0.0695,0,12,2,67,0.3537,0.4511,1,0,0,0.0,0,0,0.053074
HP003358,2026-04-01,RET-202604,WEST,EMAIL,STANDARD,1431,29,2,183.55,82.22,0.4659,0.0919,2,9,1,15,0.1742,0.4807,1,0,0,0.0,0,0,0.025901
HP001363,2026-04-01,RET-202604,NORTHEAST,PUSH,PLUS,1844,29,1,37.09,36.79,0.6619,0.2544,1,3,1,49,0.6326,0.3489,1,0,0,0.0,1,0,0.075375
HP001973,2026-08-01,RET-202608,SOUTH,EMAIL,PLUS,1980,54,1,153.44,166.5,0.0715,0.0042,1,12,1,74,0.1366,0.5272,1,0,0,0.0,0,0,0.029655
HP001605,2025-11-01,RET-202511,WEST,PUSH,PLUS,1892,17,2,173.81,89.56,0.278,0.0556,2,6,1,77,0.241,0.4584,1,0,0,0.0,0,0,0.105456
HP004641,2025-11-01,RET-202511,WEST,PUSH,PREMIUM,1623,10,9,857.98,94.04,0.3493,0.1668,1,5,2,14,0.7811,0.3495,1,0,0,0.0,0,0,0.492162
HP003263,2025-11-01,RET-202511,NORTHEAST,EMAIL,PREMIUM,971,56,4,265.29,60.21,0.4448,0.1358,1,3,1,19,0.4839,0.3794,1,0,0,0.0,0,0,0.102882
HP001337,2025-11-01,RET-202511,WEST,EMAIL,PLUS,649,9,3,389.56,112.29,0.4787,0.1911,3,8,2,61,0.3634,0.4213,1,0,0,0.0,1,0,0.209105
HP001438,2026-03-01,RET-202603,WEST,SMS,STANDARD,1761,25,0,0.0,64.99,0.204,0.0504,3,10,0,16,0.6645,0.4065,1,0,0,0.0,1,0,0.021359
HP002954,2026-08-01,RET-202608,MIDWEST,SMS,PREMIUM,628,20,3,192.08,69.0,0.118,0.0351,1,12,2,51,0.1789,0.4699,1,0,0,0.0,0,0,0.058176
HP003737,2026-06-01,RET-202606,NORTHEAST,PUSH,PREMIUM,362,18,2,128.54,73.95,0.7808,0.3302,3,12,3,53,0.3324,0.3825,1,0,0,0.0,0,0,0.129629
HP003652,2026-08-01,RET-202608,MIDWEST,EMAIL,STANDARD,785,46,2,157.92,90.5,0.0666,0.0097,0,7,1,34,0.7357,0.365,1,0,1,80.77,0,0,0.074135
HP000490,2025-09-01,RET-202509,SOUTH,PUSH,PREMIUM,1171,3,3,124.11,40.81,0.8339,0.5504,3,4,2,85,0.6835,0.3473,1,0,1,55.86,0,0,0.413335
HP003428,2026-07-01,RET-202607,SOUTH,EMAIL,PLUS,1980,6,3,287.78,85.86,0.5044,0.2269,3,2,1,90,0.4747,0.4188,1,0,0,0.0,1,0,0.148147
HP003968,2025-10-01,RET-202510,SOUTH,EMAIL,STANDARD,1617,20,3,124.55,35.4,0.4639,0.1335,2,4,2,63,0.4126,0.4598,1,0,0,0.0,0,0,0.105089
HP004229,2026-07-01,RET-202607,SOUTH,PUSH,PREMIUM,1006,39,3,145.83,62.23,0.608,0.1935,1,9,1,23,0.4913,0.3959,1,0,0,0.0,1,0,0.067773
HP001321,2026-08-01,RET-202608,MIDWEST,PUSH,STANDARD,1491,57,0,0.0,55.16,0.1132,0.0157,0,4,0,16,0.7274,0.3636,1,0,0,0.0,0,0,0.025001
HP004631,2025-10-01,RET-202510,WEST,EMAIL,STANDARD,1386,55,1,49.75,61.06,0.3582,0.0628,5,4,0,84,0.1854,0.4757,1,0,0,0.0,1,0,0.041037
HP004638,2026-04-01,RET-202604,SOUTH,EMAIL,PLUS,1313,26,3,145.82,50.01,0.0505,0.0044,1,10,1,16,0.1143,0.428,1,0,0,0.0,0,0,0.021343
HP004490,2026-08-01,RET-202608,NORTHEAST,EMAIL,STANDARD,2067,17,1,81.07,87.51,0.1121,0.016,1,6,0,48,0.1697,0.4784,1,0,0,0.0,0,0,0.040571
HP003625,2026-05-01,RET-202605,MIDWEST,SMS,PLUS,1354,12,0,0.0,121.77,0.5155,,1,6,1,87,0.1557,0.4832,1,0,0,0.0,1,0,0.052911
HP001343,2025-09-01,RET-202509,NORTHEAST,EMAIL,STANDARD,589,52,0,0.0,112.68,,0.0267,0,3,0,66,0.4974,0.4437,1,0,0,0.0,1,0,0.032632
HP003408,2026-01-01,RET-202601,MIDWEST,EMAIL,PLUS,1043,8,2,104.91,52.22,0.487,0.1811,2,5,0,15,0.2694,0.4022,1,0,0,0.0,0,0,0.08531
HP005432,2026-05-01,RET-202605,MIDWEST,EMAIL,PLUS,2011,46,2,95.18,42.98,0.2091,0.0411,2,7,0,60,0.7281,0.3871,1,0,0,0.0,0,0,0.083863
HP001498,2026-06-01,RET-202606,WEST,SMS,PLUS,1039,8,0,0.0,134.92,0.2216,0.0433,1,6,0,95,0.749,0.3497,1,0,0,0.0,0,0,0.092084
HP005129,2025-12-01,RET-202512,NORTHEAST,EMAIL,PLUS,856,14,4,673.42,149.88,0.0951,0.0114,3,12,0,54,0.0989,0.4696,1,0,0,0.0,0,0,0.070724
HP005324,2026-05-01,RET-202605,NORTHEAST,EMAIL,PREMIUM,1822,28,2,202.58,118.73,0.4266,0.1184,1,9,1,28,0.6493,0.4119,1,0,0,0.0,1,0,0.076781
HP002004,2026-01-01,RET-202601,SOUTH,EMAIL,STANDARD,336,62,2,69.11,31.81,0.0681,0.0122,2,11,0,16,0.1508,0.478,1,0,0,0.0,0,0,0.014411
HP002407,2026-07-01,RET-202607,SOUTH,PUSH,STANDARD,1678,12,2,92.27,44.32,0.8377,0.3423,3,10,1,45,0.7068,0.3902,1,0,0,0.0,0,0,0.197181
HP004747,2025-11-01,RET-202511,WEST,EMAIL,PREMIUM,1853,34,2,270.28,102.04,0.2898,0.0704,2,6,1,23,0.4202,0.4454,1,0,0,0.0,1,0,0.133404
HP003644,2025-10-01,RET-202510,NORTHEAST,SMS,STANDARD,1141,33,0,0.0,29.39,0.2029,0.0265,3,8,0,52,0.1572,0.4764,1,0,0,0.0,0,0,0.037204
HP004832,2025-10-01,RET-202510,MIDWEST,PUSH,STANDARD,606,20,4,174.37,39.11,0.6787,0.3654,5,10,3,36,0.4893,0.4035,1,0,0,0.0,1,0,0.142168
HP000904,2026-05-01,RET-202605,SOUTH,PUSH,STANDARD,2069,25,5,210.33,39.73,0.208,0.0836,5,3,1,26,0.3346,0.4551,1,0,0,0.0,1,0,0.075573
HP002875,2025-09-01,RET-202509,MIDWEST,PUSH,PREMIUM,430,18,5,437.07,72.03,0.6321,0.2578,4,11,2,30,0.3413,0.4341,1,0,0,0.0,0,0,0.146472
HP004849,2026-04-01,RET-202604,WEST,EMAIL,PLUS,682,12,4,248.93,55.38,0.6313,0.3282,1,7,3,21,0.7984,0.3238,1,0,0,0.0,1,0,0.163234
HP005341,2026-02-01,RET-202602,MIDWEST,EMAIL,PLUS,1967,10,1,88.86,76.37,0.6618,0.2559,4,10,1,47,0.7294,0.3798,1,0,0,0.0,0,0,0.206848
HP002418,2025-09-01,RET-202509,NORTHEAST,SMS,STANDARD,783,5,0,0.0,47.49,0.2752,0.0888,2,4,1,4,0.2155,0.4468,1,0,0,0.0,0,0,0.065029
HP001671,2025-11-01,RET-202511,MIDWEST,EMAIL,PLUS,1541,15,2,111.99,63.16,0.4319,0.1149,1,8,0,65,0.4897,0.3963,1,0,0,0.0,0,0,0.080056
HP004320,2026-04-01,RET-202604,NORTHEAST,EMAIL,PLUS,1499,6,4,214.26,55.85,0.1805,0.0397,1,3,0,12,0.2271,0.4748,1,0,0,0.0,0,0,0.058602
HP005301,2025-10-01,RET-202510,SOUTH,EMAIL,STANDARD,1824,12,2,64.86,27.03,0.5518,0.1903,5,10,1,9,0.3905,0.4319,1,0,0,0.0,1,0,0.052391
HP001873,2025-11-01,RET-202511,NORTHEAST,EMAIL,PLUS,1070,36,4,196.57,48.75,0.2272,0.0417,1,3,0,65,0.1013,0.4978,1,0,0,0.0,0,0,0.057375
HP001064,2026-01-01,RET-202601,NORTHEAST,SMS,PREMIUM,1804,27,4,413.64,79.36,0.4529,0.1501,3,6,0,15,0.6734,0.3949,1,0,0,0.0,1,0,0.082058
HP003427,2026-01-01,RET-202601,MIDWEST,EMAIL,PLUS,889,52,2,101.36,61.06,0.0622,0.0075,1,2,0,37,0.4419,0.4424,1,0,0,0.0,0,0,0.035585
HP003091,2025-11-01,RET-202511,SOUTH,PUSH,PREMIUM,121,9,7,772.58,106.59,0.7508,0.4108,7,10,2,60,0.5079,0.3736,1,0,0,0.0,1,0,0.421555
HP005602,2025-11-01,RET-202511,MIDWEST,EMAIL,STANDARD,719,102,1,42.6,44.97,0.5407,0.1259,1,2,0,36,0.6731,0.3349,1,0,0,0.0,0,0,0.070411
HP002823,2026-01-01,RET-202601,WEST,SMS,PLUS,1066,12,3,188.19,60.7,0.1602,0.0479,0,4,0,121,0.6179,0.4068,1,0,0,0.0,0,0,0.049487
HP004877,2025-12-01,RET-202512,SOUTH,SMS,STANDARD,1251,44,1,74.24,85.68,0.2521,0.0601,2,5,1,58,0.7988,0.3912,1,0,0,0.0,0,0,0.11931
HP003550,2026-02-01,RET-202602,MIDWEST,EMAIL,PLUS,1048,12,2,126.83,59.45,0.2821,0.0609,1,11,1,75,0.4413,0.4023,1,0,0,0.0,1,0,0.062267
HP002510,2025-10-01,RET-202510,NORTHEAST,SMS,STANDARD,1893,36,1,61.38,78.56,0.1134,0.0135,1,5,0,60,0.0947,0.4512,1,0,0,0.0,1,0,0.033145
HP000767,2026-05-01,RET-202605,NORTHEAST,EMAIL,STANDARD,2195,61,3,414.16,111.77,0.3054,0.0859,4,5,0,27,0.4202,0.4272,1,0,0,0.0,0,0,0.041654
HP005817,2026-05-01,RET-202605,WEST,EMAIL,PREMIUM,382,17,6,724.9,118.47,0.808,0.4569,3,6,3,50,0.5958,0.3754,1,0,0,0.0,1,0,0.405675
HP000407,2026-07-01,RET-202607,NORTHEAST,EMAIL,STANDARD,692,65,2,36.41,18.38,0.4544,0.1727,3,12,1,37,0.6822,0.4309,1,0,0,0.0,0,0,0.089481
HP002154,2025-11-01,RET-202511,WEST,EMAIL,STANDARD,1553,14,2,203.27,92.49,0.3625,0.1141,1,8,2,34,0.3101,0.4515,1,0,0,0.0,0,0,0.134943
HP001075,2026-04-01,RET-202604,SOUTH,PUSH,STANDARD,911,23,1,41.34,48.75,0.203,0.0539,3,3,1,12,0.6805,0.3836,1,0,0,0.0,0,0,0.065517
HP001472,2026-06-01,RET-202606,MIDWEST,PUSH,PLUS,1529,10,3,378.09,102.34,0.2748,0.0618,4,3,0,35,0.3825,0.4142,1,0,0,0.0,0,0,0.057275
HP005149,2026-06-01,RET-202606,SOUTH,SMS,STANDARD,483,21,3,105.35,36.89,0.2349,0.0925,3,11,1,29,0.8333,0.3106,1,0,0,0.0,0,0,0.063585
HP000881,2025-09-01,RET-202509,WEST,EMAIL,STANDARD,865,8,1,50.06,51.96,0.7112,0.1523,2,5,2,16,0.4185,0.4173,1,0,0,0.0,1,0,0.130378
HP002425,2026-04-01,RET-202604,NORTHEAST,EMAIL,STANDARD,1539,1,0,0.0,32.55,0.0453,0.0033,1,6,0,64,0.136,0.4656,1,0,0,0.0,1,0,0.045188
HP002455,2026-03-01,RET-202603,SOUTH,EMAIL,STANDARD,456,32,1,53.28,49.81,0.027,0.0016,0,4,0,50,0.0605,0.5116,1,0,0,0.0,0,0,0.031043
HP003476,2025-12-01,RET-202512,WEST,EMAIL,PLUS,194,7,1,80.9,86.92,0.1012,0.021,1,11,0,18,0.3015,0.4531,1,0,0,0.0,0,0,0.094824
HP004439,2026-04-01,RET-202604,MIDWEST,PUSH,STANDARD,1397,46,2,127.45,67.43,0.2239,0.0398,1,8,0,21,0.4566,0.4063,1,0,0,0.0,0,0,0.035074
HP004450,2026-04-01,RET-202604,WEST,EMAIL,PLUS,1783,40,3,113.13,32.07,0.2549,0.0772,1,5,0,126,0.5129,0.3951,1,0,0,0.0,0,0,0.046539
HP005853,2025-10-01,RET-202510,NORTHEAST,EMAIL,STANDARD,897,8,2,212.46,89.6,0.4106,0.1533,0,6,2,46,0.6948,0.3771,1,0,0,0.0,0,0,0.197387
HP001658,2026-05-01,RET-202605,SOUTH,EMAIL,PLUS,1011,59,1,59.52,79.93,0.1278,0.0132,4,4,0,14,0.4477,0.4104,1,0,1,87.84,0,0,0.034462
HP004347,2026-07-01,RET-202607,NORTHEAST,PUSH,PLUS,1604,17,3,150.02,44.6,0.1422,0.0295,1,2,0,83,0.2519,0.4232,1,0,0,0.0,0,0,0.042616
HP004333,2026-03-01,RET-202603,MIDWEST,PUSH,STANDARD,819,39,1,67.89,78.56,0.3289,0.0772,2,6,0,25,0.701,0.3921,1,0,0,0.0,1,0,0.043444
HP002727,2025-11-01,RET-202511,NORTHEAST,PUSH,PREMIUM,840,34,7,839.99,109.04,0.664,0.302,0,10,0,53,0.3994,0.4816,1,0,0,0.0,0,0,0.192396
HP004644,2026-03-01,RET-202603,WEST,PUSH,STANDARD,1519,41,2,49.11,27.51,0.1819,0.0376,2,9,0,41,0.3229,0.4407,1,0,0,0.0,0,0,0.036793
HP005967,2026-03-01,RET-202603,MIDWEST,PUSH,PREMIUM,2160,22,4,168.44,45.51,0.7488,0.2886,3,8,1,68,0.3228,0.5093,1,0,0,0.0,1,0,0.101341
HP004616,2025-11-01,RET-202511,WEST,PUSH,STANDARD,959,78,1,49.79,42.63,0.5616,0.1415,2,2,1,30,0.4507,0.4538,1,0,0,0.0,1,0,0.095017
HP001317,2026-03-01,RET-202603,MIDWEST,EMAIL,STANDARD,1876,24,1,131.06,113.85,0.4552,0.1952,3,7,1,114,0.2538,0.4526,1,0,0,0.0,1,1,0.065105
HP000453,2025-09-01,RET-202509,NORTHEAST,PUSH,STANDARD,541,4,5,137.0,31.04,,0.247,1,2,1,117,0.8086,0.3888,1,0,0,0.0,0,0,0.3002
HP005918,2025-10-01,RET-202510,SOUTH,EMAIL,PLUS,235,62,2,119.93,56.67,0.0563,0.0079,0,5,0,44,0.5026,0.4133,1,0,0,0.0,1,0,0.030551
HP001138,2026-07-01,RET-202607,MIDWEST,SMS,PLUS,1104,9,6,340.29,75.73,0.3274,,2,6,0,22,0.344,0.4477,1,0,0,0.0,0,0,0.063993
HP005318,2025-09-01,RET-202509,WEST,EMAIL,PREMIUM,1982,16,5,325.87,75.3,0.2456,0.0988,2,2,0,31,0.6549,0.3829,1,0,0,0.0,0,0,0.097079
HP005500,2026-06-01,RET-202606,NORTHEAST,SMS,STANDARD,1553,35,1,23.28,22.67,0.4327,0.0907,2,2,0,18,0.1218,0.4622,1,0,0,0.0,0,0,0.037591
HP005024,2025-12-01,RET-202512,MIDWEST,EMAIL,PLUS,1405,68,1,44.32,43.01,0.1096,0.0193,0,10,1,30,0.5774,0.3837,1,0,0,0.0,1,0,0.038754
HP001685,2026-01-01,RET-202601,WEST,EMAIL,PREMIUM,1949,5,4,182.11,55.57,0.5697,0.194,0,12,1,78,0.3949,0.4187,1,0,0,0.0,1,0,0.119615
HP000923,2026-03-01,RET-202603,SOUTH,SMS,PLUS,808,10,0,0.0,139.49,0.1995,0.0453,3,2,0,29,0.5781,0.378,1,0,0,0.0,0,0,0.050708
HP003490,2026-07-01,RET-202607,MIDWEST,PUSH,PREMIUM,1065,7,7,765.49,128.53,0.9167,0.6665,9,4,2,165,0.7389,0.3822,1,0,1,115.88,1,1,0.670147
HP001803,2026-07-01,RET-202607,NORTHEAST,EMAIL,PLUS,1296,21,3,175.29,53.43,0.7463,0.2894,5,2,1,38,0.5273,0.401,1,0,0,0.0,1,0,0.155149
HP004380,2026-02-01,RET-202602,MIDWEST,EMAIL,PLUS,604,34,3,148.47,47.35,0.525,0.1446,3,6,2,38,0.0651,0.4665,1,0,0,0.0,1,0,0.072828
HP003687,2026-05-01,RET-202605,WEST,EMAIL,PLUS,1876,16,3,249.66,85.06,,0.1112,2,6,1,32,0.261,0.421,1,0,0,0.0,0,0,0.070768
HP002389,2026-06-01,RET-202606,NORTHEAST,EMAIL,STANDARD,1548,15,1,55.72,56.27,0.386,0.1399,1,12,2,95,0.8838,0.3222,1,0,0,0.0,1,0,0.136167
HP001180,2025-12-01,RET-202512,MIDWEST,EMAIL,STANDARD,1894,57,2,274.95,125.43,0.181,0.0258,5,6,0,47,0.0987,0.4612,1,0,0,0.0,0,0,0.046602
HP005902,2026-08-01,RET-202608,MIDWEST,EMAIL,PLUS,1736,3,3,189.11,62.01,0.8956,0.4808,8,2,0,69,0.1642,0.4579,1,0,1,74.69,1,1,0.135514
HP005351,2025-10-01,RET-202510,WEST,EMAIL,PLUS,1486,28,3,155.56,51.29,0.2555,0.0416,1,2,0,25,0.1197,0.4492,1,0,0,0.0,0,0,0.048057
HP005147,2026-03-01,RET-202603,MIDWEST,PUSH,PLUS,527,8,1,61.46,83.73,0.7415,0.269,1,8,1,100,0.1663,0.4864,1,0,0,0.0,1,0,0.084462
HP001547,2026-08-01,RET-202608,WEST,EMAIL,STANDARD,1717,173,0,0.0,82.59,0.04,0.0022,0,2,0,28,0.2751,0.4296,1,0,0,0.0,0,0,0.007451
HP001203,2025-10-01,RET-202510,NORTHEAST,EMAIL,STANDARD,1113,8,0,0.0,83.6,0.2091,0.0345,3,5,0,33,0.3079,0.4371,1,0,0,0.0,0,0,0.05606
HP001146,2026-04-01,RET-202604,SOUTH,SMS,PLUS,329,6,4,439.42,104.82,0.3317,0.0635,2,6,0,5,0.1763,0.4567,1,0,0,0.0,0,0,0.057416
HP001925,2026-07-01,RET-202607,WEST,EMAIL,PLUS,2097,9,3,185.56,53.71,0.4994,0.1664,4,7,3,92,0.3201,0.4306,1,0,0,0.0,1,0,0.127858
HP005153,2025-09-01,RET-202509,WEST,SMS,PLUS,826,30,5,660.32,172.31,0.3618,0.1431,2,3,1,7,0.3545,0.4113,1,0,0,0.0,0,0,0.080025
HP005368,2026-02-01,RET-202602,WEST,EMAIL,PLUS,2030,26,3,142.19,46.86,0.342,0.0674,0,9,0,11,0.2604,0.4472,1,0,0,0.0,0,0,0.021554
HP003104,2025-12-01,RET-202512,NORTHEAST,EMAIL,PREMIUM,1081,23,5,290.19,53.11,0.5422,0.181,3,4,2,26,0.3059,0.425,1,0,1,48.38,1,0,0.176085
HP005189,2026-03-01,RET-202603,SOUTH,PUSH,PLUS,434,13,2,77.23,41.79,0.7356,0.2644,0,5,1,74,0.4981,0.3591,1,0,0,0.0,1,0,0.089908
HP000996,2025-12-01,RET-202512,WEST,EMAIL,PLUS,1752,30,1,58.5,62.73,0.6218,0.1972,4,11,3,27,0.4953,0.3606,1,0,0,0.0,0,0,0.149946
HP001441,2025-10-01,RET-202510,MIDWEST,EMAIL,PLUS,1283,30,1,35.07,33.45,0.8055,0.2103,2,5,0,38,0.1987,0.4899,1,0,0,0.0,1,0,0.061379
HP000061,2026-08-01,RET-202608,WEST,PUSH,PLUS,1325,2,0,0.0,75.52,0.2924,0.0464,2,6,2,4,0.2809,0.4208,1,0,0,0.0,0,0,0.062761
HP004966,2026-02-01,RET-202602,WEST,SMS,STANDARD,810,35,1,27.67,27.29,0.1128,0.0156,1,9,0,24,0.6309,0.3959,1,0,0,0.0,0,0,0.038045
HP000597,2026-05-01,RET-202605,MIDWEST,SMS,STANDARD,1622,23,1,72.67,83.48,0.1826,0.0295,0,6,0,29,0.7106,0.3861,1,0,0,0.0,0,0,0.039067
HP000716,2026-03-01,RET-202603,WEST,EMAIL,STANDARD,408,2,2,101.49,46.31,0.6623,0.262,5,6,0,29,0.4063,0.4419,1,0,0,0.0,1,0,0.111616
HP001805,2026-03-01,RET-202603,MIDWEST,SMS,STANDARD,1148,5,1,34.84,38.85,0.2319,0.0429,4,10,0,48,0.1697,0.4041,1,0,0,0.0,0,0,0.050965
HP004539,2026-01-01,RET-202601,NORTHEAST,EMAIL,PLUS,1476,18,1,57.16,57.64,0.4707,0.0814,0,10,0,27,0.0571,0.4864,1,0,0,0.0,0,0,0.0444
HP005223,2026-08-01,RET-202608,MIDWEST,EMAIL,STANDARD,1119,56,0,0.0,42.64,0.0751,0.0135,4,9,1,54,0.2578,0.438,1,0,0,0.0,0,0,0.033194
HP004239,2026-03-01,RET-202603,MIDWEST,EMAIL,PLUS,788,33,2,240.04,108.79,0.1238,0.0239,1,11,0,107,0.6814,0.3714,1,0,0,0.0,0,0,0.087829
HP002895,2026-07-01,RET-202607,NORTHEAST,SMS,STANDARD,744,13,0,0.0,44.5,0.2536,0.0386,4,4,0,12,0.0511,0.4364,1,0,0,0.0,1,0,0.041207
HP005174,2026-06-01,RET-202606,MIDWEST,PUSH,PREMIUM,1581,56,1,132.66,102.09,0.555,0.1246,0,8,1,20,0.2633,0.3954,1,0,0,0.0,1,0,0.041429
HP001656,2026-02-01,RET-202602,SOUTH,EMAIL,PLUS,961,20,2,125.26,48.51,0.2722,0.0375,2,12,3,31,0.433,0.4461,1,0,0,0.0,0,0,0.067963
HP003749,2026-03-01,RET-202603,MIDWEST,PUSH,PREMIUM,1725,21,8,1172.76,135.69,0.5848,0.2846,4,12,4,106,0.6964,0.3752,1,0,1,64.6,1,1,0.491897
HP000783,2025-10-01,RET-202510,MIDWEST,SMS,PLUS,697,32,1,84.8,85.01,0.3969,0.1334,3,2,0,31,0.4087,0.4545,1,0,0,0.0,0,0,0.049585
HP000232,2025-09-01,RET-202509,NORTHEAST,EMAIL,STANDARD,1689,41,1,28.79,27.01,0.2187,0.0784,1,3,0,39,0.8654,0.3757,1,0,0,0.0,1,0,0.09436
HP005114,2026-04-01,RET-202604,SOUTH,EMAIL,PREMIUM,646,21,1,117.17,110.94,0.8524,0.4156,4,5,3,28,0.4128,0.4173,1,0,0,0.0,1,0,0.204208
HP004349,2025-12-01,RET-202512,WEST,SMS,PLUS,1456,29,1,101.88,117.69,0.3012,0.0557,4,2,0,27,0.4883,0.3824,1,0,0,0.0,1,0,0.089069
HP003341,2026-08-01,RET-202608,NORTHEAST,PUSH,STANDARD,808,93,0,0.0,51.92,0.1655,0.0186,0,6,1,12,0.2867,0.4127,1,0,0,0.0,1,0,0.018057
HP002617,2026-02-01,RET-202602,NORTHEAST,EMAIL,PLUS,1839,8,4,238.64,60.87,0.2867,0.0526,1,2,0,25,0.196,0.4235,1,0,1,64.25,0,0,0.060821
HP003772,2025-09-01,RET-202509,MIDWEST,EMAIL,PREMIUM,1735,10,6,739.73,128.59,0.6242,0.296,2,8,3,20,0.2752,0.4767,1,0,0,0.0,1,0,0.339591
HP003490,2026-07-01,RET-202607,MIDWEST,PUSH,PREMIUM,1065,7,7,765.49,128.53,0.9167,0.6665,9,4,2,165,0.7389,0.3822,1,0,1,115.88,1,1,0.670147
HP000037,2026-04-01,RET-202604,SOUTH,SMS,STANDARD,1573,12,0,0.0,57.06,0.1691,0.0164,2,6,0,55,0.4487,0.3822,1,0,0,0.0,0,0,0.044094
HP005202,2026-05-01,RET-202605,NORTHEAST,SMS,PLUS,1783,5,0,0.0,34.68,0.032,0.0026,1,6,1,66,0.2161,0.4208,1,0,0,0.0,1,0,0.045536
HP002818,2026-08-01,RET-202608,SOUTH,EMAIL,PLUS,1447,7,2,214.04,111.53,0.9045,0.4851,2,5,1,121,0.6429,0.4371,1,0,0,0.0,1,0,0.255108
HP000984,2026-08-01,RET-202608,WEST,SMS,PLUS,1389,36,1,75.03,80.57,0.2137,0.0439,4,2,1,175,0.6392,0.332,1,0,0,0.0,1,0,0.06487
HP001230,2026-01-01,RET-202601,NORTHEAST,EMAIL,PLUS,943,5,3,352.75,99.94,0.1997,0.0658,2,4,0,48,0.5256,0.435,1,0,0,0.0,0,0,0.068708
HP005576,2026-07-01,RET-202607,NORTHEAST,SMS,PLUS,936,35,2,129.5,63.85,0.6017,0.1856,0,10,1,26,0.1348,0.4906,1,0,0,0.0,0,0,0.041819
HP002872,2025-09-01,RET-202509,SOUTH,PUSH,STANDARD,1273,31,2,78.02,33.25,0.0575,0.0045,2,7,0,49,0.2037,0.4594,1,0,0,0.0,1,0,0.039314
HP000940,2025-09-01,RET-202509,NORTHEAST,EMAIL,PLUS,105,11,1,44.53,33.19,0.4035,0.0946,0,9,0,49,0.1782,0.4942,1,0,0,0.0,1,1,0.051284
HP000909,2026-03-01,RET-202603,NORTHEAST,PUSH,PLUS,1719,24,3,197.64,67.77,0.473,0.1612,0,9,1,63,0.5272,0.3459,1,0,0,0.0,1,0,0.055567
HP002076,2025-10-01,RET-202510,SOUTH,PUSH,STANDARD,1106,42,0,0.0,88.26,0.0626,0.0036,0,2,1,32,0.353,0.4056,1,0,1,67.57,0,0,0.044585
HP003431,2026-05-01,RET-202605,WEST,PUSH,STANDARD,1427,5,1,22.59,27.23,0.1254,0.0381,3,10,1,40,0.4297,0.4104,1,0,0,0.0,0,0,0.055452
HP004293,2026-01-01,RET-202601,WEST,EMAIL,STANDARD,1412,14,1,48.3,41.61,0.0864,0.0156,0,11,1,18,0.3495,0.4111,1,0,0,0.0,1,0,0.04652
HP002002,2026-04-01,RET-202604,MIDWEST,EMAIL,PLUS,313,34,1,115.65,101.65,0.5266,0.0926,3,3,0,6,0.2049,0.4724,1,0,0,0.0,1,1,0.047844
HP004459,2026-04-01,RET-202604,NORTHEAST,EMAIL,STANDARD,802,7,2,197.58,96.77,0.1395,0.0138,0,2,0,15,0.3463,0.4073,1,0,0,0.0,0,0,0.047184
HP004442,2026-07-01,RET-202607,MIDWEST,SMS,PLUS,614,36,3,139.58,57.08,0.1449,0.0196,1,6,0,61,0.2136,0.4768,1,0,0,0.0,0,0,0.034817
HP004268,2026-04-01,RET-202604,WEST,EMAIL,STANDARD,1619,8,4,397.51,95.17,0.3826,0.0891,1,6,2,35,0.7472,0.3963,1,0,0,0.0,0,0,0.179777
HP002325,2026-06-01,RET-202606,SOUTH,PUSH,STANDARD,2251,22,3,134.66,40.51,0.1181,0.0212,1,2,1,31,0.2533,0.4476,1,0,0,0.0,0,0,0.063669
HP001940,2026-02-01,RET-202602,NORTHEAST,EMAIL,PLUS,1374,64,1,46.4,43.74,0.0826,0.0104,1,8,0,29,0.3432,0.4238,1,0,0,0.0,0,0,0.028973
HP003275,2026-03-01,RET-202603,WEST,EMAIL,STANDARD,749,47,1,60.45,59.8,0.3096,0.0628,2,3,0,69,0.4794,0.4405,1,0,0,0.0,0,0,0.041281
HP002296,2026-01-01,RET-202601,MIDWEST,EMAIL,PLUS,363,4,2,178.86,78.38,0.4119,0.1438,4,4,0,18,0.3199,0.4228,1,0,0,0.0,1,0,0.074302
HP002623,2025-09-01,RET-202509,SOUTH,EMAIL,STANDARD,443,11,4,296.8,62.43,0.1604,0.044,3,7,1,54,0.5976,0.3545,1,0,0,0.0,0,0,0.08359
HP003941,2025-09-01,RET-202509,MIDWEST,EMAIL,PLUS,1853,59,5,168.5,37.63,0.2164,0.0601,2,8,2,75,0.4036,0.4277,1,0,0,0.0,1,0,0.057917
HP005435,2026-06-01,RET-202606,SOUTH,EMAIL,PREMIUM,407,22,5,348.64,73.46,0.3778,0.1428,2,11,1,66,0.3181,0.4125,1,0,0,0.0,1,0,0.086717
HP001311,2026-03-01,RET-202603,WEST,EMAIL,STANDARD,1931,21,3,175.62,60.44,0.5252,0.1929,2,7,1,87,0.4654,0.4338,1,0,0,0.0,0,0,0.095473
HP004608,2026-04-01,RET-202604,MIDWEST,EMAIL,PREMIUM,1071,23,1,48.51,41.93,0.6358,0.1758,2,9,1,54,0.4967,0.4242,1,0,0,0.0,1,0,0.085536
HP003557,2026-03-01,RET-202603,WEST,EMAIL,STANDARD,752,15,0,0.0,64.13,0.6199,0.2677,2,10,3,31,0.6582,0.3887,1,0,0,0.0,0,0,0.114352
HP005554,2026-01-01,RET-202601,SOUTH,EMAIL,STANDARD,1624,44,2,106.02,57.24,0.2544,0.0462,0,7,1,11,0.3297,0.4127,1,0,0,0.0,0,0,0.041335
HP003466,2026-04-01,RET-202604,MIDWEST,SMS,PLUS,1555,16,1,91.44,89.83,0.133,0.0127,1,7,1,39,0.5122,0.4017,1,0,0,0.0,0,0,0.048972
HP003874,2026-05-01,RET-202605,NORTHEAST,EMAIL,STANDARD,1626,45,0,0.0,145.21,0.1746,0.0256,2,5,0,51,0.4186,0.3886,1,0,0,0.0,1,0,0.035571
HP001864,2025-11-01,RET-202511,MIDWEST,EMAIL,PLUS,280,30,4,169.99,43.88,0.8096,0.4306,4,6,0,32,0.0789,0.4428,1,0,0,0.0,0,0,0.10655
HP001692,2025-12-01,RET-202512,NORTHEAST,SMS,STANDARD,1154,22,3,269.54,81.72,0.4282,0.1662,5,11,2,53,0.2812,0.4336,1,0,0,0.0,0,0,0.090757
HP002592,2026-07-01,RET-202607,NORTHEAST,PUSH,PREMIUM,489,48,2,164.96,90.91,0.0687,0.015,3,8,0,68,0.4904,0.4287,1,0,0,0.0,0,0,0.042815
HP003056,2026-05-01,RET-202605,WEST,EMAIL,PLUS,1352,6,4,481.37,94.9,0.2665,0.0651,4,12,3,15,0.264,0.4355,1,0,0,0.0,1,0,0.04086
HP004652,2025-09-01,RET-202509,MIDWEST,SMS,PLUS,1244,11,5,418.52,81.06,0.7812,0.3254,5,3,0,9,0.4285,0.4153,1,0,0,0.0,0,0,0.125061
HP000146,2026-03-01,RET-202603,MIDWEST,EMAIL,PLUS,1491,8,2,141.8,84.95,0.1376,0.0194,1,4,0,59,0.1011,0.4947,1,0,0,0.0,0,0,0.048938
HP002155,2026-04-01,RET-202604,SOUTH,PUSH,PLUS,554,29,6,590.44,93.22,0.787,0.3891,2,5,1,86,0.2548,0.4548,1,0,1,104.09,0,0,0.092044
HP000802,2026-02-01,RET-202602,SOUTH,PUSH,PREMIUM,1339,35,3,266.19,100.99,0.5833,0.2741,5,9,2,85,0.823,0.3346,1,0,0,0.0,0,0,0.194795
HP004252,2026-05-01,RET-202605,WEST,SMS,PLUS,314,24,1,52.48,54.22,0.8137,0.2455,0,5,1,80,0.2588,0.4726,1,0,0,0.0,1,1,0.057477
HP000200,2026-06-01,RET-202606,WEST,EMAIL,PLUS,1828,8,3,237.68,81.63,0.8753,0.4915,3,12,7,85,0.5154,0.384,1,0,0,0.0,1,0,0.209523
HP005623,2026-03-01,RET-202603,MIDWEST,EMAIL,PLUS,698,4,2,96.13,49.8,0.7406,0.4072,2,5,1,15,0.6537,0.3609,1,0,0,0.0,0,0,0.145471
HP005474,2026-03-01,RET-202603,MIDWEST,SMS,STANDARD,1228,48,4,160.58,37.36,0.025,0.0023,0,11,0,71,0.2606,0.4638,1,0,0,0.0,0,0,0.02966
HP002413,2026-02-01,RET-202602,midwest,SMS,PLUS,470,33,0,0.0,60.96,0.4106,0.1411,3,6,2,21,0.4366,0.4203,1,0,0,0.0,0,0,0.0611
HP000049,2025-12-01,RET-202512,SOUTH,EMAIL,STANDARD,398,59,2,70.99,43.13,0.5089,0.139,3,12,1,20,0.4361,0.4243,1,0,0,0.0,0,0,0.062697
HP001819,2025-10-01,RET-202510,WEST,EMAIL,PLUS,1085,73,0,0.0,108.54,0.071,0.0051,0,6,0,35,0.2225,0.4394,1,0,0,0.0,0,0,0.022528
HP000238,2026-02-01,RET-202602,SOUTH,EMAIL,PLUS,1717,12,4,397.7,116.85,0.2206,0.0702,4,12,3,17,0.5973,0.4114,1,0,0,0.0,0,0,0.091546
HP001213,2026-03-01,RET-202603,MIDWEST,PUSH,PREMIUM,1259,14,4,420.39,104.43,0.4361,0.1238,2,8,0,57,0.2738,0.4578,1,0,0,0.0,0,0,0.075191
HP000538,2025-11-01,RET-202511,SOUTH,EMAIL,PLUS,484,9,7,262.79,36.02,0.818,0.467,5,3,1,63,0.3691,0.4274,1,0,0,0.0,1,1,0.257984
HP002165,2025-09-01,RET-202509,MIDWEST,SMS,PREMIUM,969,5,2,205.67,121.41,0.4155,0.0885,2,5,1,57,0.1837,0.4495,1,0,1,101.62,0,0,0.08872
HP000076,2026-05-01,RET-202605,WEST,SMS,PLUS,514,35,4,252.17,64.37,0.4059,0.0811,2,7,0,44,0.2066,0.3998,1,0,0,0.0,0,0,0.045107
HP004720,2026-05-01,RET-202605,WEST,EMAIL,PLUS,805,38,2,98.56,49.33,0.3387,0.1009,4,9,1,19,0.6203,0.3844,1,0,0,0.0,0,0,0.059287
HP001837,2026-08-01,RET-202608,MIDWEST,EMAIL,PLUS,947,23,2,154.47,69.23,0.1967,0.0292,1,5,0,21,0.3623,0.4036,1,0,0,0.0,0,0,0.044577
HP003853,2026-08-01,RET-202608,NORTHEAST,EMAIL,STANDARD,1495,21,2,83.16,41.17,0.1453,0.02,1,8,1,6,0.1074,0.5129,1,0,0,0.0,0,0,0.045788
HP002565,2025-09-01,RET-202509,SOUTH,EMAIL,PLUS,1959,16,2,190.01,108.92,0.6311,0.2587,2,3,0,121,0.1328,0.4875,1,0,0,0.0,0,0,0.088019
HP001388,2025-11-01,RET-202511,NORTHEAST,EMAIL,PREMIUM,1331,40,1,44.55,43.63,0.0601,0.0112,5,7,0,72,0.138,0.4739,1,0,0,0.0,0,0,0.063687
HP002030,2025-09-01,RET-202509,MIDWEST,EMAIL,PLUS,614,30,3,123.38,49.4,0.4025,0.0775,1,5,0,102,0.3837,0.4197,1,0,0,0.0,0,0,0.055873
HP005362,2026-05-01,RET-202605,SOUTH,PUSH,PLUS,696,31,3,266.02,79.66,0.2974,0.0851,6,6,1,46,0.3459,0.4235,1,0,0,0.0,1,0,0.058735
HP001629,2025-12-01,RET-202512,SOUTH,SMS,PLUS,274,21,2,111.69,63.7,0.0226,0.0018,0,11,0,21,0.5515,0.3692,1,0,0,0.0,0,0,0.049645
HP005276,2025-12-01,RET-202512,WEST,EMAIL,PLUS,1383,2,3,277.27,104.5,,0.2597,1,10,2,31,0.2466,0.4523,1,0,0,0.0,0,0,0.207242
HP000018,2026-02-01,RET-202602,SOUTH,EMAIL,STANDARD,509,44,0,0.0,23.78,0.2886,0.0819,2,11,1,94,0.8576,0.387,1,0,0,0.0,0,0,0.095046
HP003985,2026-08-01,RET-202608,MIDWEST,EMAIL,PLUS,607,23,1,102.04,94.64,0.3317,0.0615,3,9,2,101,0.5552,0.4325,1,0,0,0.0,0,0,0.063602
HP000603,2026-04-01,RET-202604,WEST,EMAIL,PREMIUM,1846,2,4,512.91,118.98,0.0981,0.0144,2,10,1,99,0.1834,0.4681,1,0,0,0.0,0,0,0.08197
HP004929,2026-06-01,RET-202606,MIDWEST,EMAIL,STANDARD,394,137,1,62.21,54.32,0.0514,0.0079,1,3,0,98,0.3146,0.4482,1,0,0,0.0,0,0,0.013195
HP005222,2026-02-01,RET-202602,MIDWEST,SMS,STANDARD,1275,33,1,36.91,44.15,0.1057,0.0205,3,5,1,57,0.2326,0.4545,1,0,0,0.0,0,0,0.044372
HP004817,2026-04-01,RET-202604,NORTHEAST,EMAIL,STANDARD,1040,15,2,89.34,42.05,0.3289,0.0566,2,5,2,57,0.3473,0.4319,1,0,0,0.0,0,0,0.079681
HP002253,2026-01-01,RET-202601,NORTHEAST,EMAIL,STANDARD,710,180,1,83.05,73.01,0.0401,0.0022,0,7,0,17,0.6312,0.3849,1,0,0,0.0,0,0,0.009043
HP000575,2026-02-01,RET-202602,NORTHEAST,PUSH,STANDARD,1966,77,2,87.3,43.17,0.0862,0.0072,0,4,0,13,0.2246,0.4073,1,0,0,0.0,0,0,0.020557
HP005823,2026-05-01,RET-202605,WEST,EMAIL,PREMIUM,1874,10,6,1027.88,176.2,0.237,0.0744,1,4,0,90,0.3627,0.3985,1,0,0,0.0,0,0,0.158875
HP004075,2025-09-01,RET-202509,MIDWEST,PUSH,STANDARD,1418,96,0,0.0,81.82,0.0367,0.0027,0,4,0,26,0.5682,0.4024,1,0,0,0.0,0,0,0.017935
HP005439,2025-12-01,RET-202512,SOUTH,SMS,PREMIUM,1455,20,2,113.43,55.95,0.4802,0.1083,1,7,2,11,0.4117,0.4637,1,0,0,0.0,1,0,0.106284
HP002020,2025-12-01,RET-202512,WEST,EMAIL,PLUS,1903,47,1,67.89,68.74,0.646,0.1469,2,4,1,109,0.3108,0.4464,1,0,0,0.0,1,0,0.11005
HP003410,2025-12-01,RET-202512,SOUTH,EMAIL,PLUS,2089,12,0,0.0,166.9,0.1559,0.0261,2,7,0,29,0.1654,0.4635,1,0,0,0.0,0,0,0.059638
HP004657,2026-02-01,RET-202602,SOUTH,SMS,PLUS,817,46,3,460.87,150.74,0.3005,0.0726,2,2,2,39,0.5268,0.3948,1,0,0,0.0,0,0,0.103288
HP001371,2026-03-01,RET-202603,SOUTH,EMAIL,STANDARD,1588,46,0,0.0,45.15,0.1485,0.018,0,7,1,11,0.4859,0.3877,1,0,0,0.0,0,0,0.035463
HP004619,2026-06-01,RET-202606,NORTHEAST,SMS,PREMIUM,1958,29,4,432.27,119.13,0.4219,0.1099,2,11,0,22,0.5658,0.4133,1,0,0,0.0,0,0,0.068216
HP000432,2026-04-01,RET-202604,NORTHEAST,EMAIL,PLUS,1755,14,8,1019.82,109.07,0.7711,0.3797,6,9,4,32,0.8465,0.3509,1,0,0,0.0,1,0,0.384781
HP000368,2025-12-01,RET-202512,WEST,EMAIL,PREMIUM,1478,14,3,284.35,83.02,0.5908,0.235,3,8,4,19,0.5694,0.3787,1,0,0,0.0,0,0,0.315698
HP005400,2026-01-01,RET-202601,NORTHEAST,EMAIL,PLUS,1074,4,0,0.0,49.51,0.2436,0.089,2,3,0,52,0.7808,0.333,1,0,0,0.0,1,0,0.123267
HP001749,2025-11-01,RET-202511,SOUTH,EMAIL,PLUS,1594,75,4,393.18,89.91,0.3893,0.0646,0,10,0,42,0.1995,0.4369,1,0,0,0.0,0,0,0.039164
HP004496,2026-01-01,RET-202601,MIDWEST,PUSH,PLUS,1781,30,0,0.0,63.84,0.2808,0.1014,4,2,0,22,0.5169,0.3827,1,0,0,0.0,0,0,0.046436
HP000714,2026-03-01,RET-202603,NORTHEAST,EMAIL,PREMIUM,2098,5,5,525.9,109.98,0.264,0.0861,0,12,3,99,0.4137,0.4083,1,0,0,0.0,0,0,0.099022
HP000578,2025-11-01,RET-202511,SOUTH,PUSH,STANDARD,1466,2,1,113.12,117.62,0.0722,0.0101,1,5,1,50,0.0943,0.469,1,0,0,0.0,1,0,0.067105
HP004166,2026-07-01,RET-202607,MIDWEST,EMAIL,PLUS,707,25,1,56.02,40.37,0.5155,0.136,2,10,0,161,0.3855,0.4054,1,0,0,0.0,0,0,0.053046
HP004865,2025-12-01,RET-202512,WEST,PUSH,PLUS,1081,41,2,145.21,68.09,0.6095,0.1897,2,12,1,42,0.3362,0.4507,1,0,0,0.0,1,0,0.097838
HP004507,2026-01-01,RET-202601,MIDWEST,EMAIL,STANDARD,1681,15,5,205.12,35.12,0.6837,0.2509,4,10,0,6,0.1215,0.4964,1,0,0,0.0,1,0,0.051171
HP005190,2025-11-01,RET-202511,MIDWEST,EMAIL,PLUS,317,19,6,372.3,58.81,0.6414,0.2997,4,3,1,3,0.5413,0.419,1,0,0,0.0,0,0,0.202012
HP000220,2026-07-01,RET-202607,NORTHEAST,EMAIL,PLUS,1810,50,4,431.64,117.69,0.0969,0.0326,3,7,0,15,0.5243,0.4083,1,0,1,100.12,1,0,0.043021
HP005360,2026-07-01,RET-202607,WEST,EMAIL,STANDARD,544,15,1,40.92,38.82,0.0775,0.0082,2,2,0,15,0.3854,0.4117,1,0,0,0.0,0,0,0.046215
HP004971,2026-05-01,RET-202605,MIDWEST,SMS,PREMIUM,1361,14,1,189.82,173.54,0.1235,0.0163,1,10,0,78,0.3055,0.4021,1,0,0,0.0,0,0,0.050928
HP005356,2025-12-01,RET-202512,WEST,EMAIL,STANDARD,1021,41,4,264.48,68.96,0.1304,0.018,2,6,0,42,0.2705,0.4432,1,0,0,0.0,0,0,0.084165
HP002337,2025-10-01,RET-202510,NORTHEAST,EMAIL,PLUS,165,12,3,174.85,65.61,0.119,0.023,1,2,1,11,0.4883,0.4194,1,0,1,61.83,1,1,0.092392
HP000662,2025-11-01,RET-202511,SOUTH,EMAIL,STANDARD,1578,18,3,132.08,40.89,0.7611,0.4812,7,6,2,16,0.6825,0.3721,1,0,0,0.0,1,0,0.228054
HP003363,2026-08-01,RET-202608,WEST,SMS,STANDARD,1238,17,0,0.0,73.78,0.2222,0.0336,1,4,0,72,0.0583,0.4868,1,0,0,0.0,0,0,0.034673
HP003198,2025-11-01,RET-202511,SOUTH,PUSH,PLUS,1272,38,2,101.29,54.13,0.5375,0.1242,5,3,0,43,0.3392,0.4655,1,0,0,0.0,1,0,0.065429
HP000676,2026-03-01,RET-202603,MIDWEST,SMS,PLUS,885,14,4,291.75,72.44,0.7098,0.2779,4,12,2,24,0.212,0.4738,1,0,0,0.0,1,0,0.108036
HP004151,2026-08-01,RET-202608,NORTHEAST,SMS,STANDARD,2074,50,3,143.7,44.22,0.6488,0.2973,5,12,2,8,0.2882,0.4286,1,0,0,0.0,0,0,0.028191
HP003599,2025-11-01,RET-202511,SOUTH,EMAIL,PREMIUM,1402,3,3,287.24,97.95,0.7812,0.4576,2,6,3,52,0.7195,0.3457,1,0,1,97.88,1,1,0.46681
HP001540,2026-01-01,RET-202601,NORTHEAST,SMS,PREMIUM,242,1,6,706.24,107.46,0.7212,0.2996,3,6,1,29,0.5275,0.446,1,0,1,132.55,1,1,0.312679
HP002509,2026-03-01,RET-202603,NORTHEAST,PUSH,STANDARD,1607,9,2,71.81,36.22,,0.0861,2,3,0,72,0.1632,0.4517,1,0,0,0.0,1,0,0.052308
HP003773,2026-07-01,RET-202607,SOUTH,EMAIL,PLUS,1063,19,5,392.21,82.63,0.8094,0.394,3,10,2,35,0.301,0.4517,1,0,0,0.0,1,0,0.132547
HP005920,2026-08-01,RET-202608,NORTHEAST,EMAIL,PLUS,2241,9,2,153.92,82.28,0.0683,0.0101,1,4,1,27,0.3629,0.4202,1,0,1,57.06,1,0,0.060429
HP001096,2026-05-01,RET-202605,WEST,EMAIL,PLUS,1812,11,1,57.26,51.86,0.2873,0.0565,0,3,1,30,0.1515,0.4984,1,0,0,0.0,0,0,0.058395
HP005989,2026-03-01,RET-202603,NORTHEAST,EMAIL,PLUS,538,21,1,91.97,82.57,0.4533,0.1376,1,4,1,41,0.6417,0.3903,1,0,0,0.0,0,0,0.135551
HP003381,2026-02-01,RET-202602,SOUTH,PUSH,PLUS,215,30,1,102.57,122.76,0.0304,0.0016,0,8,0,24,0.1489,0.4318,1,0,0,0.0,0,0,0.029399
HP004455,2026-03-01,RET-202603,NORTHEAST,EMAIL,PREMIUM,1134,13,7,1740.98,206.99,0.4371,0.2024,2,12,4,123,0.8444,0.3452,1,0,1,200.18,0,0,0.495213
HP004330,2026-07-01,RET-202607,WEST,EMAIL,PLUS,1874,21,1,24.34,28.33,0.5439,0.1527,0,12,2,31,0.2588,0.448,1,0,0,0.0,1,0,0.066195
HP005462,2025-11-01,RET-202511,MIDWEST,EMAIL,PLUS,1094,8,3,127.84,38.54,0.3122,0.1168,2,12,2,9,0.4888,0.4054,1,0,0,0.0,0,0,0.050806
HP000539,2025-11-01,RET-202511,NORTHEAST,EMAIL,STANDARD,1299,9,1,54.72,59.98,0.2793,0.1009,2,7,0,36,0.2318,0.4589,1,0,0,0.0,0,0,0.073307
HP005419,2026-02-01,RET-202602,NORTHEAST,SMS,PLUS,1552,9,2,151.56,71.58,0.6533,0.1586,1,4,2,24,0.5949,0.3782,1,0,0,0.0,1,1,0.125402
HP000673,2026-05-01,RET-202605,NORTHEAST,EMAIL,STANDARD,2042,53,1,25.69,32.19,0.066,0.0048,1,6,0,34,0.3935,0.4356,1,0,0,0.0,0,0,0.03128
HP000573,2025-09-01,RET-202509,WEST,SMS,STANDARD,1799,17,3,175.6,51.01,0.4038,0.1581,4,2,1,32,0.7224,0.4035,1,0,0,0.0,0,0,0.241311
HP000733,2026-03-01,RET-202603,WEST,EMAIL,STANDARD,1438,84,1,86.36,91.22,0.055,0.0028,3,12,0,32,0.3538,0.4269,1,0,0,0.0,0,0,0.025284
HP003307,2026-08-01,RET-202608,WEST,EMAIL,STANDARD,662,51,3,159.67,46.24,0.1844,0.064,2,12,0,60,0.6219,0.3469,1,0,0,0.0,0,0,0.041911
HP001174,2026-03-01,RET-202603,SOUTH,PUSH,PLUS,701,63,0,0.0,127.46,0.0733,0.007,0,2,0,89,0.6498,0.378,1,0,0,0.0,0,0,0.046256
HP001626,2026-07-01,RET-202607,SOUTH,PUSH,PREMIUM,1331,30,2,383.71,177.27,0.1263,0.0114,1,9,0,61,0.2247,0.4293,1,0,0,0.0,1,0,0.043684
HP001495,2026-07-01,RET-202607,SOUTH,SMS,STANDARD,929,11,2,108.99,53.06,0.1959,0.0484,2,3,1,41,0.3102,0.4413,1,0,0,0.0,0,0,0.06356
HP000242,2026-03-01,RET-202603,SOUTH,EMAIL,PLUS,403,13,3,397.24,148.4,0.0991,0.0272,3,9,2,66,0.379,0.453,1,0,0,0.0,1,0,0.070554
HP005593,2026-06-01,RET-202606,SOUTH,PUSH,PLUS,479,41,2,147.29,64.01,0.2841,0.0514,2,6,0,41,0.3334,0.4455,1,0,0,0.0,0,0,0.037131
HP003220,2025-10-01,RET-202510,WEST,SMS,STANDARD,549,17,1,57.98,58.09,0.3948,0.1553,2,3,2,25,0.7061,0.3989,1,0,1,71.53,0,0,0.133774
HP005745,2026-03-01,RET-202603,WEST,PUSH,STANDARD,1293,40,2,113.13,53.31,0.5692,0.1912,3,2,1,20,0.8021,0.3575,1,0,0,0.0,0,0,0.088627
HP001104,2026-06-01,RET-202606,NORTHEAST,EMAIL,PREMIUM,1273,68,2,378.28,157.73,0.2316,0.0131,1,7,0,7,0.149,0.4307,1,0,0,0.0,0,0,0.034756
HP004758,2025-10-01,RET-202510,WEST,EMAIL,PLUS,611,9,7,752.95,94.26,0.741,0.518,3,8,4,55,0.7197,0.4234,1,0,0,0.0,1,0,0.409267
HP002745,2025-09-01,RET-202509,MIDWEST,SMS,PLUS,942,6,5,320.93,72.62,0.3894,0.1188,2,8,2,19,0.1082,0.5192,1,0,0,0.0,0,0,0.085016
HP005523,2025-10-01,RET-202510,SOUTH,SMS,STANDARD,1411,19,3,162.41,56.19,0.4712,0.1835,2,4,0,96,0.1611,0.4447,1,0,0,0.0,1,1,0.072488
HP000472,2026-02-01,RET-202602,WEST,EMAIL,PLUS,389,5,2,136.62,63.45,0.6432,0.347,4,10,5,31,0.7117,0.4021,1,0,0,0.0,0,0,0.185989
HP004622,2026-08-01,RET-202608,WEST,EMAIL,PLUS,2262,13,1,65.58,62.45,0.1944,,1,7,0,41,0.6236,0.413,1,0,0,0.0,0,0,0.051368
HP000969,2026-06-01,RET-202606,SOUTH,EMAIL,STANDARD,843,28,1,25.69,34.6,0.0356,0.0045,0,7,0,11,0.5182,0.4275,1,0,0,0.0,0,0,0.036324
HP005787,2025-11-01,RET-202511,MIDWEST,EMAIL,PLUS,798,23,3,410.42,130.57,0.7766,0.384,4,9,4,25,0.4008,0.4376,1,0,0,0.0,1,1,0.16403
HP003791,2026-06-01,RET-202606,MIDWEST,PUSH,PLUS,1774,3,3,708.48,218.33,0.5753,0.1864,1,12,2,46,0.2083,0.4272,1,0,1,150.05,1,1,0.088791
HP000238,2026-08-01,RET-202608,SOUTH,EMAIL,PLUS,1897,15,3,118.4,40.23,0.402,0.1156,1,7,2,111,0.4725,0.4006,1,0,0,0.0,1,0,0.076949
HP003190,2026-08-01,RET-202608,WEST,PUSH,STANDARD,1312,35,0,0.0,110.08,0.0697,0.0092,1,8,0,52,0.1822,0.4786,1,0,0,0.0,1,0,0.028383
HP003733,2026-08-01,RET-202608,SOUTH,EMAIL,STANDARD,2263,14,3,384.94,125.57,,0.0045,0,5,0,67,0.0811,0.5096,1,0,0,0.0,1,0,0.039071
HP003840,2026-04-01,RET-202604,NORTHEAST,SMS,PLUS,678,18,0,0.0,163.63,0.156,0.0302,0,11,1,133,0.4023,0.408,1,0,0,0.0,1,0,0.038374
HP002064,2025-10-01,RET-202510,WEST,EMAIL,PLUS,127,6,1,92.83,85.86,0.5611,0.2516,2,8,3,64,0.8862,0.3273,1,0,1,37.11,0,0,0.260818
HP001421,2025-09-01,RET-202509,WEST,EMAIL,STANDARD,1705,45,2,81.18,41.52,0.1952,0.0395,0,7,0,15,0.5802,0.4121,1,0,0,0.0,0,0,0.040008
HP000229,2026-03-01,RET-202603,SOUTH,PUSH,PREMIUM,496,10,8,730.32,86.24,0.599,0.2918,3,6,2,28,0.1684,0.4274,1,0,1,89.56,0,0,0.309537
HP000506,2026-07-01,RET-202607,NORTHEAST,EMAIL,STANDARD,701,9,0,0.0,78.42,0.3813,0.0719,1,4,0,78,0.1542,0.443,1,0,0,0.0,0,0,0.047479
HP004167,2025-10-01,RET-202510,WEST,EMAIL,PREMIUM,1029,17,1,181.12,168.79,0.075,0.0063,3,5,0,9,0.3354,0.4562,1,0,0,0.0,0,0,0.064445
HP003260,2026-02-01,RET-202602,NORTHEAST,SMS,PREMIUM,415,22,6,840.53,128.24,0.5747,,0,8,2,85,0.3703,0.3954,1,0,0,0.0,0,0,0.183965
HP005160,2026-02-01,RET-202602,MIDWEST,SMS,PREMIUM,1324,22,5,412.74,81.86,0.7243,0.3521,2,7,3,44,0.7018,0.3879,1,0,1,109.88,1,1,0.267036
HP003096,2025-09-01,RET-202509,WEST,SMS,PLUS,1428,31,1,79.01,84.19,0.1227,0.0204,0,9,1,34,0.2366,0.4732,1,0,0,0.0,0,0,0.036862
HP001045,2025-09-01,RET-202509,NORTHEAST,SMS,PLUS,68,4,4,354.87,108.96,0.4515,0.1228,4,12,1,16,0.2039,0.4901,1,0,0,0.0,1,0,0.038188
HP001086,2026-04-01,RET-202604,NORTHEAST,EMAIL,PREMIUM,1300,5,3,183.63,54.34,0.4968,0.0964,1,6,1,31,0.4451,0.3892,1,0,0,0.0,1,0,0.099621
HP004734,2025-09-01,RET-202509,SOUTH,EMAIL,PREMIUM,938,14,6,719.78,103.96,0.9345,0.5848,6,4,0,28,0.406,0.427,1,0,0,0.0,1,1,0.36315
HP002092,2026-03-01,RET-202603,MIDWEST,PUSH,STANDARD,1116,16,1,60.05,50.18,0.2376,0.0529,1,6,1,24,0.3679,0.4761,1,0,0,0.0,0,0,0.051488
HP004194,2026-04-01,RET-202604,WEST,SMS,PREMIUM,1629,4,5,366.29,82.54,0.5907,0.2676,2,5,2,25,0.4835,0.4107,1,0,0,0.0,0,0,0.178199
HP002189,2026-01-01,RET-202601,WEST,PUSH,STANDARD,1058,46,1,67.03,54.81,0.2127,0.0403,2,8,0,37,0.6419,0.403,1,0,0,0.0,0,0,0.072837
HP004708,2026-05-01,RET-202605,WEST,SMS,PLUS,1894,17,7,708.27,99.4,0.3095,0.1222,3,10,1,67,0.748,0.3746,1,0,0,0.0,0,0,0.153285
HP004417,2026-05-01,RET-202605,NORTHEAST,EMAIL,PLUS,1975,26,3,360.5,105.9,0.4266,0.1208,2,11,2,13,0.4488,0.4084,1,0,0,0.0,0,0,0.032822
HP000258,2025-12-01,RET-202512,MIDWEST,PUSH,PLUS,1222,33,4,213.83,55.45,0.2894,0.0718,1,12,1,90,0.2462,0.4507,1,0,0,0.0,0,0,0.061294
HP004552,2026-08-01,RET-202608,NORTHEAST,PUSH,STANDARD,1461,11,2,54.58,28.18,0.7407,0.2126,1,8,2,30,0.2274,0.4351,1,0,0,0.0,0,0,0.088763
HP001967,2025-12-01,RET-202512,MIDWEST,SMS,PLUS,1063,3,3,205.01,53.49,0.4537,0.1511,3,3,1,12,0.1521,0.4703,1,0,0,0.0,0,0,0.135105
HP001823,2025-11-01,RET-202511,MIDWEST,SMS,PREMIUM,1224,40,0,0.0,75.84,0.197,0.0368,0,11,1,32,0.4243,0.3957,1,0,0,0.0,1,0,0.053575
HP005403,2026-04-01,RET-202604,SOUTH,SMS,PLUS,510,39,0,0.0,60.69,0.1392,0.0202,0,3,0,14,0.1691,0.4305,1,0,0,0.0,0,0,0.026327
HP002802,2025-09-01,RET-202509,SOUTH,EMAIL,PLUS,784,7,4,442.19,119.62,0.739,0.4638,9,5,2,32,0.4238,0.4002,1,0,0,0.0,0,0,0.218561
HP002151,2026-08-01,RET-202608,WEST,SMS,PLUS,1045,45,1,47.77,55.13,0.5765,0.208,2,12,1,114,0.3898,0.4212,1,0,0,0.0,1,0,0.044974
HP004612,2026-01-01,RET-202601,MIDWEST,EMAIL,STANDARD,2023,22,3,262.29,84.17,0.4909,0.1705,3,5,0,30,0.6583,0.3692,1,0,1,86.36,1,0,0.074744
HP002282,2025-09-01,RET-202509,WEST,SMS,STANDARD,491,52,1,36.25,37.32,0.2572,0.0769,2,5,1,16,0.5921,0.404,1,0,0,0.0,0,0,0.046723
HP004142,2025-09-01,RET-202509,NORTHEAST,EMAIL,PLUS,1264,15,5,598.68,94.41,,0.0204,4,8,0,30,0.1427,0.4599,1,0,0,0.0,0,0,0.064575
HP001397,2025-12-01,RET-202512,WEST,EMAIL,STANDARD,1746,7,4,302.2,72.15,0.1286,0.0177,1,11,0,17,0.1814,0.4712,1,0,0,0.0,0,0,0.106611
HP005781,2026-08-01,RET-202608,NORTHEAST,EMAIL,STANDARD,495,31,3,290.85,82.25,0.0831,0.0151,0,11,0,21,0.3834,0.4273,1,0,0,0.0,0,0,0.037482
HP004296,2025-12-01,RET-202512,WEST,EMAIL,PREMIUM,614,7,3,209.35,68.13,0.1323,0.0247,2,5,0,3,0.3133,0.4593,1,0,0,0.0,1,0,0.136882
HP001440,2026-05-01,RET-202605,NORTHEAST,EMAIL,PLUS,2177,102,0,0.0,58.7,0.0846,0.0059,0,8,0,52,0.333,0.4443,1,0,0,0.0,0,0,0.016196
HP004230,2025-12-01,RET-202512,MIDWEST,PUSH,PLUS,1782,3,1,53.58,51.61,0.0495,0.0087,0,3,2,43,0.8413,0.3499,1,0,0,0.0,0,0,0.197681
HP000814,2025-11-01,RET-202511,WEST,EMAIL,PLUS,1047,12,1,77.63,61.92,0.8226,0.3183,2,3,1,6,0.2475,0.4287,1,0,0,0.0,1,0,0.222219
HP001516,2025-09-01,RET-202509,WEST,EMAIL,STANDARD,232,49,1,36.26,39.62,0.1604,0.0175,0,2,0,99,0.3283,0.4314,1,0,0,0.0,0,0,0.032682
HP005898,2025-11-01,RET-202511,SOUTH,SMS,STANDARD,1452,23,1,32.71,29.59,0.3979,0.1663,2,4,2,34,0.6384,0.3963,1,0,0,0.0,0,0,0.109864
HP000951,2026-08-01,RET-202608,MIDWEST,SMS,PLUS,1669,15,3,318.9,108.71,0.4107,0.1079,2,5,1,49,0.6476,0.4001,1,0,0,0.0,0,0,0.129849
HP004759,2025-10-01,RET-202510,NORTHEAST,PUSH,PLUS,1457,12,2,100.76,50.59,0.4193,0.1309,2,2,0,25,0.2859,0.4307,1,0,1,42.88,0,0,0.05889
HP001651,2026-08-01,RET-202608,NORTHEAST,EMAIL,PLUS,1428,8,3,93.31,27.58,0.4451,0.1618,4,5,2,109,0.451,0.4226,1,0,0,0.0,1,0,0.127131
HP004082,2026-01-01,RET-202601,NORTHEAST,SMS,PLUS,423,12,2,253.49,106.7,0.5302,0.2032,2,3,2,17,0.6103,0.3919,1,0,0,0.0,1,0,0.147894
HP005006,2025-09-01,RET-202509,WEST,EMAIL,PLUS,1529,13,1,49.04,49.28,0.1245,0.0304,2,9,1,81,0.6416,0.3696,1,0,0,0.0,0,0,0.121968
HP002756,2025-09-01,RET-202509,WEST,EMAIL,STANDARD,237,36,4,189.79,52.9,0.419,0.1369,5,4,0,76,0.2454,0.3949,1,0,0,0.0,0,0,0.063979
HP000873,2026-05-01,RET-202605,NORTHEAST,EMAIL,PLUS,1946,11,2,64.35,29.23,0.3569,0.0784,1,10,0,47,0.4864,0.4126,1,0,0,0.0,0,0,0.058806
HP001598,2026-01-01,RET-202601,SOUTH,EMAIL,STANDARD,522,22,2,129.81,65.91,0.372,0.1386,3,11,0,37,0.7499,0.3408,1,0,0,0.0,1,0,0.127409
HP002786,2026-07-01,RET-202607,MIDWEST,SMS,PLUS,942,23,0,0.0,57.89,0.6593,0.1536,2,6,0,7,0.3043,0.4436,1,0,0,0.0,1,1,0.047235
HP002995,2026-08-01,RET-202608,SOUTH,EMAIL,PREMIUM,1458,9,4,430.37,108.04,0.5366,0.2078,7,12,2,24,0.4809,0.3682,1,0,0,0.0,1,0,0.152932
HP002739,2025-11-01,RET-202511,SOUTH,EMAIL,PLUS,1359,19,0,0.0,43.21,0.0717,0.0133,1,11,1,5,0.9212,0.3585,1,0,0,0.0,0,0,0.034321
HP001399,2026-01-01,RET-202601,WEST,EMAIL,STANDARD,620,25,2,109.87,54.94,,0.0372,0,9,1,39,0.318,0.4468,1,0,1,31.44,0,0,0.046618
HP005700,2025-09-01,RET-202509,MIDWEST,EMAIL,PLUS,1431,8,2,204.28,104.63,0.5911,0.2974,4,5,2,7,0.4454,0.459,1,0,0,0.0,1,0,0.156362
HP000055,2026-07-01,RET-202607,NORTHEAST,EMAIL,STANDARD,1119,17,1,38.16,47.54,0.6603,0.2243,2,8,0,37,0.3122,0.423,1,0,1,35.37,0,0,0.076684
HP003446,2026-05-01,RET-202605,MIDWEST,EMAIL,STANDARD,1894,2,2,283.78,145.56,0.1962,0.0267,1,11,0,47,0.3712,0.412,1,0,0,0.0,0,0,0.056473
HP000944,2026-04-01,RET-202604,WEST,PUSH,STANDARD,887,34,1,49.88,41.93,0.5665,0.2427,4,12,2,52,0.3753,0.425,1,0,0,0.0,1,0,0.061346
HP000204,2025-11-01,RET-202511,NORTHEAST,PUSH,PREMIUM,572,13,6,479.26,85.95,0.3948,0.0925,0,3,0,4,0.142,0.4616,1,0,0,0.0,1,0,0.087465
HP002533,2025-10-01,RET-202510,WEST,EMAIL,PLUS,1952,13,1,78.2,70.15,0.0345,0.0027,2,2,0,71,0.2913,0.3973,1,0,0,0.0,0,0,0.050078
HP000254,2026-05-01,RET-202605,MIDWEST,EMAIL,PLUS,1840,3,2,43.3,21.37,0.8485,0.4682,2,9,2,9,0.4148,0.4191,1,0,0,0.0,1,0,0.072994
HP003281,2025-12-01,RET-202512,WEST,SMS,PLUS,155,51,1,97.2,97.68,0.2705,0.0522,3,10,1,60,0.2135,0.4447,1,0,1,66.23,0,0,0.069977
HP001228,2026-05-01,RET-202605,SOUTH,PUSH,PLUS,379,43,4,127.97,32.07,0.1906,0.0521,0,6,1,47,0.1246,0.4713,1,0,0,0.0,1,0,0.037062
HP000332,2026-02-01,RET-202602,NORTHEAST,SMS,PLUS,902,35,1,79.83,74.08,0.2497,0.062,1,2,1,24,0.6025,0.3218,1,0,1,116.82,0,0,0.063978
HP004844,2025-10-01,RET-202510,NORTHEAST,EMAIL,PLUS,824,12,0,0.0,63.69,0.1275,0.0219,0,2,0,33,0.4483,0.4331,1,0,0,0.0,0,0,0.045149
HP004040,2026-04-01,RET-202604,SOUTH,EMAIL,STANDARD,629,5,2,99.08,53.06,0.1486,0.0311,2,8,0,43,0.5838,0.3962,1,0,0,0.0,0,0,0.061522
HP002574,2026-07-01,RET-202607,WEST,EMAIL,PLUS,416,3,1,65.38,64.29,0.5741,0.1894,3,8,0,32,0.4508,0.4265,1,0,0,0.0,1,0,0.089414
HP004030,2025-12-01,RET-202512,WEST,EMAIL,PLUS,1651,12,2,225.59,126.66,0.1693,0.0567,6,3,0,17,0.7867,0.3268,1,0,0,0.0,0,0,0.133735
HP005959,2025-10-01,RET-202510,NORTHEAST,EMAIL,STANDARD,148,51,1,77.91,72.29,0.0837,0.0049,1,9,0,85,0.0678,0.5051,1,0,0,0.0,0,0,0.031405
HP000728,2025-12-01,RET-202512,MIDWEST,PUSH,STANDARD,381,45,6,423.99,,0.6625,0.1946,6,7,0,74,0.1346,0.4745,1,0,0,0.0,1,1,0.078049
HP005350,2025-09-01,RET-202509,WEST,EMAIL,STANDARD,898,45,1,71.8,70.99,0.3722,0.0574,1,12,0,14,0.0365,0.493,1,0,0,0.0,0,0,0.017785
HP000493,2025-11-01,RET-202511,NORTHEAST,SMS,PLUS,948,20,1,56.98,58.29,0.5315,0.152,4,6,0,5,0.1281,0.483,1,0,0,0.0,1,1,0.083772
HP004460,2026-06-01,RET-202606,NORTHEAST,SMS,PREMIUM,1588,34,3,219.11,76.49,0.2121,0.045,2,7,1,22,0.2927,0.4314,1,0,1,62.16,0,0,0.057491
HP000953,2026-03-01,RET-202603,WEST,EMAIL,STANDARD,730,119,1,80.62,67.0,0.1786,0.0093,1,11,0,60,0.1155,0.4889,1,0,0,0.0,0,0,0.015949
HP003739,2025-09-01,RET-202509,WEST,EMAIL,STANDARD,1656,28,0,0.0,37.18,0.0486,0.0087,1,5,2,37,0.2927,0.4238,1,0,0,0.0,0,0,0.057715
HP001913,2025-11-01,RET-202511,NORTHEAST,EMAIL,STANDARD,262,17,5,139.99,,0.0934,0.0197,1,10,0,18,0.2378,0.4693,1,0,0,0.0,0,0,0.071188
HP000869,2026-07-01,RET-202607,WEST,EMAIL,PLUS,1103,3,2,83.33,44.57,0.1732,0.0287,2,5,1,24,0.6745,0.3617,1,0,0,0.0,0,0,0.07472
HP003253,2026-07-01,RET-202607,SOUTH,EMAIL,PREMIUM,1720,10,2,148.43,72.57,0.1306,0.0318,1,8,0,22,0.3566,0.4639,1,0,0,0.0,0,0,0.062789
HP003338,2026-04-01,RET-202604,SOUTH,EMAIL,STANDARD,885,20,3,216.86,69.69,0.2953,0.0612,2,8,1,14,0.4496,0.4155,1,0,0,0.0,0,0,0.064453
HP003545,2025-10-01,RET-202510,NORTHEAST,PUSH,PLUS,131,10,2,100.23,50.25,0.474,0.1351,1,3,0,33,0.1604,0.4922,1,0,0,0.0,0,0,0.056215
HP003593,2026-08-01,RET-202608,SOUTH,SMS,STANDARD,519,39,1,48.32,43.12,0.1569,0.0249,1,5,0,50,0.1416,0.4488,1,0,0,0.0,0,0,0.029562
HP005449,2026-01-01,RET-202601,MIDWEST,EMAIL,PLUS,999,4,0,0.0,43.19,0.0985,0.0113,1,5,0,43,0.551,0.3856,1,0,0,0.0,1,0,0.053262
HP003832,2026-05-01,RET-202605,SOUTH,EMAIL,PLUS,362,123,4,166.22,50.02,0.3325,0.0502,2,5,0,70,0.2333,0.4403,1,0,0,0.0,1,0,0.02079
HP001302,2025-10-01,RET-202510,MIDWEST,EMAIL,PLUS,139,5,4,425.82,114.72,0.6498,0.2286,3,10,1,8,0.2584,0.4174,1,0,0,0.0,0,0,0.059791
HP002583,2025-11-01,RET-202511,WEST,PUSH,PREMIUM,226,24,3,107.62,34.82,0.3097,0.0883,1,7,2,105,0.3651,0.4392,1,0,0,0.0,0,0,0.145743
HP005987,2026-05-01,RET-202605,WEST,SMS,PLUS,1668,35,0,0.0,53.25,0.2178,0.0564,6,6,0,60,0.3197,0.388,1,0,0,0.0,1,0,0.039337
HP002232,2026-08-01,RET-202608,NORTHEAST,SMS,STANDARD,1546,22,1,59.04,66.25,0.1546,0.0418,1,12,2,39,0.5337,0.3989,1,0,0,0.0,0,0,0.046689
HP001604,2025-09-01,RET-202509,NORTHEAST,EMAIL,PLUS,455,19,5,215.37,43.4,0.5544,0.2171,3,3,0,46,0.2905,0.5058,1,0,0,0.0,0,0,0.102327
HP003293,2026-01-01,RET-202601,MIDWEST,EMAIL,PREMIUM,1904,4,5,271.8,52.37,0.6805,0.3036,3,11,4,55,0.2924,0.4203,1,0,0,0.0,1,0,0.201789
HP000528,2025-12-01,RET-202512,NORTHEAST,PUSH,STANDARD,1782,16,2,124.07,51.61,0.4705,0.1776,7,7,0,41,0.4909,0.4112,1,0,0,0.0,0,0,0.108048
HP005992,2026-04-01,RET-202604,NORTHEAST,EMAIL,PREMIUM,1807,5,9,553.29,71.31,0.6747,0.4137,4,9,3,66,0.5957,0.424,1,0,1,53.88,0,0,0.42807
HP002957,2026-06-01,RET-202606,MIDWEST,SMS,STANDARD,2267,38,1,113.67,111.82,0.1329,0.022,2,9,1,5,0.509,0.3341,1,0,0,0.0,0,0,0.018566
HP000847,2025-10-01,RET-202510,MIDWEST,EMAIL,PLUS,346,26,1,48.43,59.83,0.2882,,4,11,1,7,0.338,0.4391,1,0,0,0.0,1,0,0.028656
HP002290,2026-08-01,RET-202608,SOUTH,EMAIL,STANDARD,1467,35,2,117.46,57.02,0.4927,0.2567,3,3,0,26,0.862,0.344,1,0,0,0.0,0,0,0.066013
HP005731,2026-03-01,RET-202603,NORTHEAST,SMS,PLUS,646,15,2,199.18,102.91,0.3276,0.1043,1,7,0,11,0.4819,0.3907,1,0,0,0.0,0,0,0.052296
HP002821,2026-01-01,RET-202601,SOUTH,PUSH,STANDARD,1943,29,0,0.0,23.73,0.5696,0.1718,3,11,1,79,0.6893,0.3592,1,0,0,0.0,1,1,0.112259
HP005252,2026-03-01,RET-202603,WEST,PUSH,PLUS,1360,49,3,122.93,43.14,0.6401,0.1625,3,2,0,8,0.2935,0.4311,1,0,0,0.0,1,0,0.046785
HP004856,2026-05-01,RET-202605,SOUTH,SMS,PLUS,1581,99,1,75.23,68.54,0.0932,0.0142,0,4,0,20,0.4122,0.4515,1,0,0,0.0,1,0,0.016219
HP003247,2026-02-01,RET-202602,MIDWEST,EMAIL,STANDARD,484,52,1,75.12,59.56,0.0393,0.0034,1,8,0,29,0.1572,0.4378,1,0,0,0.0,0,0,0.030038
HP000166,2025-10-01,RET-202510,WEST,SMS,PREMIUM,836,11,3,213.04,76.93,0.5076,,3,9,2,77,0.5365,0.4076,1,0,0,0.0,1,0,0.134629
HP002406,2026-07-01,RET-202607,MIDWEST,PUSH,PREMIUM,364,2,8,982.57,100.8,0.7604,0.3489,1,5,1,25,0.2129,0.4681,1,0,1,103.56,1,1,0.295158
HP004756,2026-08-01,RET-202608,MIDWEST,EMAIL,STANDARD,1557,8,5,266.86,49.27,0.2255,0.0744,1,4,1,68,0.6605,0.3829,1,0,1,54.01,0,0,0.156468
HP004339,2025-11-01,RET-202511,SOUTH,EMAIL,PREMIUM,490,27,6,542.8,94.08,,0.22,4,2,0,14,0.3608,0.4818,1,0,0,0.0,1,0,0.134787
HP001535,2025-11-01,RET-202511,NORTHEAST,EMAIL,PREMIUM,545,61,4,202.7,43.89,0.5186,0.2215,0,3,0,73,0.6683,0.3962,1,0,0,0.0,1,0,0.140555
HP003021,2026-04-01,RET-202604,SOUTH,EMAIL,STANDARD,2065,59,2,108.46,54.49,,0.0107,2,7,0,119,0.2334,0.4285,1,0,0,0.0,0,0,0.031615
HP003823,2026-07-01,RET-202607,SOUTH,EMAIL,PLUS,1989,28,2,85.83,46.34,,0.1121,2,6,1,57,0.5264,0.3792,1,0,0,0.0,1,0,0.062964
HP005441,2025-10-01,RET-202510,MIDWEST,EMAIL,STANDARD,1951,17,0,0.0,80.27,0.0687,0.0075,1,11,0,28,0.7665,0.3924,1,0,1,125.76,0,0,0.051708
HP004490,2025-11-01,RET-202511,NORTHEAST,EMAIL,STANDARD,1797,6,3,98.53,28.66,,0.0168,2,7,0,50,0.1354,0.4634,1,0,0,0.0,0,0,0.072644
HP000726,2026-03-01,RET-202603,NORTHEAST,EMAIL,STANDARD,479,5,2,90.29,39.35,0.2968,0.0761,2,4,0,6,0.1719,0.492,1,0,0,0.0,1,0,0.059083
HP000917,2026-02-01,RET-202602,SOUTH,EMAIL,PLUS,2023,21,2,145.95,79.53,0.2855,0.086,4,12,1,32,0.2351,0.4634,1,0,0,0.0,0,0,0.060501
HP001464,2025-09-01,RET-202509,MIDWEST,SMS,PLUS,657,80,1,62.79,58.49,0.2479,0.0425,4,7,0,74,0.2868,0.4332,1,0,0,0.0,1,0,0.027832
HP005958,2025-09-01,RET-202509,WEST,SMS,PLUS,1526,3,2,168.03,92.48,0.511,0.1838,1,12,3,12,0.6746,0.3967,1,0,0,0.0,0,0,0.05552
HP005987,2026-02-01,RET-202602,WEST,SMS,PLUS,1578,9,5,647.83,141.28,0.3369,0.0793,1,7,1,30,0.2361,0.4612,1,0,0,0.0,0,0,0.067561
HP005634,2025-11-01,RET-202511,MIDWEST,EMAIL,PLUS,1699,52,0,0.0,89.08,0.1184,0.0191,2,11,0,53,0.4405,0.4268,1,0,0,0.0,0,0,0.044382
HP003253,2026-03-01,RET-202603,SOUTH,EMAIL,PREMIUM,1600,19,4,146.89,48.1,0.3356,0.0844,0,3,0,19,0.2655,0.4503,1,0,1,34.37,0,0,0.064796
HP000642,2025-09-01,RET-202509,WEST,SMS,PLUS,1073,10,3,204.03,55.63,0.4273,0.1155,4,12,0,19,0.4278,0.3834,1,0,0,0.0,0,0,0.070562
HP005307,2026-04-01,RET-202604,NORTHEAST,PUSH,PLUS,419,71,0,0.0,249.29,0.3134,0.0341,0,5,1,26,0.7368,0.4036,1,0,0,0.0,0,0,0.029877
HP001543,2025-11-01,RET-202511,WEST,SMS,PLUS,189,17,2,68.57,34.26,0.3283,0.0661,2,10,3,44,0.0798,0.4947,1,0,0,0.0,0,0,0.114916
HP004201,2025-10-01,RET-202510,MIDWEST,PUSH,PLUS,233,3,2,204.56,95.51,,0.0587,0,2,0,40,0.0812,0.4654,1,0,0,0.0,0,0,0.048032
HP002483,2025-09-01,RET-202509,NORTHEAST,PUSH,STANDARD,342,53,2,125.49,62.0,0.0825,0.0165,0,6,0,35,0.6494,0.381,1,0,0,0.0,0,0,0.061267
HP000705,2026-01-01,RET-202601,WEST,PUSH,STANDARD,1899,136,1,30.06,27.91,0.4086,0.0966,3,9,0,66,0.4659,0.4094,1,0,0,0.0,1,0,0.017321
HP000714,2025-10-01,RET-202510,NORTHEAST,EMAIL,PREMIUM,1948,10,5,342.18,61.4,0.3039,0.0937,2,11,1,39,0.3854,0.426,1,0,0,0.0,0,0,0.102141
HP003289,2025-10-01,RET-202510,MIDWEST,EMAIL,PLUS,1879,30,2,107.44,,0.2289,0.0561,2,9,1,6,0.5269,0.4165,1,0,0,0.0,0,0,0.028027
HP003853,2026-04-01,RET-202604,NORTHEAST,EMAIL,STANDARD,1375,70,5,205.99,40.08,0.2876,0.0509,1,12,0,21,0.2649,0.4173,1,0,1,69.08,0,0,0.035392
HP005899,2026-01-01,RET-202601,SOUTH,EMAIL,PREMIUM,1760,10,4,185.89,50.07,0.356,0.123,3,10,1,35,0.6963,0.3569,1,0,0,0.0,0,0,0.198573
HP005421,2026-01-01,RET-202601,NORTHEAST,EMAIL,PLUS,1504,57,4,305.96,73.51,0.2503,0.0878,0,2,0,97,0.5418,0.4155,1,0,0,0.0,0,0,0.039369
HP001886,2026-02-01,RET-202602,MIDWEST,SMS,PREMIUM,2083,13,3,343.75,120.26,0.5476,0.1226,3,7,1,48,0.4095,0.4295,1,0,0,0.0,0,0,0.09206
HP002958,2025-09-01,RET-202509,SOUTH,EMAIL,STANDARD,1096,44,0,0.0,54.83,0.2554,0.0803,2,6,0,82,0.6902,0.3749,1,0,0,0.0,0,0,0.087452
HP000772,2026-08-01,RET-202608,WEST,SMS,STANDARD,549,180,1,59.21,62.11,0.011,0.0007,1,4,1,64,0.3379,0.3775,1,0,0,0.0,0,0,0.009345
HP002454,2026-03-01,RET-202603,WEST,EMAIL,STANDARD,1968,8,4,127.16,33.35,0.7004,0.2399,2,10,3,27,0.5327,0.4153,1,0,0,0.0,0,0,0.142245
HP003626,2026-08-01,RET-202608,NORTHEAST,EMAIL,STANDARD,736,30,5,498.54,113.27,0.6596,0.1959,1,3,0,35,0.7043,0.3353,1,0,1,111.33,1,1,0.131382
HP005592,2026-02-01,RET-202602,WEST,EMAIL,PLUS,2012,3,2,131.54,63.14,0.3228,0.0602,1,7,1,64,0.2511,0.4637,1,0,0,0.0,1,0,0.067555
HP002208,2026-02-01,RET-202602,WEST,PUSH,PLUS,1866,5,3,214.14,64.79,0.3829,0.1433,1,7,3,53,0.2745,0.4971,1,0,0,0.0,0,0,0.087617
HP001270,2025-11-01,RET-202511,MIDWEST,EMAIL,STANDARD,1697,16,2,85.17,44.42,0.7708,0.2638,4,10,1,86,0.6091,0.4208,1,0,0,0.0,1,0,0.147996
HP000075,2026-03-01,RET-202603,SOUTH,SMS,STANDARD,1813,17,0,0.0,40.79,0.2073,0.0448,1,10,1,68,0.2626,0.4596,1,0,0,0.0,0,0,0.043356
HP001669,2025-12-01,RET-202512,MIDWEST,SMS,STANDARD,191,56,3,278.72,84.86,0.529,0.0929,0,5,0,27,0.3506,0.4015,1,0,1,104.78,0,0,0.044002
HP001288,2025-09-01,RET-202509,MIDWEST,EMAIL,PREMIUM,842,15,2,88.76,49.94,0.3558,0.1328,2,10,1,10,0.3783,0.4296,1,0,0,0.0,1,0,0.043066
HP001498,2026-07-01,RET-202607,WEST,SMS,PLUS,1069,33,1,38.18,41.52,0.2635,0.061,0,3,1,21,0.6103,0.357,1,0,0,0.0,0,0,0.047708
HP000950,2025-10-01,RET-202510,NORTHEAST,SMS,STANDARD,966,22,1,60.93,69.83,0.3029,0.099,3,9,0,80,0.2295,0.4794,1,0,0,0.0,1,0,0.048689
HP004935,2025-11-01,RET-202511,SOUTH,SMS,STANDARD,481,18,5,308.37,66.8,0.7923,0.4078,8,2,0,107,0.3387,0.4717,1,0,0,0.0,0,0,0.155502
HP000680,2025-10-01,RET-202510,MIDWEST,PUSH,PREMIUM,839,6,4,85.72,24.38,0.8725,0.4335,2,3,0,68,0.3495,0.4404,1,0,0,0.0,0,0,0.151019
HP004159,2026-04-01,RET-202604,NORTHEAST,EMAIL,STANDARD,1514,38,4,294.77,67.56,0.0985,0.0204,3,3,0,12,0.7398,0.3242,1,0,0,0.0,0,0,0.053143
HP003999,2026-08-01,RET-202608,NORTHEAST,PUSH,PREMIUM,1383,7,7,432.22,72.45,0.4034,0.1285,6,4,0,56,0.513,0.4209,1,0,0,0.0,0,0,0.104854
HP000158,2025-12-01,RET-202512,SOUTH,EMAIL,STANDARD,1557,30,2,80.16,39.1,0.5372,0.234,3,6,2,29,0.5759,0.3601,1,0,0,0.0,1,0,0.114789
HP000414,2026-02-01,RET-202602,SOUTH,SMS,PREMIUM,1503,4,4,459.6,92.69,0.3989,0.1204,3,5,1,25,0.3048,0.4664,1,0,0,0.0,1,0,0.102069
HP005836,2025-12-01,RET-202512,SOUTH,EMAIL,PREMIUM,353,17,9,905.2,95.59,0.7017,0.4003,2,9,2,35,0.2856,0.4608,1,0,0,0.0,1,0,0.401423
HP001270,2026-05-01,RET-202605,MIDWEST,EMAIL,STANDARD,1877,9,1,59.29,53.32,0.2265,0.0815,1,8,0,10,0.4907,0.3696,1,0,0,0.0,1,0,0.054908
HP001860,2026-06-01,RET-202606,WEST,EMAIL,STANDARD,674,22,4,376.52,95.59,0.1732,0.0331,3,6,0,32,0.3766,0.3934,1,0,1,95.13,0,0,0.055474
HP004859,2025-11-01,RET-202511,NORTHEAST,EMAIL,PREMIUM,219,65,1,119.37,118.0,0.1338,0.0162,0,4,0,112,0.3158,0.4218,1,0,0,0.0,0,0,0.04282
HP001647,2026-02-01,RET-202602,WEST,EMAIL,PREMIUM,1404,20,5,378.17,80.21,0.4458,0.1485,4,7,0,33,0.1525,0.3906,1,0,0,0.0,1,0,0.088481
HP002490,2026-07-01,RET-202607,NORTHEAST,EMAIL,PLUS,826,42,2,169.68,77.56,0.475,0.1283,0,7,1,30,0.6012,0.3413,1,0,1,80.0,0,0,0.048801
HP004977,2026-06-01,RET-202606,SOUTH,EMAIL,PLUS,2191,19,0,0.0,82.71,0.5153,0.1595,1,10,1,73,0.783,0.3199,1,0,1,93.48,1,0,0.146458
HP003628,2026-07-01,RET-202607,NORTHEAST,EMAIL,PREMIUM,1730,10,3,380.32,107.78,0.1351,0.0384,1,9,1,62,0.5368,0.3858,1,0,1,117.09,0,0,0.077665
HP001015,2025-11-01,RET-202511,MIDWEST,PUSH,STANDARD,479,6,1,68.06,71.34,0.1188,0.0147,1,5,0,32,0.5471,0.3415,1,0,0,0.0,0,0,0.063601
HP001328,2026-07-01,RET-202607,SOUTH,EMAIL,STANDARD,493,6,4,381.82,112.99,0.1683,0.0317,3,9,1,26,0.3436,0.4323,1,0,1,76.83,0,0,0.06941
HP005196,2025-12-01,RET-202512,NORTHEAST,EMAIL,PLUS,980,17,0,0.0,65.22,0.4518,0.1028,4,3,0,166,0.1305,0.4423,1,0,0,0.0,1,0,0.069461
HP003193,2026-04-01,RET-202604,NORTHEAST,SMS,PLUS,1876,18,2,70.41,34.98,0.6704,0.3633,2,2,2,22,0.5333,0.3851,1,0,0,0.0,1,1,0.200576
HP004844,2026-02-01,RET-202602,NORTHEAST,EMAIL,PLUS,944,22,2,220.71,94.7,0.1179,0.0196,1,2,0,8,0.3785,0.4705,1,0,0,0.0,1,0,0.047146
HP005735,2026-07-01,RET-202607,WEST,EMAIL,STANDARD,2184,46,0,0.0,63.4,0.1637,0.0203,4,6,0,157,0.0829,0.491,1,0,0,0.0,1,0,0.032609
HP003265,2026-01-01,RET-202601,MIDWEST,EMAIL,PLUS,1063,12,2,114.82,63.26,0.6294,0.2517,6,4,0,91,0.3253,0.4347,1,0,0,0.0,1,0,0.102401
HP003638,2026-01-01,RET-202601,WEST,PUSH,PREMIUM,1882,13,6,383.32,79.46,0.5678,0.2544,1,3,1,55,0.5378,0.3916,1,0,0,0.0,1,0,0.162999
HP001744,2026-03-01,RET-202603,WEST,SMS,PREMIUM,919,16,2,138.69,71.11,0.3771,0.1017,2,12,0,48,0.3639,0.4333,1,0,0,0.0,0,0,0.066241
HP004695,2026-05-01,RET-202605,MIDWEST,EMAIL,PREMIUM,1188,29,3,286.32,92.63,0.4038,0.1153,4,7,1,21,0.216,0.4762,1,0,0,0.0,0,0,0.079155
HP003417,2026-06-01,RET-202606,WEST,EMAIL,STANDARD,1042,15,2,184.41,93.38,0.7264,0.4226,7,3,1,34,0.4588,0.4129,1,0,0,0.0,0,0,0.15334
HP000966,2025-10-01,RET-202510,NORTHEAST,PUSH,STANDARD,99,49,2,51.68,26.85,0.5887,0.1082,2,4,0,50,0.5946,0.4326,1,0,0,0.0,1,0,0.047387
HP005242,2026-04-01,RET-202604,NORTHEAST,EMAIL,PLUS,1314,41,1,70.23,68.74,0.2319,0.0493,0,3,0,95,0.7938,0.351,1,0,0,0.0,0,0,0.07519
HP000378,2025-10-01,RET-202510,MIDWEST,PUSH,PLUS,1439,53,1,94.84,82.89,0.271,0.0661,3,3,0,83,0.1459,0.468,1,0,0,0.0,0,0,0.033961
HP003452,2026-06-01,RET-202606,NORTHEAST,PUSH,PLUS,921,9,2,216.24,115.1,0.3998,0.0687,4,12,0,37,0.1208,0.4682,1,0,0,0.0,1,1,0.052692
HP004030,2026-07-01,RET-202607,WEST,EMAIL,PLUS,1861,30,2,146.94,77.11,0.3339,0.0951,1,11,1,91,0.8492,0.3697,1,0,1,57.8,1,1,0.109845
HP003694,2025-09-01,RET-202509,NORTHEAST,SMS,PLUS,1029,18,6,253.89,49.41,0.7795,0.2858,6,3,1,4,0.1994,0.4587,1,0,0,0.0,1,0,0.15058
HP002969,2026-03-01,RET-202603,SOUTH,EMAIL,PLUS,1306,8,4,468.74,97.98,0.402,0.1188,4,5,2,45,0.1903,0.4705,1,0,0,0.0,0,0,0.102884
HP001885,2025-11-01,RET-202511,WEST,EMAIL,PREMIUM,837,24,10,889.16,100.85,0.7852,0.4582,3,11,4,16,0.2097,0.44,1,0,0,0.0,1,0,0.318093
HP005766,2026-06-01,RET-202606,MIDWEST,EMAIL,PLUS,941,14,2,77.78,40.11,0.105,0.023,1,2,0,14,0.4562,0.4501,1,0,0,0.0,1,0,0.049641
HP005341,2025-10-01,RET-202510,MIDWEST,EMAIL,PLUS,1847,23,3,80.35,30.55,0.3532,0.1103,3,12,2,35,0.5312,0.4327,1,0,0,0.0,0,0,0.078267
HP001281,2026-02-01,RET-202602,WEST,EMAIL,PLUS,1009,15,0,0.0,117.87,0.1688,0.0337,2,5,0,34,0.418,0.4615,1,0,0,0.0,0,0,0.049396
HP003880,2025-12-01,RET-202512,SOUTH,PUSH,PLUS,1058,24,1,65.41,64.2,0.2927,0.078,3,11,0,133,0.3919,0.4076,1,0,0,0.0,1,0,0.060477
HP001106,2026-04-01,RET-202604,NORTHEAST,EMAIL,PLUS,454,7,9,459.8,46.55,0.9045,0.6377,9,2,0,57,0.6734,0.3676,1,0,1,45.51,1,1,0.375709
HP003567,2026-07-01,RET-202607,WEST,EMAIL,STANDARD,2220,26,1,69.58,84.51,0.4122,0.1031,4,11,2,62,0.1362,0.4115,1,0,0,0.0,1,0,0.057498
HP002019,2026-01-01,RET-202601,WEST,SMS,PLUS,1984,8,0,0.0,90.28,0.309,0.0723,3,4,1,8,0.3941,0.4611,1,0,0,0.0,1,0,0.065864
HP002985,2026-08-01,RET-202608,NORTHEAST,EMAIL,PREMIUM,1699,43,2,109.23,71.82,0.078,0.0183,1,6,1,24,0.1883,0.4971,1,0,0,0.0,0,0,0.048675
HP000865,2026-02-01,RET-202602,SOUTH,EMAIL,PLUS,803,23,3,127.23,41.3,0.3838,0.0955,3,3,1,29,0.5411,0.3976,1,0,0,0.0,1,0,0.086454
HP005587,2026-08-01,RET-202608,SOUTH,SMS,STANDARD,1368,8,3,87.21,31.41,0.1759,0.033,0,10,1,3,0.2347,0.4572,1,0,0,0.0,0,0,0.021315
HP000823,2025-10-01,RET-202510,WEST,SMS,STANDARD,1189,28,1,53.9,43.3,0.4309,0.1155,0,6,1,57,0.5819,0.4152,1,0,0,0.0,1,0,0.052208
HP001657,2026-05-01,RET-202605,NORTHEAST,EMAIL,PREMIUM,1513,4,5,318.78,62.77,0.5213,0.1768,1,2,0,37,0.3641,0.4475,1,0,0,0.0,1,1,0.120655
HP004427,2026-05-01,RET-202605,NORTHEAST,PUSH,PLUS,960,48,0,0.0,109.74,0.0956,0.006,2,6,0,19,0.0292,0.468,1,0,0,0.0,1,0,0.025989
HP005662,2026-03-01,RET-202603,SOUTH,EMAIL,PREMIUM,676,7,1,39.45,35.29,0.2837,0.0992,2,5,2,43,0.4689,0.3969,1,0,1,33.77,0,0,0.108404
HP000915,2026-05-01,RET-202605,NORTHEAST,EMAIL,STANDARD,1863,40,2,86.19,47.87,0.1245,0.0198,0,8,0,43,0.6021,0.4121,1,0,0,0.0,0,0,0.036934
HP002020,2025-10-01,RET-202510,WEST,EMAIL,PLUS,1843,15,3,351.55,98.85,0.5922,0.1416,1,11,1,36,0.2816,0.4259,1,0,0,0.0,0,0,0.074125
HP003528,2025-11-01,RET-202511,SOUTH,EMAIL,PLUS,1128,9,3,288.13,89.81,0.4555,0.1454,2,3,1,28,0.6979,0.361,1,0,0,0.0,0,0,0.134835
HP000305,2026-07-01,RET-202607,WEST,EMAIL,STANDARD,1666,18,2,103.93,57.81,0.315,0.0522,2,10,0,5,0.1168,0.4699,1,0,0,0.0,0,0,0.022725
HP001955,2025-09-01,RET-202509,MIDWEST,SMS,STANDARD,102,13,1,117.27,122.26,0.083,0.0126,1,4,0,27,0.2226,0.4243,1,0,0,0.0,0,0,0.043214
HP002417,2025-09-01,RET-202509,MIDWEST,EMAIL,PREMIUM,937,40,2,228.42,98.71,0.2208,0.0365,2,10,0,22,0.2308,0.4547,1,0,0,0.0,0,0,0.055288
HP004122,2025-12-01,RET-202512,SOUTH,EMAIL,PREMIUM,276,64,4,511.03,97.66,0.0295,0.0017,1,8,0,5,0.2057,0.4216,1,0,0,0.0,0,0,0.051544
HP002923,2026-03-01,RET-202603,MIDWEST,SMS,STANDARD,1203,35,0,0.0,66.44,0.4895,0.1194,1,8,1,12,0.2857,0.4309,1,0,0,0.0,0,0,0.043485
HP003562,2026-03-01,RET-202603,SOUTH,SMS,PLUS,2084,66,1,136.33,137.63,0.0148,0.001,1,10,0,34,0.3285,0.4401,1,0,0,0.0,0,0,0.024147
HP001551,2025-10-01,RET-202510,MIDWEST,EMAIL,PLUS,474,14,4,335.29,84.36,0.4226,0.198,4,3,1,7,0.8243,0.3515,1,0,0,0.0,1,1,0.152109
HP002493,2026-01-01,RET-202601,NORTHEAST,EMAIL,PLUS,344,28,2,262.58,157.44,0.5432,,4,11,2,25,0.8567,0.3261,1,0,1,220.68,1,1,0.08936
HP005679,2025-12-01,RET-202512,MIDWEST,SMS,PLUS,1685,7,3,416.85,130.8,0.3224,0.0729,3,5,1,39,0.1493,0.443,1,0,0,0.0,1,0,0.087044
HP000038,2026-04-01,RET-202604,WEST,EMAIL,STANDARD,315,36,0,0.0,27.29,0.3826,0.0648,5,4,0,137,0.1083,0.4708,1,0,0,0.0,0,0,0.042717
HP001511,2025-09-01,RET-202509,MIDWEST,SMS,STANDARD,1474,37,0,0.0,58.93,0.0955,0.0083,1,5,0,30,0.1845,0.4822,1,0,0,0.0,0,0,0.032142
HP005379,2026-06-01,RET-202606,WEST,EMAIL,PLUS,468,8,6,441.9,73.56,0.5516,0.2436,2,2,0,17,0.2744,0.4534,1,0,0,0.0,1,0,0.105049
HP003276,2025-09-01,RET-202509,WEST,SMS,STANDARD,1812,12,1,28.15,28.24,0.5296,0.1786,0,8,3,24,0.3065,0.4522,1,0,0,0.0,0,0,0.089593
HP004673,2025-09-01,RET-202509,WEST,PUSH,PREMIUM,1998,68,4,313.11,85.15,0.2067,0.042,2,2,0,106,0.4896,0.4087,1,0,0,0.0,1,0,0.045637
HP005322,2026-06-01,RET-202606,NORTHEAST,EMAIL,STANDARD,2155,52,1,76.77,61.34,0.2016,0.0535,3,3,0,43,0.4145,0.4303,1,0,0,0.0,1,0,0.03693
HP003057,2026-02-01,RET-202602,NORTHEAST,SMS,STANDARD,416,38,3,216.13,83.26,0.0716,0.0074,1,3,0,64,0.2552,0.462,1,0,0,0.0,0,0,0.035645
HP002395,2026-03-01,RET-202603,NORTHEAST,EMAIL,PLUS,749,9,3,139.68,,0.1765,0.0437,3,12,2,48,0.721,0.359,1,0,0,0.0,0,0,0.14725
HP000009,2025-09-01,RET-202509,NORTHEAST,EMAIL,PREMIUM,765,14,2,165.73,77.54,0.2817,0.0778,1,3,0,53,0.6943,0.3729,1,0,1,81.84,0,0,0.14995
HP003200,2026-01-01,RET-202601,NORTHEAST,PUSH,STANDARD,1226,4,2,102.85,50.14,,0.108,3,6,0,41,0.2337,0.4405,1,0,0,0.0,1,0,0.060002
HP002356,2026-06-01,RET-202606,MIDWEST,PUSH,PLUS,644,9,3,169.74,55.02,0.1491,0.0243,1,5,1,16,0.1759,0.4651,1,0,0,0.0,0,0,0.054317
HP000287,2026-04-01,RET-202604,WEST,PUSH,STANDARD,1743,26,2,76.32,39.65,0.6408,0.1427,1,11,1,40,0.1811,0.4861,1,0,0,0.0,1,0,0.051952
HP005867,2026-06-01,RET-202606,NORTHEAST,EMAIL,STANDARD,1152,33,1,54.27,55.33,0.1888,0.0447,0,9,0,20,0.5911,0.4242,1,0,0,0.0,0,0,0.038364
HP000011,2026-05-01,RET-202605,SOUTH,EMAIL,STANDARD,966,29,0,0.0,36.22,0.0179,0.0013,1,11,1,66,0.6095,0.3576,1,0,0,0.0,0,0,0.042842
HP003546,2026-08-01,RET-202608,MIDWEST,EMAIL,PLUS,1260,2,3,138.42,47.69,0.4679,0.1992,3,8,1,25,0.3221,0.4699,1,0,0,0.0,0,0,0.102987
HP002424,2026-02-01,RET-202602,SOUTH,EMAIL,STANDARD,710,64,1,106.53,105.14,0.1635,0.0185,0,4,0,58,0.2598,0.4081,1,0,0,0.0,0,0,0.026012
HP002183,2026-08-01,RET-202608,MIDWEST,EMAIL,PREMIUM,557,7,2,128.21,77.18,0.7071,0.4315,2,2,0,64,0.8615,0.348,1,0,0,0.0,0,0,0.25839
HP000601,2026-08-01,RET-202608,NORTHEAST,EMAIL,STANDARD,2266,47,1,117.54,,0.2026,0.0631,0,6,2,45,0.5052,0.4488,1,0,0,0.0,0,0,0.043941
HP001763,2026-04-01,RET-202604,WEST,PUSH,PLUS,589,19,3,177.55,56.78,0.2225,0.0581,2,6,0,60,0.4125,0.4215,1,0,0,0.0,0,0,0.0501
HP003245,2026-01-01,RET-202601,WEST,PUSH,PLUS,291,19,4,190.99,43.0,0.2049,0.0362,3,9,0,48,0.0556,0.5043,1,0,0,0.0,0,0,0.049381
HP002431,2026-02-01,RET-202602,NORTHEAST,EMAIL,PLUS,1875,35,1,117.26,116.36,0.1199,0.0083,1,5,0,9,0.2534,0.4042,1,0,0,0.0,1,0,0.037605
HP003852,2026-05-01,RET-202605,NORTHEAST,SMS,PREMIUM,1045,36,3,186.45,51.27,0.6827,0.2341,4,7,1,90,0.7129,0.3998,1,0,0,0.0,0,0,0.166822
HP001590,2026-01-01,RET-202601,SOUTH,EMAIL,PLUS,717,9,3,396.36,128.45,0.5593,0.18,4,12,0,102,0.2101,0.5011,1,0,0,0.0,1,0,0.094667
HP001503,2026-03-01,RET-202603,NORTHEAST,EMAIL,PLUS,1715,21,2,295.02,116.28,0.2875,0.0481,1,3,0,22,0.3461,0.4119,1,0,0,0.0,1,0,0.050102
HP001306,2025-11-01,RET-202511,NORTHEAST,PUSH,PLUS,2052,15,4,252.18,67.17,0.2221,0.0695,2,7,0,40,0.4657,0.4369,1,0,0,0.0,0,0,0.074715
HP002426,2026-06-01,RET-202606,WEST,EMAIL,STANDARD,602,8,1,27.63,25.5,0.6176,0.1962,3,10,1,30,0.4106,0.3808,1,0,0,0.0,1,0,0.094727
HP004320,2025-11-01,RET-202511,NORTHEAST,EMAIL,PLUS,1349,21,0,0.0,86.74,0.4746,0.1152,4,8,1,44,0.2473,0.4437,1,0,1,83.17,1,1,0.07971
HP000114,2026-04-01,RET-202604,SOUTH,SMS,PREMIUM,821,3,5,362.19,76.44,0.597,0.2974,4,7,1,10,0.9232,0.3392,1,0,0,0.0,1,0,0.179522
HP002851,2026-05-01,RET-202605,SOUTH,PUSH,PLUS,1865,26,2,82.85,35.97,0.6424,0.1862,3,11,2,70,0.4932,0.4482,1,0,0,0.0,0,0,0.068886
HP001975,2026-03-01,RET-202603,WEST,SMS,PLUS,1236,41,0,0.0,125.91,0.1188,0.0075,3,12,0,13,0.5982,0.436,1,0,0,0.0,1,0,0.016797
HP001979,2026-05-01,RET-202605,MIDWEST,SMS,PLUS,1495,6,1,69.12,61.01,0.7899,0.4062,2,3,0,26,0.6868,0.3753,1,0,0,0.0,1,0,0.103884
HP004567,2026-01-01,RET-202601,NORTHEAST,SMS,PREMIUM,1597,11,6,420.32,,0.5296,0.1772,3,8,1,7,0.4917,0.4654,1,0,0,0.0,1,0,0.139312
HP002399,2025-10-01,RET-202510,SOUTH,PUSH,STANDARD,640,14,4,230.7,50.59,0.4289,0.1193,7,12,3,9,0.6359,0.3624,1,0,0,0.0,0,0,0.048812
HP002226,2025-11-01,RET-202511,NORTHEAST,SMS,STANDARD,1260,4,3,122.92,42.37,0.254,0.0643,1,6,0,22,0.4688,0.4069,1,0,0,0.0,0,0,0.075716
HP002237,2026-07-01,RET-202607,MIDWEST,EMAIL,STANDARD,993,180,1,54.35,62.38,0.0698,0.0046,2,3,0,8,0.4312,0.3803,1,0,0,0.0,0,0,0.009314
HP002201,2026-08-01,RET-202608,NORTHEAST,EMAIL,STANDARD,425,54,2,130.82,69.01,0.0784,0.0075,0,12,0,59,0.1402,0.4695,1,0,0,0.0,1,0,0.026056
HP005689,2026-08-01,RET-202608,NORTHEAST,EMAIL,STANDARD,2129,5,3,152.61,57.45,0.4488,0.1294,0,4,0,79,0.4253,0.4419,1,0,0,0.0,1,0,0.059488
HP005965,2025-12-01,RET-202512,WEST,EMAIL,PLUS,753,26,5,234.02,48.67,0.5061,0.2095,6,7,1,29,0.2971,0.4441,1,0,1,54.76,1,1,0.162328
HP001647,2026-01-01,RET-202601,WEST,EMAIL,PREMIUM,1374,17,5,579.49,106.51,0.36,0.1332,3,2,1,40,0.4203,0.3849,1,0,0,0.0,0,0,0.254566
HP004008,2026-05-01,RET-202605,SOUTH,EMAIL,STANDARD,534,22,3,154.08,43.47,0.4655,0.2058,4,2,1,47,0.7387,0.3892,1,0,0,0.0,0,0,0.208677
HP001765,2026-02-01,RET-202602,WEST,EMAIL,PREMIUM,2144,29,3,243.46,82.63,0.3739,0.1124,3,7,1,32,0.3661,0.4428,1,0,0,0.0,1,1,0.082609
HP003947,2025-12-01,RET-202512,WEST,EMAIL,PLUS,414,29,3,213.29,81.11,0.6827,0.2968,3,4,1,46,0.4948,0.4057,1,0,0,0.0,0,0,0.172734
HP000789,2025-12-01,RET-202512,SOUTH,EMAIL,STANDARD,494,54,1,47.87,47.45,0.2874,0.0381,0,12,1,24,0.3268,0.3847,1,0,0,0.0,0,0,0.043119
HP004024,2025-10-01,RET-202510,NORTHEAST,SMS,PLUS,528,69,1,58.23,62.23,0.1658,0.0227,1,2,0,19,0.24,0.4394,1,0,0,0.0,1,0,0.025844
HP000185,2026-06-01,RET-202606,WEST,EMAIL,PLUS,392,4,3,273.19,77.09,0.216,0.0738,4,9,1,50,0.3695,0.3756,1,0,0,0.0,0,0,0.073872
HP000628,2026-05-01,RET-202605,NORTHEAST,EMAIL,PLUS,1373,21,2,73.17,37.06,0.069,0.0085,1,5,0,36,0.6065,0.3901,1,0,0,0.0,0,0,0.048267
HP004309,2025-11-01,RET-202511,SOUTH,SMS,STANDARD,1139,11,0,0.0,55.49,0.2481,0.0799,1,10,2,25,0.6225,0.3738,1,0,0,0.0,0,0,0.076998
HP000011,2025-10-01,RET-202510,SOUTH,EMAIL,STANDARD,756,22,0,0.0,45.93,0.0942,0.0072,1,6,0,45,0.5565,0.385,1,0,0,0.0,0,0,0.046421
HP005667,2025-09-01,RET-202509,WEST,EMAIL,STANDARD,1403,14,0,0.0,65.52,,0.1709,3,10,2,79,0.6396,0.392,1,0,1,90.52,1,0,0.103059
HP005323,2026-05-01,RET-202605,MIDWEST,EMAIL,PREMIUM,1308,11,2,88.64,57.21,,0.2878,3,7,3,125,0.5571,0.3811,1,0,0,0.0,1,0,0.181817
HP001172,2025-12-01,RET-202512,NORTHEAST,SMS,STANDARD,481,14,2,183.14,79.66,0.2311,0.058,1,9,0,98,0.6221,0.3957,1,0,0,0.0,0,0,0.067219
HP005669,2026-06-01,RET-202606,NORTHEAST,EMAIL,PLUS,345,11,1,82.72,67.84,0.5133,,2,10,0,123,0.4394,0.3909,1,0,0,0.0,0,0,0.077809
HP003778,2025-11-01,RET-202511,WEST,PUSH,PLUS,1723,8,2,88.52,44.86,0.1915,0.0323,0,6,0,97,0.4185,0.4232,1,0,0,0.0,0,0,0.086637
HP001813,2025-09-01,RET-202509,NORTHEAST,SMS,PLUS,1283,41,3,233.19,69.85,0.0833,0.0096,0,7,0,35,0.0584,0.4866,1,0,0,0.0,1,0,0.031051
HP005643,2025-10-01,RET-202510,SOUTH,SMS,PREMIUM,1973,28,0,0.0,160.57,0.1951,0.0403,4,6,0,13,0.4907,0.4454,1,0,0,0.0,1,0,0.056763
HP001153,2026-02-01,RET-202602,SOUTH,SMS,STANDARD,714,58,0,0.0,118.53,0.0288,0.0032,0,8,0,78,0.3062,0.4121,1,0,0,0.0,0,0,0.022364
HP004571,2026-06-01,RET-202606,WEST,SMS,PREMIUM,621,7,4,582.53,165.39,0.3687,0.1929,0,12,4,95,0.528,0.3997,1,0,0,0.0,1,0,0.220597
HP001705,2026-05-01,RET-202605,WEST,EMAIL,PLUS,777,41,2,99.12,48.99,0.2242,0.0758,4,4,1,14,0.7167,0.3616,1,0,0,0.0,0,0,0.063761
HP000951,2025-12-01,RET-202512,MIDWEST,SMS,PLUS,1429,24,4,323.07,92.24,0.2002,0.0629,3,4,0,72,0.2562,0.4592,1,0,0,0.0,1,0,0.064997
HP001714,2025-09-01,RET-202509,MIDWEST,EMAIL,PREMIUM,660,4,4,255.44,68.98,0.6314,0.2456,1,5,1,15,0.5458,0.3998,1,0,0,0.0,0,0,0.168543
HP001987,2025-12-01,RET-202512,NORTHEAST,EMAIL,STANDARD,1132,20,3,267.41,85.59,0.1523,0.0206,0,5,0,37,0.2962,0.4215,1,0,0,0.0,0,0,0.057496
HP003470,2025-12-01,RET-202512,MIDWEST,PUSH,PLUS,1168,8,6,266.19,46.76,0.3843,0.1845,4,4,0,42,0.5214,0.3664,1,0,0,0.0,0,0,0.130489
HP004157,2025-10-01,RET-202510,NORTHEAST,PUSH,PLUS,1464,35,4,320.02,73.07,0.386,0.1336,4,11,2,44,0.2498,0.4424,1,0,0,0.0,0,0,0.064647
HP000376,2026-06-01,RET-202606,SOUTH,EMAIL,PLUS,390,23,3,241.7,72.27,0.1206,0.0134,0,2,0,14,0.4392,0.4505,1,0,0,0.0,0,0,0.04267
HP003374,2026-01-01,RET-202601,WEST,EMAIL,PLUS,731,32,1,50.34,47.94,0.0876,0.008,1,6,0,17,0.0904,0.4796,1,0,0,0.0,1,0,0.03677
HP003412,2025-10-01,RET-202510,MIDWEST,EMAIL,PLUS,1188,3,2,165.43,85.38,0.6659,0.2387,4,10,4,24,0.35,0.4012,1,0,0,0.0,1,0,0.153827
HP002489,2026-05-01,RET-202605,WEST,SMS,PLUS,1489,5,5,616.82,135.87,0.5842,0.3591,8,6,2,112,0.6411,0.4134,1,0,0,0.0,1,0,0.292034
HP005186,2025-10-01,RET-202510,SOUTH,SMS,PLUS,1483,38,0,0.0,101.34,0.2807,0.0354,0,4,0,81,0.2112,0.4027,1,0,0,0.0,1,0,0.030708
HP004456,2026-07-01,RET-202607,MIDWEST,EMAIL,STANDARD,1315,13,4,229.63,49.82,0.8951,0.4338,5,7,0,76,0.2612,0.4618,1,0,0,0.0,1,0,0.123556
HP004497,2025-11-01,RET-202511,NORTHEAST,EMAIL,PLUS,1345,116,2,175.38,107.68,0.1843,0.0518,2,4,0,34,0.6701,0.4206,1,0,0,0.0,0,0,0.057674
HP001487,2026-02-01,RET-202602,MIDWEST,EMAIL,PLUS,954,41,3,427.64,135.49,0.1725,0.0386,2,7,2,64,0.6442,0.3913,1,0,0,0.0,1,0,0.117249
HP003396,2025-10-01,RET-202510,SOUTH,EMAIL,PLUS,544,19,0,0.0,57.66,0.4121,0.0804,2,2,0,68,0.116,0.476,1,0,0,0.0,1,0,0.050553
HP002213,2026-02-01,RET-202602,NORTHEAST,PUSH,STANDARD,859,18,2,42.5,21.13,0.4892,0.0677,0,6,0,44,0.2588,0.4575,1,0,0,0.0,1,0,0.04379
HP003156,2026-07-01,RET-202607,MIDWEST,PUSH,STANDARD,2026,9,5,268.45,49.32,0.4709,0.1695,4,6,1,37,0.1858,0.4628,1,0,0,0.0,0,0,0.096996
HP001340,2026-04-01,RET-202604,NORTHEAST,EMAIL,PREMIUM,1678,2,2,113.13,59.5,0.3314,0.1375,2,6,1,20,0.3863,0.3723,1,0,0,0.0,0,0,0.098148
HP005367,2026-02-01,RET-202602,MIDWEST,SMS,PLUS,329,49,3,186.84,56.64,0.3988,0.1359,4,11,1,73,0.5932,0.4029,1,0,0,0.0,0,0,0.053073
HP001176,2025-10-01,RET-202510,SOUTH,EMAIL,PREMIUM,1407,20,4,242.99,74.8,0.2983,0.0715,1,4,0,25,0.3078,0.4388,1,0,0,0.0,0,0,0.075231
HP002449,2026-02-01,RET-202602,MIDWEST,SMS,PREMIUM,1281,16,1,153.21,142.86,0.3612,0.0569,1,9,1,20,0.0879,0.5368,1,0,1,76.09,1,0,0.059191
HP000313,2026-05-01,RET-202605,SOUTH,PUSH,PLUS,1240,16,4,382.13,90.79,0.4792,0.1469,2,9,0,25,0.1903,0.4571,1,0,0,0.0,0,0,0.05783
HP000781,2025-12-01,RET-202512,MIDWEST,EMAIL,STANDARD,955,44,2,72.75,31.48,0.0987,0.0084,0,4,0,29,0.193,0.458,1,0,0,0.0,0,0,0.04093
HP000481,2025-10-01,RET-202510,MIDWEST,EMAIL,PLUS,1576,4,2,93.64,54.34,0.3658,0.1372,3,6,2,108,0.4142,0.4295,1,0,0,0.0,0,0,0.100969
HP002356,2025-12-01,RET-202512,MIDWEST,PUSH,PLUS,464,31,3,136.6,45.12,0.1098,0.0182,1,3,0,34,0.2636,0.4463,1,0,1,37.37,0,0,0.050282
HP005030,2026-02-01,RET-202602,MIDWEST,PUSH,PREMIUM,445,33,3,340.92,131.74,0.0262,0.0019,0,2,0,26,0.6528,0.3697,1,0,0,0.0,0,0,0.047123
HP002741,2026-08-01,RET-202608,SOUTH,SMS,STANDARD,1891,46,0,0.0,52.23,0.4286,0.1468,1,12,4,45,0.6115,0.3531,1,0,0,0.0,1,0,0.049601
HP001480,2025-10-01,RET-202510,MIDWEST,EMAIL,PLUS,935,34,3,136.24,46.81,0.474,0.1213,0,7,0,33,0.3831,0.4249,1,0,0,0.0,0,0,0.050387
HP001604,2026-06-01,RET-202606,NORTHEAST,EMAIL,PLUS,725,41,3,212.52,58.85,0.6373,0.253,1,9,1,32,0.1747,0.4674,1,0,0,0.0,1,0,0.057422
HP005308,2026-06-01,RET-202606,WEST,SMS,PLUS,1680,110,1,89.1,102.52,0.0822,0.0113,1,12,2,68,0.3634,0.4412,1,0,0,0.0,1,0,0.018396
HP004380,2025-12-01,RET-202512,MIDWEST,EMAIL,PLUS,544,24,3,235.46,67.55,0.5774,0.1852,1,11,3,20,0.1128,0.4478,1,0,0,0.0,0,0,0.094996
HP002940,2026-07-01,RET-202607,SOUTH,EMAIL,STANDARD,896,13,2,126.74,65.32,0.5928,0.2647,2,4,1,41,0.5175,0.3681,1,0,0,0.0,0,0,0.111607
HP004102,2026-05-01,RET-202605,WEST,EMAIL,PLUS,2034,62,3,206.0,62.62,0.3185,0.0726,0,7,0,43,0.695,0.3911,1,0,0,0.0,0,0,0.068556
HP003350,2026-07-01,RET-202607,WEST,EMAIL,PLUS,670,27,3,206.7,68.54,0.5613,0.1115,2,2,0,63,0.174,0.4442,1,0,0,0.0,0,0,0.053687
HP001769,2025-12-01,RET-202512,SOUTH,PUSH,STANDARD,1540,92,2,147.95,73.02,0.2321,0.0217,0,6,0,40,0.2653,0.4334,1,0,0,0.0,0,0,0.024701
HP004613,2026-07-01,RET-202607,SOUTH,EMAIL,STANDARD,1737,16,1,32.29,31.86,0.3936,0.09,2,10,2,25,0.2038,0.4758,1,0,0,0.0,0,0,0.060618
HP001882,2026-07-01,RET-202607,SOUTH,PUSH,STANDARD,1350,23,0,0.0,30.56,0.2941,0.0572,3,2,0,71,0.5484,0.4201,1,0,0,0.0,0,0,0.043913
HP000517,2025-10-01,RET-202510,NORTHEAST,PUSH,STANDARD,1150,58,1,32.38,34.21,0.4595,0.1198,4,12,0,14,0.2054,0.4343,1,0,0,0.0,1,0,0.017591
HP002269,2025-12-01,RET-202512,WEST,PUSH,STANDARD,1882,71,1,64.4,55.9,0.0289,0.0015,0,12,0,85,0.5836,0.397,1,0,0,0.0,0,0,0.044183
HP000245,2026-08-01,RET-202608,NORTHEAST,EMAIL,PLUS,865,14,6,289.13,51.0,0.589,0.1726,1,7,2,14,0.552,0.4053,1,0,0,0.0,1,0,0.123911
HP003813,2025-09-01,RET-202509,MIDWEST,EMAIL,PREMIUM,91,7,2,257.69,147.41,0.9311,0.4925,5,2,1,36,0.3502,0.4628,1,0,0,0.0,1,0,0.25408
HP003121,2025-11-01,RET-202511,SOUTH,EMAIL,PREMIUM,1883,32,3,194.72,66.04,0.1283,0.0396,0,11,4,68,0.9084,0.3451,1,0,0,0.0,0,0,0.194247
HP004868,2025-10-01,RET-202510,WEST,PUSH,PLUS,779,3,5,286.12,61.82,0.5631,0.1094,1,8,0,35,0.6303,0.3904,1,0,0,0.0,0,0,0.081772
HP000596,2026-06-01,RET-202606,SOUTH,EMAIL,STANDARD,2193,13,0,0.0,54.54,0.1936,0.0355,0,5,0,65,0.4694,0.4424,1,0,0,0.0,1,0,0.042132
HP004533,2026-02-01,RET-202602,NORTHEAST,PUSH,STANDARD,1995,16,1,41.63,41.41,0.5686,0.1672,1,7,1,23,0.1875,0.4592,1,0,0,0.0,1,1,0.071417
HP002443,2026-08-01,RET-202608,NORTHEAST,SMS,PREMIUM,1954,7,2,134.94,69.38,0.7438,0.4533,4,8,4,62,0.5576,0.4107,1,0,0,0.0,1,1,0.200091
HP001901,2026-05-01,RET-202605,MIDWEST,PUSH,PREMIUM,1067,54,2,87.12,46.06,0.6401,0.2361,1,8,1,84,0.493,0.4457,1,0,0,0.0,0,0,0.060537
HP003377,2026-07-01,RET-202607,WEST,PUSH,PREMIUM,490,10,6,514.03,90.46,0.0711,0.0175,0,9,0,4,0.3518,0.4352,1,0,0,0.0,1,1,0.028455
HP005093,2026-06-01,RET-202606,WEST,PUSH,PLUS,1091,7,2,74.64,38.11,0.45,0.2078,2,12,2,18,0.255,0.4705,1,0,0,0.0,0,0,0.084514
HP004211,2026-08-01,RET-202608,SOUTH,EMAIL,STANDARD,470,43,2,117.36,75.55,0.1236,0.0215,2,5,0,42,0.5848,0.3794,1,0,0,0.0,0,0,0.040259
HP002547,2026-06-01,RET-202606,WEST,PUSH,STANDARD,1105,11,3,167.93,49.04,0.4877,0.1345,4,7,1,61,0.303,0.4482,1,0,0,0.0,1,0,0.070799
HP003920,2025-11-01,RET-202511,MIDWEST,SMS,STANDARD,799,8,3,77.92,26.56,0.6907,0.3419,2,9,6,19,0.7255,0.4031,1,0,1,27.34,0,0,0.2339
HP000904,2026-02-01,RET-202602,SOUTH,PUSH,STANDARD,1979,9,4,220.65,66.66,0.5334,0.2179,1,8,2,13,0.3332,0.4415,1,0,0,0.0,1,0,0.10447
HP003753,2025-12-01,RET-202512,NORTHEAST,EMAIL,PLUS,595,85,1,65.6,69.88,0.0644,0.0124,0,3,0,10,0.1732,0.4724,1,0,0,0.0,0,0,0.025743
HP003653,2026-06-01,RET-202606,MIDWEST,PUSH,PREMIUM,1547,15,4,710.06,179.16,0.5316,0.1774,3,3,1,39,0.6319,0.3888,1,0,0,0.0,1,0,0.255739
HP000482,2025-09-01,RET-202509,NORTHEAST,EMAIL,PLUS,191,19,3,185.22,57.5,0.5666,0.2224,1,10,1,55,0.3285,0.4694,1,0,0,0.0,0,0,0.095384
HP004751,2026-04-01,RET-202604,MIDWEST,EMAIL,PLUS,712,16,4,384.76,102.23,0.2407,0.0384,0,11,0,85,0.2941,0.4645,1,0,0,0.0,0,0,0.049707
HP003062,2026-07-01,RET-202607,NORTHEAST,EMAIL,PREMIUM,2277,7,4,482.88,109.81,0.2547,0.084,2,5,1,50,0.4958,0.3649,1,0,0,0.0,1,0,0.100143
HP000465,2026-07-01,RET-202607,WEST,EMAIL,PLUS,2141,25,1,104.08,114.09,0.1105,0.0182,2,8,1,70,0.1769,0.4331,1,0,0,0.0,0,0,0.044767
HP000726,2025-11-01,RET-202511,NORTHEAST,EMAIL,STANDARD,359,7,0,0.0,28.73,0.1464,0.0387,0,6,0,14,0.1442,0.4071,1,0,0,0.0,0,0,0.054276
HP004940,2026-04-01,RET-202604,MIDWEST,EMAIL,PLUS,1465,6,2,143.19,76.27,0.3783,0.1094,4,4,1,19,0.4137,0.4379,1,0,0,0.0,1,0,0.087052
HP002568,2026-03-01,RET-202603,WEST,EMAIL,PREMIUM,1359,40,4,298.56,86.85,0.363,,1,4,0,35,0.5059,0.3823,1,0,0,0.0,0,0,0.064509
HP004690,2025-11-01,RET-202511,MIDWEST,SMS,STANDARD,1342,29,2,46.72,21.24,0.1271,0.0262,2,11,0,24,0.2945,0.4213,1,0,0,0.0,0,0,0.052622
HP001820,2026-07-01,RET-202607,NORTHEAST,SMS,PREMIUM,663,13,6,966.25,169.99,0.0468,0.0099,0,11,0,35,0.7806,0.3216,1,0,0,0.0,0,0,0.222905
HP003418,2025-10-01,RET-202510,NORTHEAST,SMS,STANDARD,1302,17,2,78.96,40.64,0.166,,1,7,0,35,0.7586,0.3845,1,0,0,0.0,0,0,0.101443
HP001569,2026-07-01,RET-202607,WEST,EMAIL,PREMIUM,1363,17,1,159.92,172.92,0.2072,0.0375,0,2,0,64,0.3936,0.4015,1,0,0,0.0,0,0,0.052084
HP001426,2026-04-01,RET-202604,SOUTH,EMAIL,PLUS,1937,19,6,661.9,96.89,0.606,0.2069,7,11,1,18,0.2564,0.5083,1,0,0,0.0,1,0,0.117354
HP004789,2026-07-01,RET-202607,NORTHEAST,EMAIL,STANDARD,829,54,2,56.65,30.63,0.0939,0.0212,2,8,1,48,0.4026,0.438,1,0,1,31.97,0,0,0.038363
HP002394,2026-03-01,RET-202603,WEST,PUSH,PREMIUM,613,4,10,524.88,57.55,0.8109,0.4901,5,7,4,32,0.6291,0.356,1,0,0,0.0,1,1,0.336022
HP002484,2026-08-01,RET-202608,SOUTH,PUSH,PLUS,1356,46,2,137.16,76.72,0.0363,0.0023,2,9,0,15,0.1062,0.4583,1,0,0,0.0,0,0,0.013285
HP000641,2026-01-01,RET-202601,SOUTH,EMAIL,STANDARD,1349,41,1,38.34,40.01,0.2084,0.049,3,8,1,124,0.7104,0.36,1,0,0,0.0,0,0,0.100686
HP000777,2026-01-01,RET-202601,SOUTH,EMAIL,STANDARD,553,15,2,144.64,,0.8403,0.2791,7,5,1,54,0.17,0.4422,1,0,0,0.0,1,0,0.124432
HP000805,2025-12-01,RET-202512,SOUTH,EMAIL,STANDARD,1165,19,0,0.0,,0.4375,0.0985,1,10,1,71,0.6505,0.4104,1,0,0,0.0,0,0,0.143533
HP004624,2026-02-01,RET-202602,MIDWEST,EMAIL,PLUS,559,23,1,125.25,140.1,0.1581,0.0245,1,5,0,64,0.2615,0.4076,1,0,0,0.0,1,0,0.043354
HP001447,2026-04-01,RET-202604,SOUTH,PUSH,STANDARD,350,2,1,128.57,128.2,0.0934,0.0105,0,5,1,38,0.2595,0.4088,1,0,0,0.0,0,0,0.048001
HP000721,2026-01-01,RET-202601,SOUTH,EMAIL,STANDARD,957,16,7,403.58,49.01,0.2548,0.0853,6,8,3,21,0.5072,0.4064,1,0,0,0.0,0,0,0.119828
HP001954,2026-02-01,RET-202602,SOUTH,EMAIL,PREMIUM,223,21,0,0.0,50.7,0.3404,0.0835,2,11,2,37,0.8426,0.3323,1,0,0,0.0,0,0,0.156519
HP003598,2026-03-01,RET-202603,SOUTH,EMAIL,STANDARD,767,9,6,612.12,88.13,0.4759,0.1796,1,3,1,27,0.2301,0.4623,1,0,0,0.0,1,0,0.125984
HP005134,2026-05-01,RET-202605,NORTHEAST,EMAIL,PLUS,1138,40,6,260.4,51.92,0.4298,0.1511,1,4,1,85,0.6033,0.3876,1,0,0,0.0,0,0,0.077074
HP001312,2025-10-01,RET-202510,WEST,SMS,PLUS,1258,28,4,440.61,102.5,0.6603,0.2152,1,12,2,47,0.3474,0.4772,1,0,0,0.0,1,0,0.072862
HP002692,2026-08-01,RET-202608,NORTHEAST,SMS,STANDARD,785,11,2,128.25,51.88,0.5082,0.1501,1,6,0,74,0.0978,0.4981,1,0,0,0.0,1,0,0.060879
HP003491,2026-07-01,RET-202607,WEST,EMAIL,STANDARD,2008,10,3,137.85,47.95,0.2641,0.0482,0,8,0,7,0.2166,0.4318,1,0,0,0.0,1,0,0.04767
HP002202,2026-04-01,RET-202604,WEST,EMAIL,STANDARD,699,29,2,151.33,76.76,0.0857,0.0178,2,3,0,57,0.5025,0.4026,1,0,0,0.0,1,0,0.046372
HP004087,2026-02-01,RET-202602,MIDWEST,PUSH,PLUS,1632,19,1,35.39,41.41,0.6324,,3,4,1,33,0.7035,0.3594,1,0,0,0.0,0,0,0.18548
HP000378,2026-01-01,RET-202601,MIDWEST,PUSH,PLUS,1529,24,1,117.02,127.77,0.3291,0.0678,1,7,0,12,0.3761,0.4261,1,0,0,0.0,0,0,0.043849
HP003911,2025-11-01,RET-202511,MIDWEST,EMAIL,STANDARD,1864,38,1,27.31,23.95,0.4378,0.0793,2,2,0,13,0.3641,0.3962,1,0,0,0.0,0,0,0.060149
HP002481,2025-12-01,RET-202512,SOUTH,SMS,PLUS,1969,33,2,196.34,99.17,0.1692,0.026,1,8,0,44,0.3893,0.4259,1,0,0,0.0,1,0,0.049956
HP000263,2025-10-01,RET-202510,NORTHEAST,EMAIL,PLUS,1217,26,6,468.7,70.65,0.1907,0.0182,1,9,0,14,0.2499,0.4888,1,0,0,0.0,1,0,0.027204
HP003605,2026-05-01,RET-202605,SOUTH,PUSH,PREMIUM,734,14,7,348.18,51.49,0.572,0.2117,3,12,1,37,0.2571,0.4492,1,0,0,0.0,1,1,0.127367
HP002384,2025-12-01,RET-202512,NORTHEAST,EMAIL,PLUS,879,24,4,309.93,94.49,0.2404,0.0543,2,6,0,5,0.5546,0.3959,1,0,0,0.0,0,0,0.07759
HP002087,2025-09-01,RET-202509,SOUTH,EMAIL,STANDARD,1502,14,2,131.9,68.98,0.0822,0.0118,1,3,0,15,0.4797,0.3825,1,0,0,0.0,1,0,0.054891
HP005262,2026-04-01,RET-202604,SOUTH,PUSH,PLUS,1625,27,3,295.48,85.72,0.2846,0.059,2,3,0,50,0.413,0.4239,1,0,0,0.0,1,0,0.047354
HP005587,2025-12-01,RET-202512,SOUTH,SMS,STANDARD,1128,18,2,149.99,80.09,0.1097,0.0201,1,5,0,27,0.1445,0.4732,1,0,0,0.0,0,0,0.052034
HP003741,2026-08-01,RET-202608,MIDWEST,EMAIL,PLUS,572,19,3,140.82,38.22,0.1785,0.0209,2,9,1,22,0.2121,0.4389,1,0,0,0.0,0,0,0.053129
HP000537,2026-08-01,RET-202608,SOUTH,EMAIL,STANDARD,622,51,5,187.12,33.73,,0.0262,2,9,0,104,0.2996,0.419,1,0,0,0.0,0,0,0.041349
HP005284,2026-04-01,RET-202604,NORTHEAST,EMAIL,STANDARD,1634,13,0,0.0,70.18,0.0962,0.0169,1,12,2,36,0.6187,0.3402,1,0,0,0.0,0,0,0.056213
HP001421,2026-08-01,RET-202608,WEST,EMAIL,STANDARD,2035,10,3,181.86,54.38,0.0385,0.0059,2,8,1,72,0.416,0.4495,1,0,0,0.0,0,0,0.059242
HP003609,2026-07-01,RET-202607,NORTHEAST,SMS,PLUS,1911,10,4,381.31,92.29,0.7562,0.4387,5,6,2,14,0.8262,0.3537,1,0,0,0.0,1,0,0.170673
HP001126,2025-12-01,RET-202512,SOUTH,EMAIL,STANDARD,791,56,0,0.0,99.77,0.0803,0.009,1,7,1,7,0.4473,0.4805,1,0,0,0.0,0,0,0.045118
HP003902,2026-06-01,RET-202606,WEST,SMS,PLUS,2123,59,1,61.71,77.19,,0.0988,0,10,0,34,0.4498,0.4444,1,0,0,0.0,0,0,0.028206
HP004098,2026-06-01,RET-202606,MIDWEST,EMAIL,PLUS,2050,48,0,0.0,58.98,0.1322,0.0235,3,6,0,42,0.3165,0.4359,1,0,0,0.0,0,0,0.033694
HP003945,2026-01-01,RET-202601,NORTHEAST,EMAIL,PLUS,1956,7,2,284.9,119.78,0.69,0.4394,5,7,3,9,0.7175,0.3868,1,0,0,0.0,1,1,0.192855
HP004268,2026-03-01,RET-202603,WEST,EMAIL,STANDARD,1589,21,2,136.18,65.75,0.4679,0.1084,3,7,2,93,0.4489,0.4257,1,0,0,0.0,0,0,0.079845
HP000648,2026-06-01,RET-202606,MIDWEST,SMS,STANDARD,1789,6,1,25.22,25.17,0.1805,0.0626,2,10,2,26,0.768,0.3762,1,0,0,0.0,0,0,0.066195
HP005077,2025-11-01,RET-202511,MIDWEST,EMAIL,PREMIUM,1185,4,4,328.8,81.11,0.543,0.2641,1,2,0,19,0.7019,0.3643,1,0,0,0.0,0,0,0.17777
HP001271,2026-07-01,RET-202607,WEST,SMS,STANDARD,1677,4,0,0.0,36.61,0.7648,0.3656,6,10,4,27,0.6624,0.3835,1,0,0,0.0,1,1,0.146061
HP003411,2026-05-01,RET-202605,NORTHEAST,PUSH,STANDARD,1800,29,1,39.4,35.33,,0.0512,4,4,2,26,0.4785,0.423,1,0,1,43.08,0,0,0.069505
HP002771,2026-04-01,RET-202604,WEST,EMAIL,PREMIUM,1620,9,7,374.02,58.35,0.9255,0.3858,6,11,1,44,0.0991,0.4823,1,0,0,0.0,1,0,0.190038
HP003447,2025-12-01,RET-202512,MIDWEST,EMAIL,STANDARD,612,14,3,391.53,129.29,0.5701,0.1972,5,9,2,33,0.6405,0.4132,1,0,0,0.0,0,0,0.27428
HP000161,2026-06-01,RET-202606,SOUTH,PUSH,PREMIUM,797,38,2,163.55,,0.1579,0.0251,2,11,0,53,0.1757,0.4608,1,0,0,0.0,0,0,0.043066
HP000513,2025-10-01,RET-202510,WEST,PUSH,STANDARD,477,16,1,85.5,68.78,0.1037,0.0143,3,9,1,32,0.6962,0.3635,1,0,0,0.0,0,0,0.108966
HP001366,2026-01-01,RET-202601,SOUTH,EMAIL,STANDARD,1324,5,0,0.0,49.42,0.3424,0.0284,4,12,0,40,0.0561,0.4761,1,0,0,0.0,1,0,0.054732
HP001871,2025-12-01,RET-202512,MIDWEST,EMAIL,PLUS,242,56,2,66.06,40.95,0.131,0.02,1,8,1,21,0.1179,0.4222,1,0,0,0.0,0,0,0.045389
HP002732,2026-01-01,RET-202601,SOUTH,EMAIL,PREMIUM,680,54,6,461.34,69.2,0.3139,0.0869,2,5,1,22,0.2894,0.4779,1,0,0,0.0,1,0,0.073905
HP002543,2026-08-01,RET-202608,NORTHEAST,EMAIL,STANDARD,466,7,0,0.0,83.06,0.1168,0.0236,0,4,0,44,0.2158,0.4921,1,0,0,0.0,0,0,0.038795
HP002920,2026-02-01,RET-202602,SOUTH,EMAIL,PLUS,1285,3,4,263.91,70.46,0.7546,0.4415,4,7,1,46,0.5112,0.4286,1,0,0,0.0,1,1,0.162382
HP005221,2025-12-01,RET-202512,NORTHEAST,EMAIL,STANDARD,474,24,3,132.32,63.29,0.4668,0.0889,3,8,0,54,0.2652,0.4606,1,0,0,0.0,1,0,0.076453
HP000439,2026-03-01,RET-202603,WEST,PUSH,PREMIUM,1502,33,5,209.58,44.82,0.6655,0.3221,3,10,2,47,0.715,0.4132,1,0,0,0.0,1,0,0.205541
HP005029,2026-07-01,RET-202607,NORTHEAST,SMS,PREMIUM,501,22,6,438.07,73.63,0.5253,0.2131,3,9,2,72,0.2263,0.4688,1,0,0,0.0,1,0,0.100004
HP000653,2026-07-01,RET-202607,WEST,EMAIL,STANDARD,1991,5,1,79.42,70.69,0.3007,0.061,0,12,0,50,0.494,0.4135,1,0,0,0.0,1,0,0.050302
HP000677,2026-04-01,RET-202604,SOUTH,EMAIL,STANDARD,360,12,3,232.51,83.22,,0.0515,2,6,0,41,0.4297,0.4111,1,0,0,0.0,1,0,0.060515
HP000673,2025-12-01,RET-202512,NORTHEAST,EMAIL,STANDARD,1892,71,0,0.0,59.31,0.0579,0.0037,1,11,0,26,0.7508,0.3434,1,0,1,84.35,0,0,0.037459
HP001063,2026-04-01,RET-202604,WEST,EMAIL,STANDARD,1726,79,2,233.95,112.4,0.0241,0.0007,0,6,0,51,0.211,0.4236,1,0,0,0.0,1,0,0.021477
HP002291,2025-09-01,RET-202509,MIDWEST,SMS,STANDARD,713,19,0,0.0,46.35,0.6653,0.1764,5,10,3,31,0.0985,0.4659,1,0,0,0.0,1,0,0.092218
HP004211,2025-11-01,RET-202511,SOUTH,EMAIL,STANDARD,200,72,1,21.39,21.81,0.088,0.0159,2,4,0,49,0.774,0.373,1,0,0,0.0,1,0,0.080657
HP001829,2026-01-01,RET-202601,WEST,SMS,STANDARD,186,17,1,24.8,20.79,,0.1808,0,3,1,47,0.4743,0.4452,1,0,0,0.0,0,0,0.08199
HP004264,2026-03-01,RET-202603,WEST,EMAIL,PLUS,865,32,5,216.81,55.66,0.4444,0.0953,4,4,0,37,0.2848,0.4617,1,0,0,0.0,0,0,0.062726
HP002596,2026-08-01,RET-202608,MIDWEST,EMAIL,PLUS,787,12,2,173.07,89.69,0.5911,0.2488,4,12,2,20,0.1235,0.4934,1,0,0,0.0,1,0,0.096523
HP005181,2025-12-01,RET-202512,SOUTH,SMS,STANDARD,1399,26,3,113.17,,0.2057,0.0781,3,7,2,16,0.7097,0.3555,1,0,0,0.0,0,0,0.091004
HP004130,2025-11-01,RET-202511,MIDWEST,EMAIL,STANDARD,1253,12,4,280.7,69.68,,0.1073,5,5,0,6,0.093,0.4617,1,0,0,0.0,1,0,0.089581
HP004058,2026-02-01,RET-202602,SOUTH,SMS,STANDARD,1175,35,1,59.1,51.79,0.1507,0.0259,2,2,0,46,0.6289,0.3345,1,0,0,0.0,0,0,0.040593
HP000557,2026-02-01,RET-202602,SOUTH,EMAIL,PLUS,1425,4,0,0.0,58.07,0.3856,0.1461,1,7,2,22,0.7277,0.3763,1,0,0,0.0,1,0,0.086541
HP001100,2026-08-01,RET-202608,MIDWEST,EMAIL,STANDARD,582,21,2,95.02,54.55,0.2198,0.0902,4,8,2,54,0.4596,0.4241,1,0,0,0.0,1,0,0.069013
HP004675,2026-01-01,RET-202601,NORTHEAST,EMAIL,PREMIUM,1440,33,2,209.59,124.52,0.7927,0.3753,6,5,1,105,0.4658,0.4258,1,0,1,126.13,1,0,0.122452
HP005751,2026-04-01,RET-202604,WEST,EMAIL,PLUS,307,12,4,201.86,54.91,0.7216,0.2558,4,11,4,10,0.1259,0.4597,1,0,0,0.0,1,0,0.067854
HP003733,2026-03-01,RET-202603,SOUTH,EMAIL,STANDARD,2113,24,4,328.23,78.79,0.4783,0.0675,0,9,0,64,0.1545,0.4823,1,0,0,0.0,0,0,0.049012
HP005094,2025-10-01,RET-202510,SOUTH,PUSH,PLUS,1035,19,2,293.66,151.09,0.1559,0.0268,2,11,0,32,0.2575,0.4212,1,0,0,0.0,0,0,0.0465
HP001757,2026-07-01,RET-202607,NORTHEAST,SMS,PLUS,1940,14,7,428.71,71.27,0.8383,0.5134,4,2,0,26,0.5704,0.3598,1,0,0,0.0,0,0,0.141964
HP004785,2025-09-01,RET-202509,MIDWEST,SMS,PLUS,1903,24,7,472.59,63.99,0.5337,0.1829,2,2,2,55,0.4746,0.3963,1,0,0,0.0,0,0,0.180907
HP005612,2026-04-01,RET-202604,SOUTH,SMS,PLUS,934,91,2,198.96,119.86,0.1371,0.014,0,5,0,74,0.545,0.3994,1,0,0,0.0,0,0,0.019871
HP001292,2026-04-01,RET-202604,SOUTH,EMAIL,PLUS,1718,158,2,260.0,129.05,0.2716,0.033,1,6,0,73,0.1386,0.4262,1,0,0,0.0,0,0,0.011974
HP000376,2026-03-01,RET-202603,SOUTH,EMAIL,PLUS,300,7,1,118.16,93.29,0.0783,0.0074,2,5,0,16,0.1987,0.4581,1,0,0,0.0,1,0,0.049265
HP000094,2025-11-01,RET-202511,WEST,EMAIL,PREMIUM,1410,30,6,580.84,93.41,0.3509,0.1033,2,2,1,30,0.1871,0.4411,1,0,0,0.0,1,0,0.352693
HP002632,2026-02-01,RET-202602,NORTHEAST,EMAIL,PREMIUM,2122,39,5,315.73,66.98,0.0925,0.0167,0,7,1,48,0.1125,0.5294,1,0,0,0.0,0,0,0.054612
HP001721,2026-05-01,RET-202605,SOUTH,EMAIL,PLUS,367,21,2,87.03,46.97,0.2471,0.0493,0,6,0,33,0.3518,0.4133,1,0,0,0.0,1,0,0.043408
HP005800,2026-08-01,RET-202608,WEST,EMAIL,PREMIUM,1381,8,6,622.27,144.04,0.6731,0.2799,5,9,2,27,0.4843,0.4618,1,0,0,0.0,1,0,0.318163
HP004053,2025-11-01,RET-202511,SOUTH,EMAIL,PLUS,235,3,4,247.21,64.91,0.048,0.0056,2,12,0,88,0.3534,0.3807,1,0,0,0.0,0,0,0.081456
HP003782,2026-05-01,RET-202605,WEST,PUSH,PLUS,2018,31,4,391.2,95.86,0.1154,0.024,5,9,0,58,0.2382,0.441,1,0,0,0.0,0,0,0.045346
HP002064,2026-06-01,RET-202606,WEST,EMAIL,PLUS,367,13,2,125.1,50.76,0.246,0.0938,2,3,2,45,0.854,0.3218,1,0,1,53.68,1,0,0.207094
HP001748,2026-05-01,RET-202605,WEST,EMAIL,STANDARD,1419,3,6,311.83,51.5,0.4682,0.1468,4,10,0,88,0.3641,0.4257,1,0,0,0.0,1,0,0.090475
HP001841,2026-06-01,RET-202606,SOUTH,EMAIL,PLUS,2090,1,2,130.52,52.77,0.5148,0.2437,6,8,2,41,0.3548,0.4478,1,0,0,0.0,0,0,0.127845
HP004492,2026-02-01,RET-202602,MIDWEST,EMAIL,PLUS,935,32,2,140.1,78.58,0.19,0.0399,2,2,1,57,0.2909,0.4278,1,0,0,0.0,0,0,0.070857
HP000918,2026-03-01,RET-202603,WEST,EMAIL,PLUS,1970,12,2,105.44,54.57,0.4257,0.1795,3,10,1,30,0.818,0.3472,1,0,0,0.0,0,0,0.10521
HP004094,2026-03-01,RET-202603,MIDWEST,EMAIL,PLUS,542,22,1,303.35,248.89,0.2372,0.0553,2,8,1,29,0.6522,0.3892,1,0,0,0.0,1,0,0.060258
HP000255,2026-03-01,RET-202603,WEST,EMAIL,PLUS,1255,6,2,81.25,43.21,0.8073,0.4432,9,2,1,65,0.486,0.4294,1,0,0,0.0,1,1,0.209264
HP002372,2025-10-01,RET-202510,MIDWEST,EMAIL,PLUS,1798,20,3,233.6,85.77,0.1729,0.0265,0,9,0,24,0.1635,0.4681,1,0,0,0.0,0,0,0.04543
HP003217,2025-09-01,RET-202509,SOUTH,EMAIL,PLUS,318,15,5,543.1,109.81,0.301,0.1121,3,8,2,14,0.5173,0.3912,1,0,0,0.0,0,0,0.099373
HP004581,2026-08-01,RET-202608,WEST,SMS,PREMIUM,1502,2,3,105.13,32.18,0.803,0.3947,4,12,2,48,0.1513,0.4243,1,0,0,0.0,1,1,0.146213
HP000324,2026-07-01,RET-202607,NORTHEAST,PUSH,STANDARD,2008,6,0,0.0,53.57,0.1391,0.0141,2,11,0,133,0.0736,0.4347,1,0,0,0.0,1,0,0.039408
HP005323,2025-12-01,RET-202512,MIDWEST,EMAIL,PREMIUM,1158,27,7,1175.72,180.11,0.8855,0.4018,2,12,2,39,0.7526,0.383,1,0,1,220.02,1,0,0.504125
HP003138,2025-12-01,RET-202512,SOUTH,EMAIL,PREMIUM,871,17,7,426.66,64.23,0.9267,0.5825,1,2,1,31,0.78,0.3625,1,0,0,0.0,1,0,0.348933
HP004401,2025-10-01,RET-202510,WEST,SMS,PLUS,1180,2,2,115.29,56.54,0.245,0.06,3,4,0,29,0.6299,0.4331,1,0,0,0.0,0,0,0.06712
HP003797,2026-04-01,RET-202604,SOUTH,EMAIL,PLUS,1633,2,1,56.6,49.9,,0.0588,0,12,1,28,0.5455,0.4035,1,0,0,0.0,0,0,0.056934
HP000053,2026-08-01,RET-202608,SOUTH,PUSH,PLUS,2110,83,3,345.28,120.63,,0.0122,1,6,0,51,0.2369,0.4469,1,0,0,0.0,0,0,0.021675
HP005568,2025-12-01,RET-202512,NORTHEAST,EMAIL,STANDARD,898,45,5,234.23,54.36,0.4448,0.1732,1,8,0,150,0.6179,0.407,1,0,0,0.0,1,0,0.076296
HP001412,2026-05-01,RET-202605,WEST,EMAIL,PREMIUM,544,14,7,601.92,77.55,0.7029,0.3119,7,5,1,30,0.0673,0.5068,1,0,0,0.0,1,1,0.308094
HP004983,2026-04-01,RET-202604,south,EMAIL,PLUS,979,82,3,142.25,53.18,0.1395,0.0152,0,4,1,29,0.5891,0.3995,1,0,0,0.0,0,0,0.032953
HP001222,2026-07-01,RET-202607,WEST,EMAIL,PLUS,408,22,0,0.0,63.73,0.0829,0.0181,1,8,0,5,0.3226,0.4441,1,0,0,0.0,0,0,0.038745
HP003451,2026-05-01,RET-202605,SOUTH,PUSH,STANDARD,1303,28,1,22.83,24.77,0.081,0.0077,1,2,0,21,0.2236,0.4728,1,0,0,0.0,0,0,0.033778
HP004629,2026-01-01,RET-202601,WEST,EMAIL,PLUS,1740,51,1,55.02,54.11,0.4557,0.1236,2,12,0,40,0.5021,0.4307,1,0,0,0.0,0,0,0.044988
HP001542,2026-05-01,RET-202605,MIDWEST,EMAIL,PREMIUM,1272,14,7,1133.21,165.63,0.3108,0.0885,1,10,1,7,0.7212,0.36,1,0,0,0.0,1,0,0.101603
HP002681,2025-09-01,RET-202509,MIDWEST,PUSH,PREMIUM,405,11,8,250.89,43.78,0.7665,0.3427,4,6,3,80,0.2722,0.4846,1,0,0,0.0,0,0,0.243023
HP001690,2026-08-01,RET-202608,WEST,EMAIL,PLUS,427,8,2,93.96,43.16,0.3509,0.1299,0,10,3,33,0.4797,0.3859,1,0,0,0.0,1,0,0.070894
HP000495,2026-05-01,RET-202605,SOUTH,SMS,STANDARD,572,32,0,0.0,65.67,0.4278,0.1084,4,6,1,22,0.7259,0.3926,1,0,0,0.0,1,0,0.056737
HP002859,2025-09-01,RET-202509,WEST,EMAIL,PREMIUM,1101,9,5,325.1,86.84,0.8424,0.3448,3,11,3,38,0.3044,0.4548,1,0,0,0.0,1,1,0.202478
HP003099,2025-09-01,RET-202509,WEST,EMAIL,STANDARD,843,15,1,58.87,48.44,0.1764,0.0315,4,2,0,35,0.3992,0.4152,1,0,0,0.0,0,0,0.058579
HP000212,2026-02-01,RET-202602,MIDWEST,EMAIL,STANDARD,1058,49,0,0.0,34.66,0.2454,0.0477,0,11,1,38,0.6878,0.3515,1,0,0,0.0,0,0,0.071373
HP004126,2026-05-01,RET-202605,MIDWEST,SMS,STANDARD,1985,2,3,298.0,105.09,0.8015,0.4934,7,4,1,38,0.4704,0.3963,1,0,0,0.0,1,0,0.164652
HP001079,2026-04-01,RET-202604,SOUTH,SMS,STANDARD,1150,78,1,20.46,17.03,0.6071,0.2081,3,8,2,90,0.19,0.4841,1,0,0,0.0,0,0,0.039246
HP001701,2026-02-01,RET-202602,WEST,SMS,STANDARD,578,96,1,64.04,58.35,0.0526,0.0047,1,11,1,18,0.6411,0.4023,1,0,0,0.0,0,0,0.022344
HP002881,2025-09-01,RET-202509,MIDWEST,EMAIL,PLUS,710,55,2,132.42,59.33,0.2637,0.0483,1,4,0,16,0.7121,0.3599,1,0,0,0.0,0,0,0.043565
HP003739,2026-02-01,RET-202602,WEST,EMAIL,STANDARD,1806,50,1,44.07,40.89,0.1007,0.0134,0,12,2,35,0.7002,0.3603,1,0,0,0.0,1,1,0.074537
HP000730,2026-02-01,RET-202602,SOUTH,SMS,PREMIUM,1267,3,3,153.0,53.33,0.2921,0.0946,1,9,1,67,0.6245,0.4143,1,0,0,0.0,1,0,0.088287
HP004603,2025-10-01,RET-202510,MIDWEST,EMAIL,PLUS,376,11,2,163.15,72.64,0.1928,0.0195,3,6,0,23,0.2399,0.4948,1,0,0,0.0,0,0,0.05818
HP002202,2025-10-01,RET-202510,WEST,EMAIL,STANDARD,519,24,0,0.0,38.73,0.5937,0.1435,2,12,1,40,0.234,0.4304,1,0,1,45.96,1,1,0.059876
HP003366,2026-05-01,RET-202605,MIDWEST,EMAIL,STANDARD,1455,87,0,0.0,26.94,0.4683,0.1063,3,2,0,169,0.1024,0.4776,1,0,1,28.76,1,0,0.025812
HP002195,2026-04-01,RET-202604,WEST,EMAIL,STANDARD,2128,40,1,62.88,70.6,0.2407,0.0525,0,2,0,104,0.5423,0.3957,1,0,1,63.31,0,0,0.036982
HP005179,2026-07-01,RET-202607,MIDWEST,EMAIL,PLUS,619,40,1,98.63,107.5,0.1241,,2,5,1,61,0.6806,0.3664,1,0,0,0.0,1,0,0.094087
HP004355,2025-12-01,RET-202512,SOUTH,EMAIL,STANDARD,244,6,0,0.0,44.19,0.7295,0.4242,0,9,1,40,0.5828,0.4313,1,0,0,0.0,0,0,0.132023
HP000874,2026-07-01,RET-202607,WEST,SMS,STANDARD,1227,9,1,39.74,47.29,0.1304,0.0326,1,9,3,34,0.6636,0.3438,1,0,0,0.0,0,0,0.118521
HP003057,2025-11-01,RET-202511,NORTHEAST,SMS,STANDARD,326,15,2,158.21,76.14,0.1557,0.0216,2,8,1,28,0.2957,0.4707,1,0,0,0.0,0,0,0.067482
HP004405,2026-01-01,RET-202601,MIDWEST,SMS,PLUS,327,35,4,183.06,38.78,0.4273,0.0988,4,4,0,49,0.0479,0.4574,1,0,0,0.0,0,0,0.048947
HP003579,2025-10-01,RET-202510,WEST,EMAIL,PLUS,198,17,3,328.41,87.55,0.7026,0.258,8,11,1,18,0.1405,0.4649,1,0,0,0.0,0,0,0.115889
HP004300,2026-01-01,RET-202601,MIDWEST,EMAIL,STANDARD,1358,5,5,429.97,85.69,0.6429,0.4031,1,4,1,58,0.7788,0.3567,1,0,0,0.0,0,0,0.288564
HP002377,2026-05-01,RET-202605,WEST,PUSH,PREMIUM,1937,14,3,138.45,46.84,0.5108,0.2051,3,9,1,67,0.4803,0.4123,1,0,0,0.0,1,0,0.112334
HP003961,2026-02-01,RET-202602,WEST,EMAIL,PLUS,1051,47,2,124.52,57.98,0.293,0.1134,1,10,3,67,0.6482,0.3738,1,0,0,0.0,0,0,0.112396
HP004633,2025-11-01,RET-202511,WEST,EMAIL,PLUS,529,1,8,679.02,80.08,0.5448,0.2472,5,11,4,108,0.6275,0.3304,1,0,0,0.0,1,0,0.342441
HP005881,2025-11-01,RET-202511,WEST,EMAIL,STANDARD,126,57,0,0.0,60.81,0.0864,0.0136,1,3,0,27,0.6335,0.3702,1,0,0,0.0,0,0,0.063195
HP001010,2025-09-01,RET-202509,NORTHEAST,SMS,PLUS,580,16,1,57.32,48.56,0.7494,0.3399,4,7,2,31,0.5492,0.3813,1,0,0,0.0,1,1,0.126935
HP001324,2025-12-01,RET-202512,WEST,PUSH,STANDARD,1114,26,3,167.75,51.43,0.8531,0.5324,8,7,5,40,0.6843,0.3833,1,0,1,78.16,1,0,0.475733
HP004398,2025-11-01,RET-202511,WEST,EMAIL,STANDARD,283,34,1,42.51,39.71,0.1411,0.0356,0,2,0,8,0.8227,0.3478,1,0,0,0.0,1,0,0.081181
HP000953,2026-02-01,RET-202602,WEST,EMAIL,STANDARD,700,20,3,101.6,32.86,0.0581,0.0036,0,3,0,36,0.0914,0.4481,1,0,0,0.0,0,0,0.040077
HP000999,2025-09-01,RET-202509,WEST,EMAIL,PREMIUM,275,33,4,290.17,72.34,0.1689,0.0275,4,2,0,32,0.186,0.4478,1,0,0,0.0,0,0,0.067221
HP004354,2026-01-01,RET-202601,MIDWEST,EMAIL,STANDARD,2018,15,0,0.0,36.02,0.5767,0.1493,2,6,0,40,0.1849,0.4333,1,0,0,0.0,1,0,0.057407
HP001062,2026-07-01,RET-202607,WEST,SMS,PLUS,1221,32,3,360.57,112.14,0.1555,0.0378,0,11,1,43,0.7764,0.3699,1,0,0,0.0,0,0,0.081569
HP004944,2026-07-01,RET-202607,WEST,EMAIL,STANDARD,563,92,2,132.09,72.5,0.0767,0.0074,1,4,0,30,0.3318,0.4327,1,0,0,0.0,0,0,0.021693
HP005886,2025-09-01,RET-202509,SOUTH,SMS,PLUS,1657,1,4,428.89,98.4,0.3056,0.1013,2,12,3,13,0.1871,0.4997,1,0,0,0.0,0,0,0.040103
HP001490,2026-03-01,RET-202603,WEST,PUSH,STANDARD,870,22,3,218.89,80.72,0.2981,0.1176,3,8,3,63,0.3088,0.4559,1,0,0,0.0,0,0,0.073845
HP003791,2026-07-01,RET-202607,MIDWEST,PUSH,PLUS,1804,12,3,235.23,76.87,0.6252,0.2415,1,3,1,23,0.1987,0.4334,1,0,1,50.9,0,0,0.098417
HP005235,2026-03-01,RET-202603,SOUTH,EMAIL,PLUS,1423,78,3,258.71,102.59,0.4021,0.1064,1,12,1,108,0.7992,0.3677,1,0,0,0.0,0,0,0.078745
HP002435,2025-12-01,RET-202512,WEST,EMAIL,PREMIUM,1942,1,5,243.21,53.4,0.7233,0.4299,7,6,2,34,0.5071,0.4355,1,0,1,30.78,1,1,0.399908
HP000843,2026-04-01,RET-202604,NORTHEAST,SMS,STANDARD,834,31,1,49.67,45.21,0.2356,0.0342,1,9,1,18,0.1245,0.4465,1,0,0,0.0,1,0,0.038136
HP000273,2025-12-01,RET-202512,SOUTH,EMAIL,PREMIUM,361,2,8,797.1,102.78,0.3788,0.0817,2,8,1,52,0.2784,0.4533,1,0,1,67.66,0,0,0.272121
HP003027,2026-03-01,RET-202603,SOUTH,EMAIL,STANDARD,1521,8,1,59.34,62.79,0.4576,0.1018,2,10,1,67,0.3762,0.4521,1,0,0,0.0,0,0,0.068118
HP000598,2026-08-01,RET-202608,WEST,EMAIL,PLUS,766,7,1,39.47,42.84,0.4935,0.167,3,11,2,71,0.5328,0.4213,1,0,0,0.0,1,0,0.09823
HP000751,2026-02-01,RET-202602,SOUTH,EMAIL,PREMIUM,1257,7,2,97.93,48.46,0.406,0.1203,1,8,1,36,0.7284,0.3468,1,0,0,0.0,1,1,0.178918
HP005190,2026-05-01,RET-202605,MIDWEST,EMAIL,PLUS,497,10,2,112.05,57.55,0.4988,0.2635,3,4,2,41,0.616,0.3762,1,0,0,0.0,0,0,0.148996
HP002538,2026-01-01,RET-202601,SOUTH,PUSH,PLUS,884,28,4,364.42,85.87,0.0802,0.0125,1,8,1,13,0.6215,0.4191,1,0,0,0.0,0,0,0.053152
HP000164,2026-01-01,RET-202601,SOUTH,EMAIL,PLUS,444,20,3,206.13,61.52,0.1312,0.018,0,3,0,38,0.2277,0.4922,1,0,0,0.0,1,0,0.043867
HP001654,2026-02-01,RET-202602,WEST,SMS,PREMIUM,1733,16,1,82.53,81.22,0.1426,0.0252,1,3,0,10,0.7892,0.3754,1,0,0,0.0,0,0,0.061285
HP003471,2026-07-01,RET-202607,SOUTH,SMS,PREMIUM,1232,13,1,40.08,39.8,0.5401,0.1492,1,4,0,29,0.3671,0.4175,1,0,0,0.0,0,0,0.064326
HP003258,2026-05-01,RET-202605,SOUTH,EMAIL,PLUS,1508,10,4,326.95,91.37,0.5481,0.2926,4,6,4,32,0.8621,0.3812,1,0,0,0.0,0,0,0.345248
HP002092,2026-05-01,RET-202605,MIDWEST,PUSH,STANDARD,1176,55,0,0.0,32.63,0.2464,0.0495,0,3,0,29,0.611,0.3921,1,0,0,0.0,0,0,0.027261
HP000063,2025-10-01,RET-202510,NORTHEAST,PUSH,STANDARD,1974,32,2,71.1,28.3,0.1887,0.0266,3,2,0,13,0.0856,0.4915,1,0,0,0.0,0,0,0.040612
HP002095,2026-03-01,RET-202603,WEST,EMAIL,PLUS,476,6,3,167.66,56.58,0.4477,0.1484,0,9,1,27,0.5509,0.4427,1,0,0,0.0,0,0,0.072861
HP001530,2026-01-01,RET-202601,NORTHEAST,PUSH,PLUS,1612,6,3,164.82,54.15,0.3194,0.1093,2,10,2,40,0.5809,0.3542,1,0,0,0.0,0,0,0.07915
HP004590,2026-03-01,RET-202603,MIDWEST,EMAIL,PREMIUM,1938,29,3,280.19,111.54,0.1033,0.0112,2,3,0,50,0.1774,0.4969,1,0,0,0.0,0,0,0.055923
HP000478,2026-05-01,RET-202605,NORTHEAST,EMAIL,PLUS,1896,2,3,232.28,87.89,0.8089,0.5078,2,10,5,87,0.8231,0.3428,1,0,0,0.0,0,0,0.355703
HP000478,2026-06-01,RET-202606,NORTHEAST,EMAIL,PLUS,1926,5,1,37.92,36.45,0.4973,0.2976,4,4,3,24,0.691,0.4216,1,0,1,36.84,1,0,0.191702
HP002495,2025-10-01,RET-202510,WEST,SMS,STANDARD,605,88,2,170.77,80.71,0.3601,0.0643,3,3,0,36,0.6166,0.3744,1,0,0,0.0,0,0,0.030592
HP003455,2025-09-01,RET-202509,WEST,PUSH,PLUS,316,10,3,98.99,32.62,0.5501,0.1387,4,6,0,5,0.1678,0.4347,1,0,0,0.0,1,0,0.068614
HP002762,2026-07-01,RET-202607,MIDWEST,EMAIL,PLUS,867,9,2,240.27,96.98,0.6083,0.2376,5,5,2,72,0.5314,0.3675,1,0,0,0.0,1,0,0.140644
HP001090,2026-01-01,RET-202601,WEST,EMAIL,STANDARD,809,10,0,0.0,74.6,0.4458,0.1097,0,5,0,52,0.4479,0.4501,1,0,0,0.0,0,0,0.052352
HP004630,2026-07-01,RET-202607,WEST,SMS,STANDARD,681,9,3,413.06,131.98,0.5468,0.1251,4,6,1,90,0.1684,0.4789,1,0,0,0.0,0,0,0.070495
HP001406,2026-04-01,RET-202604,SOUTH,SMS,STANDARD,1304,53,1,46.66,52.9,0.0442,0.007,0,10,0,62,0.3626,0.444,1,0,0,0.0,0,0,0.024821
HP000717,2026-06-01,RET-202606,WEST,EMAIL,PLUS,1146,31,2,159.64,98.74,0.6893,0.4325,3,2,1,32,0.8094,0.3333,1,0,1,72.11,1,0,0.224447
HP005506,2026-04-01,RET-202604,NORTHEAST,SMS,STANDARD,2106,49,3,330.8,76.4,0.2841,0.0546,1,9,3,24,0.3513,0.4568,1,0,1,73.02,1,0,0.048462
HP002891,2026-02-01,RET-202602,NORTHEAST,SMS,PREMIUM,1894,1,5,502.55,102.2,0.857,0.5196,7,11,3,98,0.1973,0.4266,1,0,0,0.0,1,1,0.221337
HP000687,2026-08-01,RET-202608,MIDWEST,EMAIL,PLUS,1306,3,6,560.84,86.95,0.4352,,2,3,1,19,0.442,0.4336,1,0,0,0.0,1,0,0.11078
HP002523,2026-01-01,RET-202601,WEST,EMAIL,STANDARD,1945,12,1,39.35,47.4,0.5562,0.2483,1,9,2,36,0.6164,0.4038,1,0,0,0.0,0,0,0.108259
HP000504,2026-05-01,RET-202605,NORTHEAST,EMAIL,STANDARD,341,13,1,43.42,42.42,0.2355,0.026,0,9,0,46,0.2256,0.4553,1,0,0,0.0,0,0,0.041749
HP005199,2026-07-01,RET-202607,NORTHEAST,EMAIL,PLUS,2225,7,3,124.3,39.82,0.5001,0.0988,2,5,0,13,0.0686,0.4622,1,0,0,0.0,0,0,0.060922
HP002280,2025-11-01,RET-202511,MIDWEST,SMS,PLUS,543,74,2,219.37,112.64,0.1208,0.0197,2,2,0,80,0.2908,0.4197,1,0,0,0.0,0,0,0.033922
HP002617,2025-09-01,RET-202509,NORTHEAST,EMAIL,PLUS,1689,9,1,132.32,106.91,0.2385,0.0497,0,3,0,33,0.411,0.4632,1,0,0,0.0,1,0,0.051749
HP003656,2025-09-01,RET-202509,SOUTH,EMAIL,PLUS,727,9,2,85.34,38.1,0.8352,,4,4,0,26,0.2673,0.4302,1,0,0,0.0,1,0,0.121939
HP005340,2025-09-01,RET-202509,MIDWEST,EMAIL,PLUS,906,8,3,241.75,88.9,0.6637,0.2701,3,12,0,26,0.3739,0.4239,1,0,0,0.0,1,0,0.112565
HP004108,2026-08-01,RET-202608,MIDWEST,EMAIL,PLUS,610,58,2,79.53,38.52,0.0918,0.0176,2,6,0,34,0.1372,0.4537,1,0,0,0.0,1,0,0.029686
HP001707,2026-05-01,RET-202605,WEST,SMS,PLUS,1008,4,5,572.02,124.52,0.5188,0.1452,0,6,1,180,0.2168,0.4842,1,0,0,0.0,0,0,0.069157
HP003344,2026-07-01,RET-202607,NORTHEAST,EMAIL,PLUS,1778,10,2,190.59,83.77,0.1266,0.0116,0,2,0,48,0.164,0.4668,1,0,0,0.0,0,0,0.04143
HP001775,2026-02-01,RET-202602,SOUTH,EMAIL,PLUS,1052,17,1,103.53,106.21,0.4402,0.089,2,11,1,26,0.0919,0.5346,1,0,0,0.0,0,0,0.056543
HP001379,2025-10-01,RET-202510,WEST,EMAIL,PLUS,833,136,2,93.11,50.05,0.0815,0.0064,2,12,0,89,0.3574,0.363,1,0,0,0.0,0,0,0.016671
HP001504,2026-02-01,RET-202602,MIDWEST,EMAIL,PLUS,1726,25,1,85.42,78.05,0.2233,0.0352,0,7,0,13,0.3364,0.4591,1,0,0,0.0,1,0,0.040158
HP004062,2026-04-01,RET-202604,WEST,PUSH,STANDARD,2190,103,0,0.0,25.72,,0.0375,1,12,1,15,0.2982,0.4954,1,0,0,0.0,0,0,0.008965
HP005922,2026-04-01,RET-202604,MIDWEST,SMS,PREMIUM,1634,46,4,644.64,137.15,0.4105,0.1011,3,11,2,35,0.0862,0.4673,1,0,0,0.0,0,0,0.061596
HP005097,2026-03-01,RET-202603,SOUTH,SMS,STANDARD,1346,14,1,86.79,92.7,0.6845,0.2465,4,11,1,113,0.3189,0.4201,1,0,0,0.0,1,1,0.087433
HP002984,2026-04-01,RET-202604,WEST,EMAIL,STANDARD,432,68,1,79.45,64.82,0.2179,0.0166,1,11,0,53,0.0608,0.4846,1,0,0,0.0,1,0,0.025955
HP002360,2025-09-01,RET-202509,NORTHEAST,SMS,PLUS,1649,17,6,407.84,67.91,0.9494,0.6818,3,3,0,20,0.3707,0.4311,1,0,0,0.0,1,1,0.156852
HP005010,2026-05-01,RET-202605,SOUTH,PUSH,PREMIUM,691,17,6,250.56,49.08,0.4657,0.2116,3,11,1,44,0.2649,0.4812,1,0,0,0.0,0,0,0.115712
HP000594,2026-06-01,RET-202606,WEST,EMAIL,PLUS,1948,24,1,36.6,30.04,0.0827,0.0144,4,10,0,24,0.1077,0.4814,1,0,0,0.0,0,0,0.042102
HP000111,2026-02-01,RET-202602,NORTHEAST,PUSH,STANDARD,1178,61,1,65.46,74.85,0.0578,0.0112,2,4,1,27,0.964,0.3619,1,0,0,0.0,0,0,0.042573
HP005894,2026-07-01,RET-202607,MIDWEST,SMS,STANDARD,2057,68,1,46.08,51.51,0.1826,0.0346,2,8,0,167,0.6947,0.4027,1,0,0,0.0,0,0,0.055376
HP003368,2026-07-01,RET-202607,MIDWEST,PUSH,PLUS,1214,38,2,117.79,58.48,0.3079,0.0552,1,12,2,53,0.412,0.4316,1,0,0,0.0,0,0,0.043518
HP001705,2025-12-01,RET-202512,WEST,EMAIL,PLUS,627,1,2,73.26,35.55,0.4357,0.1461,1,10,3,71,0.9058,0.3462,1,0,0,0.0,0,0,0.318428
HP001776,2026-02-01,RET-202602,WEST,SMS,PLUS,959,40,2,297.56,121.86,0.4895,0.1475,2,4,0,24,0.4576,0.4142,1,0,0,0.0,0,0,0.047072
HP003502,2026-08-01,RET-202608,NORTHEAST,EMAIL,PREMIUM,2299,18,2,90.13,39.44,0.3888,0.1181,6,7,2,14,0.3313,0.4784,1,0,1,48.84,0,0,0.098594
HP004941,2026-08-01,RET-202608,WEST,EMAIL,STANDARD,991,19,1,108.98,100.31,0.1817,0.0429,3,3,0,67,0.6328,0.4112,1,0,0,0.0,0,0,0.052286
HP003723,2026-05-01,RET-202605,NORTHEAST,EMAIL,PLUS,1840,5,9,398.02,43.93,0.3271,0.0829,0,10,1,57,0.3852,0.402,1,0,1,52.98,0,0,0.084078
HP000083,2025-11-01,RET-202511,NORTHEAST,EMAIL,PLUS,1035,1,4,581.48,140.94,0.4306,0.0967,2,7,0,58,0.525,0.4032,1,0,0,0.0,0,0,0.104592
HP004822,2026-05-01,RET-202605,NORTHEAST,PUSH,PLUS,1433,53,2,125.12,57.88,0.128,0.0376,1,10,1,42,0.7931,0.3261,1,0,0,0.0,1,0,0.073075
HP002109,2026-07-01,RET-202607,NORTHEAST,PUSH,PLUS,605,14,1,122.04,114.32,0.8397,0.4285,5,3,0,47,0.2631,0.4178,1,0,0,0.0,1,1,0.093163
HP004650,2026-02-01,RET-202602,MIDWEST,SMS,STANDARD,1511,52,1,89.67,76.34,0.0304,0.0035,1,10,0,61,0.5106,0.3752,1,0,0,0.0,0,0,0.02996
HP003326,2026-08-01,RET-202608,NORTHEAST,PUSH,PLUS,2064,6,5,342.54,70.91,0.8259,0.5605,2,3,1,180,0.6488,0.3722,1,0,1,52.46,1,0,0.299176
HP002395,2025-10-01,RET-202510,NORTHEAST,EMAIL,PLUS,599,48,4,307.92,76.47,0.1889,0.0463,3,6,1,24,0.52,0.4069,1,0,0,0.0,0,0,0.058969
HP002702,2026-07-01,RET-202607,WEST,EMAIL,PLUS,1700,6,3,225.49,68.08,0.1565,0.0389,1,12,0,73,0.2834,0.4421,1,0,0,0.0,0,0,0.05422
HP003674,2026-06-01,RET-202606,NORTHEAST,EMAIL,STANDARD,1169,18,3,243.07,74.92,0.1753,0.0303,2,12,1,30,0.422,0.4244,1,0,1,116.82,0,0,0.057684
HP004569,2026-02-01,RET-202602,MIDWEST,PUSH,STANDARD,1949,11,3,83.13,31.87,0.2152,0.0362,1,3,0,60,0.3298,0.4304,1,0,0,0.0,1,0,0.050549
HP002029,2025-09-01,RET-202509,NORTHEAST,PUSH,STANDARD,1319,11,5,521.27,93.54,0.3315,0.1032,4,3,0,16,0.5308,0.3609,1,0,0,0.0,1,0,0.077001
HP001348,2026-08-01,RET-202608,MIDWEST,SMS,PLUS,1650,23,0,0.0,37.67,0.6465,0.2359,2,5,2,38,0.6785,0.3351,1,0,0,0.0,1,0,0.145998
HP004459,2026-08-01,RET-202608,NORTHEAST,EMAIL,STANDARD,922,60,3,116.7,36.25,0.1431,0.0149,2,8,0,74,0.4422,0.4277,1,0,0,0.0,0,0,0.034422
HP000119,2025-09-01,RET-202509,MIDWEST,EMAIL,STANDARD,687,160,1,38.09,36.83,0.0788,0.0063,1,3,0,32,0.6525,0.3992,1,0,0,0.0,0,0,0.025887
HP004550,2026-03-01,RET-202603,SOUTH,SMS,PLUS,458,26,1,32.42,30.49,0.5025,0.1291,3,3,0,33,0.3097,0.4141,1,0,0,0.0,1,0,0.049256
HP001609,2026-08-01,RET-202608,NORTHEAST,EMAIL,PREMIUM,547,32,5,165.59,38.27,0.0772,0.014,1,6,0,37,0.2938,0.421,1,0,0,0.0,0,0,0.056044
HP005648,2026-04-01,RET-202604,MIDWEST,SMS,PLUS,604,26,3,134.13,45.57,0.3191,0.1097,1,12,1,96,0.4017,0.4088,1,0,0,0.0,1,0,0.051599
HP000711,2025-10-01,RET-202510,WEST,EMAIL,PLUS,899,7,6,350.9,62.34,0.6119,0.2249,5,6,1,15,0.3358,0.4289,1,0,0,0.0,0,0,0.14769
HP002291,2025-10-01,RET-202510,MIDWEST,SMS,STANDARD,743,13,1,52.63,53.54,0.4285,0.1278,2,12,2,71,0.2536,0.4151,1,0,0,0.0,1,0,0.063646
HP003487,2025-12-01,RET-202512,MIDWEST,EMAIL,STANDARD,952,63,0,0.0,26.36,0.2072,0.0317,1,11,0,51,0.1739,0.4802,1,0,0,0.0,0,0,0.035854
HP005308,2026-07-01,RET-202607,WEST,SMS,PLUS,1710,102,0,0.0,93.17,0.2008,0.0295,3,3,0,33,0.3807,0.433,1,0,0,0.0,0,0,0.01834
HP001326,2026-02-01,RET-202602,WEST,EMAIL,PREMIUM,692,7,7,1239.11,166.25,0.4331,0.1538,1,8,2,35,0.459,0.4666,1,0,0,0.0,0,0,0.283862
HP003267,2026-05-01,RET-202605,WEST,EMAIL,STANDARD,932,25,2,161.8,90.19,0.1076,0.0085,0,4,0,27,0.0717,0.4859,1,0,0,0.0,0,0,0.035364
HP002081,2026-03-01,RET-202603,WEST,PUSH,STANDARD,1947,9,1,71.74,67.95,0.2404,0.0963,1,11,1,11,0.2259,0.4784,1,0,0,0.0,1,0,0.023956
HP004193,2025-12-01,RET-202512,SOUTH,EMAIL,PREMIUM,398,5,1,42.47,38.51,0.7465,0.2876,4,2,1,12,0.3409,0.4023,1,0,0,0.0,1,0,0.237292
HP005280,2026-03-01,RET-202603,NORTHEAST,SMS,PLUS,1648,53,1,65.67,60.48,0.1956,0.0508,0,2,0,92,0.8642,0.333,1,0,0,0.0,0,0,0.061615
HP003816,2026-06-01,RET-202606,MIDWEST,EMAIL,PLUS,2183,15,1,48.76,41.81,0.2269,0.0398,0,7,0,25,0.3741,0.4183,1,0,0,0.0,1,0,0.042817
HP002164,2026-02-01,RET-202602,MIDWEST,PUSH,STANDARD,1933,7,1,24.81,27.24,0.4668,0.1145,3,4,0,78,0.4309,0.4249,1,0,0,0.0,0,0,0.060674
HP005891,2026-02-01,RET-202602,WEST,EMAIL,PLUS,1321,34,2,92.7,48.62,0.5877,0.1907,1,3,0,28,0.2976,0.4611,1,0,0,0.0,0,0,0.054014
HP002769,2026-01-01,RET-202601,WEST,SMS,STANDARD,1369,48,3,219.29,69.88,0.252,0.0305,0,10,1,50,0.3247,0.4184,1,0,0,0.0,0,0,0.035405
HP000043,2025-09-01,RET-202509,WEST,EMAIL,PREMIUM,1188,20,2,96.22,51.68,0.1838,0.0281,3,3,0,37,0.4143,0.4531,1,0,0,0.0,0,0,0.071883
HP000958,2025-11-01,RET-202511,MIDWEST,SMS,STANDARD,683,11,1,43.9,46.15,0.1446,0.0289,1,4,0,29,0.3438,0.4489,1,0,0,0.0,0,0,0.057943
HP001388,2026-03-01,RET-202603,NORTHEAST,EMAIL,PREMIUM,1451,20,2,175.89,79.12,0.1861,0.0397,2,10,0,57,0.269,0.4793,1,0,0,0.0,0,0,0.062376
HP004222,2026-04-01,RET-202604,MIDWEST,EMAIL,PREMIUM,1469,63,2,148.04,82.52,0.44,0.1373,3,2,0,53,0.7053,0.3797,1,0,1,111.76,0,0,0.106529
HP003969,2026-03-01,RET-202603,SOUTH,EMAIL,PLUS,1797,18,6,325.05,50.83,0.273,0.084,5,2,0,51,0.3869,0.4058,1,0,0,0.0,1,0,0.075057
HP000401,2026-01-01,RET-202601,NORTHEAST,SMS,PREMIUM,1433,34,2,272.99,121.58,0.0336,0.0024,1,4,0,135,0.471,0.3761,1,0,0,0.0,0,0,0.047289
HP001020,2026-08-01,RET-202608,NORTHEAST,SMS,PLUS,1510,43,2,144.4,71.04,0.2063,0.0329,1,11,1,21,0.5897,0.4263,1,0,0,0.0,0,0,0.0386
HP005466,2026-05-01,RET-202605,MIDWEST,EMAIL,PLUS,861,5,6,414.54,65.18,0.6591,0.3437,4,4,2,31,0.7885,0.3855,1,0,0,0.0,1,0,0.219942
HP000018,2026-04-01,RET-202604,SOUTH,EMAIL,STANDARD,569,18,4,112.45,32.35,0.2626,0.0835,2,3,0,29,0.7178,0.3776,1,0,0,0.0,0,0,0.067872
HP001843,2026-08-01,RET-202608,NORTHEAST,PUSH,STANDARD,545,149,1,23.4,21.47,0.0267,0.0018,1,3,0,72,0.3504,0.471,1,0,0,0.0,0,0,0.010142
HP001960,2026-03-01,RET-202603,WEST,EMAIL,PLUS,1667,39,3,263.73,76.91,0.2379,0.0709,4,3,0,63,0.3405,0.3975,1,0,0,0.0,1,0,0.049676
HP003027,2026-03-01,RET-202603,SOUTH,EMAIL,STANDARD,-20,8,1,59.34,62.79,0.4576,0.1018,2,10,1,67,0.3762,0.4521,1,0,0,0.0,0,0,0.068118
HP001259,2026-01-01,RET-202601,NORTHEAST,EMAIL,PREMIUM,915,2,0,0.0,121.15,0.3596,0.1158,5,7,0,34,0.0434,0.4602,1,0,0,0.0,0,0,0.077343
HP002455,2026-03-01,RET-202603,SOUTH,EMAIL,STANDARD,456,-4,1,53.28,49.81,0.027,0.0016,0,4,0,50,0.0605,0.5116,1,0,0,0.0,0,0,0.031043
HP001547,2026-06-01,RET-202606,WEST,EMAIL,STANDARD,1657,83,2,219.33,116.04,0.086,0.0057,0,6,0,101,0.4064,0.4159,1,0,0,0.0,0,0,0.022007
HP002696,2026-04-01,RET-202604,MIDWEST,EMAIL,PLUS,1908,14,1,69.25,73.38,0.5371,0.1633,3,8,0,65,0.3505,0.4393,1,0,0,0.0,1,0,0.078713
HP000121,2025-09-01,RET-202509,WEST,PUSH,PLUS,1733,20,2,108.93,66.75,0.2584,0.049,3,7,0,22,0.6019,0.3598,1,0,0,0.0,0,0,0.056611
HP002567,2026-07-01,RET-202607,NORTHEAST,EMAIL,PLUS,1721,9,2,88.73,42.5,0.365,0.0774,2,9,0,69,0.1587,0.4518,1,0,0,0.0,0,0,0.05518
HP004267,2026-01-01,RET-202601,SOUTH,SMS,PLUS,495,9,1,91.68,84.78,0.7358,0.3178,4,7,0,5,0.1278,0.4836,1,0,0,0.0,1,0,0.087353
HP003266,2026-03-01,RET-202603,WEST,SMS,PREMIUM,1633,22,4,291.67,72.28,0.7137,0.438,3,4,1,136,0.4518,0.4013,1,0,0,0.0,1,1,0.129148
HP000259,2026-04-01,RET-202604,SOUTH,EMAIL,STANDARD,1875,29,0,0.0,70.4,0.0558,0.0065,1,2,0,35,0.2856,0.4123,1,0,0,0.0,0,0,0.036479
HP001144,2026-05-01,RET-202605,WEST,EMAIL,STANDARD,1767,35,1,68.68,86.61,0.1786,0.0202,0,6,1,39,0.4328,0.4317,1,0,0,0.0,0,0,0.041185
HP002590,2025-11-01,RET-202511,SOUTH,SMS,STANDARD,1514,16,3,193.02,61.79,0.516,0.2352,4,7,1,39,0.5033,0.4118,1,0,0,0.0,1,0,0.128344
HP005197,2025-09-01,RET-202509,WEST,EMAIL,STANDARD,208,20,2,86.76,40.96,0.6886,0.2096,1,6,1,16,0.3126,0.4431,1,0,0,0.0,1,0,0.097247
HP002863,2026-01-01,RET-202601,SOUTH,PUSH,STANDARD,371,66,2,93.84,56.06,0.0488,0.0054,3,9,0,15,0.5063,0.4101,1,0,0,0.0,0,0,0.01421
HP005003,2025-12-01,RET-202512,WEST,EMAIL,PLUS,935,35,4,185.87,46.65,0.6255,0.1705,3,10,1,13,0.187,0.4423,1,0,0,0.0,1,0,0.06178
HP001106,2026-01-01,RET-202601,NORTHEAST,EMAIL,PLUS,364,3,2,115.91,47.33,0.7457,0.4975,5,5,3,42,0.7353,0.3747,1,0,0,0.0,1,0,0.382914
HP003395,2025-11-01,RET-202511,MIDWEST,EMAIL,PLUS,1844,33,2,81.93,46.05,0.24,0.1225,4,5,0,29,0.8827,0.3397,1,0,0,0.0,0,0,0.081054
HP000430,2026-02-01,RET-202602,NORTHEAST,PUSH,PLUS,1769,8,5,145.14,30.61,0.5037,0.2599,2,12,4,49,0.5811,0.3891,1,0,0,0.0,1,0,0.136169
HP001246,2025-11-01,RET-202511,SOUTH,EMAIL,PREMIUM,894,14,3,144.99,59.07,0.7517,0.3773,1,8,2,3,0.3867,0.4063,1,0,1,96.03,1,1,0.198357
HP001819,2025-09-01,RET-202509,WEST,EMAIL,PLUS,1055,68,1,36.21,40.05,0.1708,0.013,0,5,0,30,0.0978,0.5152,1,0,0,0.0,0,0,0.025174
HP001686,2026-02-01,RET-202602,WEST,EMAIL,PREMIUM,1304,10,2,137.36,78.67,0.6338,0.2139,7,2,1,44,0.3183,0.4859,1,0,1,94.0,1,0,0.188786
HP001539,2026-08-01,RET-202608,SOUTH,EMAIL,STANDARD,1620,10,1,32.09,31.74,0.1614,0.0304,1,11,2,75,0.2928,0.4408,1,0,0,0.0,0,0,0.054621
HP000255,2026-05-01,RET-202605,WEST,EMAIL,PLUS,1315,14,1,62.97,67.36,0.692,0.35,3,3,1,77,0.2884,0.4228,1,0,0,0.0,0,0,0.121912
HP003586,2026-08-01,RET-202608,SOUTH,EMAIL,PREMIUM,2215,35,4,295.69,86.83,0.6086,0.2053,0,9,2,55,0.6003,0.3615,1,0,0,0.0,0,0,0.084582
HP005827,2026-03-01,RET-202603,SOUTH,EMAIL,STANDARD,572,51,1,77.83,72.21,0.2325,0.05,0,4,0,8,0.3079,0.4116,1,0,0,0.0,1,0,0.031029
HP002388,2026-04-01,RET-202604,NORTHEAST,EMAIL,PLUS,1395,29,1,120.45,109.45,0.3486,0.0957,1,3,0,74,0.2689,0.411,1,0,0,0.0,0,0,0.044889
HP005326,2026-02-01,RET-202602,SOUTH,SMS,STANDARD,1792,60,2,97.51,55.63,0.142,0.0284,3,9,0,7,0.2578,0.4842,1,0,0,0.0,1,0,0.014371
HP001893,2026-06-01,RET-202606,MIDWEST,PUSH,STANDARD,1686,9,0,0.0,58.77,0.2198,0.0332,0,9,0,39,0.3284,0.4804,1,0,0,0.0,0,0,0.037497
HP003514,2025-12-01,RET-202512,WEST,PUSH,PREMIUM,1859,12,5,975.29,183.87,0.6206,,1,10,4,76,0.7606,0.3329,1,0,1,157.38,1,0,0.637099
HP005424,2025-09-01,RET-202509,NORTHEAST,EMAIL,STANDARD,603,13,1,55.06,56.73,0.1334,0.0179,1,2,0,30,0.242,0.4685,1,0,0,0.0,1,0,0.049718
HP001918,2026-03-01,RET-202603,MIDWEST,EMAIL,PLUS,852,41,1,46.73,48.55,0.2189,0.0532,1,12,2,3,0.43,0.4273,1,0,0,0.0,1,0,0.021707
HP004650,2026-03-01,RET-202603,MIDWEST,SMS,STANDARD,1541,27,0,0.0,152.59,0.0634,0.0053,1,12,2,18,0.3805,0.4715,1,0,0,0.0,1,0,0.040347
HP003137,2025-10-01,RET-202510,SOUTH,SMS,PLUS,612,35,0,0.0,64.95,0.5131,0.1869,1,12,2,134,0.5083,0.4282,1,0,0,0.0,0,0,0.054725
HP005912,2026-03-01,RET-202603,WEST,SMS,PLUS,1632,44,3,265.73,107.58,0.2232,0.0699,2,8,0,25,0.6734,0.348,1,0,0,0.0,1,1,0.043896
HP004777,2026-02-01,RET-202602,SOUTH,EMAIL,PREMIUM,627,19,2,308.92,138.9,0.0364,0.0037,0,9,0,65,0.7285,0.3652,1,0,0,0.0,0,0,0.109948
HP003582,2026-03-01,RET-202603,SOUTH,EMAIL,PLUS,887,132,1,39.98,49.17,0.4302,0.0557,1,7,0,40,0.2189,0.4873,1,0,0,0.0,1,0,0.016324
HP001944,2026-07-01,RET-202607,MIDWEST,EMAIL,PLUS,474,35,2,190.3,80.94,0.5054,0.1055,2,11,0,14,0.5164,0.4377,1,0,0,0.0,1,0,0.024345
HP004797,2026-01-01,RET-202601,SOUTH,EMAIL,STANDARD,1891,13,2,95.65,47.02,0.5119,0.2516,2,5,1,139,0.724,0.3782,1,0,0,0.0,0,0,0.208834
HP003577,2026-08-01,RET-202608,NORTHEAST,PUSH,STANDARD,1372,14,2,133.64,,0.5125,0.179,0,7,0,102,0.5854,0.4018,1,0,1,69.14,1,0,0.063559
HP001591,2026-06-01,RET-202606,MIDWEST,PUSH,STANDARD,1417,12,2,92.66,52.32,,0.0757,2,12,1,54,0.2822,0.4524,1,0,0,0.0,0,0,0.055368
HP004953,2025-11-01,RET-202511,MIDWEST,PUSH,PLUS,1305,27,7,871.26,135.38,0.3289,0.1442,4,4,0,51,0.706,0.3574,1,0,1,179.75,0,0,0.175534
HP004885,2026-07-01,RET-202607,MIDWEST,SMS,PLUS,1605,9,4,342.39,82.69,0.3688,0.0877,2,10,0,43,0.2905,0.4329,1,0,0,0.0,1,0,0.057544
HP001240,2025-10-01,RET-202510,MIDWEST,EMAIL,PLUS,1248,36,2,95.12,57.0,0.2257,0.0588,1,7,1,28,0.4005,0.4508,1,0,0,0.0,0,0,0.052883
HP001932,2026-02-01,RET-202602,NORTHEAST,SMS,PLUS,1833,16,6,399.15,58.39,0.5243,0.2071,0,9,1,26,0.3736,0.4389,1,0,0,0.0,1,0,0.086792
HP004429,2025-12-01,RET-202512,NORTHEAST,EMAIL,PLUS,1968,27,4,456.49,109.01,0.4026,0.0766,1,7,0,28,0.2079,0.4936,1,0,0,0.0,1,0,0.069081
HP000532,2026-05-01,RET-202605,SOUTH,EMAIL,STANDARD,1225,42,0,0.0,101.89,0.4528,0.1504,4,3,1,15,0.345,0.4233,1,0,0,0.0,0,0,0.061825
HP001911,2026-02-01,RET-202602,WEST,SMS,PREMIUM,742,10,3,268.6,100.21,0.3946,0.1298,2,10,2,13,0.7264,0.422,1,0,0,0.0,0,0,0.04944
HP005285,2026-04-01,RET-202604,MIDWEST,SMS,STANDARD,1865,8,1,54.0,48.72,0.5145,0.1279,0,5,0,53,0.6473,0.3947,1,0,0,0.0,0,0,0.100249
HP004524,2025-12-01,RET-202512,WEST,EMAIL,PLUS,1257,76,1,130.28,91.38,0.1811,0.0241,1,7,0,19,0.1613,0.4827,1,0,0,0.0,1,0,0.049002
HP002204,2026-08-01,RET-202608,SOUTH,EMAIL,PLUS,1997,9,4,210.88,49.79,0.2555,0.0535,2,3,0,65,0.5174,0.402,1,0,0,0.0,0,0,0.064417
HP001657,2025-11-01,RET-202511,NORTHEAST,EMAIL,PREMIUM,1333,17,3,216.92,81.69,0.2425,0.072,3,12,2,11,0.5744,0.4094,1,0,0,0.0,0,0,0.058912
HP002935,2025-12-01,RET-202512,SOUTH,EMAIL,PLUS,318,11,2,79.87,43.61,0.5801,0.1088,5,3,0,29,0.2809,0.4345,1,0,0,0.0,1,0,0.091067
HP004110,2026-03-01,RET-202603,MIDWEST,EMAIL,PREMIUM,1677,13,3,109.99,51.13,0.8995,0.4054,2,8,0,22,0.0731,0.4974,1,0,0,0.0,1,1,0.129705
HP003735,2025-11-01,RET-202511,MIDWEST,EMAIL,PREMIUM,689,11,1,83.32,82.38,0.0133,0.0008,0,2,0,71,0.333,0.4445,1,0,0,0.0,1,0,0.068349
HP004727,2026-04-01,RET-202604,west,SMS,STANDARD,1512,110,0,0.0,22.66,0.0873,0.0091,3,4,0,119,0.4059,0.3811,1,0,0,0.0,0,0,0.016848
HP005464,2026-02-01,RET-202602,MIDWEST,PUSH,PREMIUM,1952,3,4,416.36,100.57,0.4955,0.1505,2,9,2,51,0.5761,0.3603,1,0,0,0.0,0,0,0.14039
HP001445,2025-11-01,RET-202511,MIDWEST,EMAIL,PREMIUM,2055,5,4,171.98,48.51,0.5604,0.3093,3,7,4,43,0.6162,0.3987,1,0,0,0.0,1,1,0.288851
HP003014,2025-09-01,RET-202509,NORTHEAST,PUSH,PLUS,541,3,3,120.18,38.43,0.7428,0.4067,6,3,1,26,0.304,0.4339,1,0,0,0.0,1,1,0.16492
HP000468,2025-09-01,RET-202509,MIDWEST,EMAIL,STANDARD,951,15,3,74.77,31.28,0.3329,0.1661,1,6,3,23,0.7547,0.3782,1,0,0,0.0,0,0,0.141158
HP002630,2025-09-01,RET-202509,SOUTH,SMS,PREMIUM,1862,8,3,153.77,61.13,0.5571,0.2215,5,6,0,27,0.8484,0.3833,1,0,0,0.0,0,0,0.141908
HP002600,2026-08-01,RET-202608,WEST,EMAIL,PREMIUM,2289,6,7,542.18,77.17,0.4201,0.112,3,6,1,47,0.1421,0.5013,1,0,0,0.0,0,0,0.111766
HP003268,2025-10-01,RET-202510,WEST,EMAIL,PLUS,1771,8,0,0.0,22.64,0.3672,0.0866,0,9,1,36,0.2438,0.4805,1,0,0,0.0,1,0,0.054902
HP000236,2025-09-01,RET-202509,WEST,EMAIL,PLUS,1355,19,4,349.02,82.33,0.3345,0.0643,2,6,0,12,0.7457,0.3295,1,0,0,0.0,0,0,0.07419
HP000087,2026-08-01,RET-202608,MIDWEST,PUSH,STANDARD,1157,24,1,56.09,52.24,0.0334,0.0025,1,4,1,38,0.6412,0.3624,1,0,1,49.13,0,0,0.090155
HP005669,2025-10-01,RET-202510,NORTHEAST,EMAIL,PLUS,105,2,1,67.34,61.28,0.4045,0.1388,3,4,0,24,0.216,0.4439,1,0,1,44.55,0,0,0.069666
HP002379,2026-08-01,RET-202608,NORTHEAST,EMAIL,PLUS,2186,38,1,138.18,115.01,0.0883,0.0101,1,5,0,9,0.2852,0.4363,1,0,0,0.0,0,0,0.03401
HP002069,2026-02-01,RET-202602,MIDWEST,SMS,PLUS,1321,15,3,210.0,90.68,0.6847,0.1335,1,12,1,13,0.0634,0.5135,1,0,0,0.0,1,0,0.028349
HP000200,2025-09-01,RET-202509,WEST,EMAIL,PLUS,1558,19,4,298.19,63.34,0.8285,0.4404,2,4,0,99,0.5695,0.4254,1,0,0,0.0,1,0,0.130393
HP005148,2026-03-01,RET-202603,NORTHEAST,PUSH,PREMIUM,1818,18,3,431.09,159.49,0.7313,0.2478,3,7,0,48,0.5489,0.4045,1,0,0,0.0,1,0,0.113216
HP005403,2026-05-01,RET-202605,SOUTH,SMS,PLUS,540,41,2,220.64,97.24,0.1093,0.0166,1,12,2,67,0.3582,0.4315,1,0,0,0.0,1,0,0.038862
HP001641,2026-01-01,RET-202601,SOUTH,EMAIL,PLUS,415,58,3,115.29,42.07,0.2444,0.0606,3,3,0,27,0.4288,0.3988,1,0,1,65.29,1,0,0.042168
HP000943,2025-12-01,RET-202512,MIDWEST,SMS,STANDARD,1124,24,4,202.29,55.28,0.7807,0.405,1,7,3,46,0.6612,0.326,1,0,0,0.0,1,1,0.257434
HP003070,2026-06-01,RET-202606,SOUTH,EMAIL,PREMIUM,1113,75,0,0.0,56.49,0.3029,0.0641,1,10,2,44,0.1852,0.4504,1,0,0,0.0,0,0,0.037793
HP001479,2026-03-01,RET-202603,MIDWEST,EMAIL,PREMIUM,884,10,6,526.44,77.85,0.8833,0.3372,3,9,3,50,0.1229,0.5138,1,0,0,0.0,1,0,0.197878
HP005517,2026-02-01,RET-202602,WEST,EMAIL,STANDARD,1927,43,0,0.0,29.8,0.0797,0.0088,0,7,0,79,0.8355,0.3982,1,0,0,0.0,0,0,0.067429
HP004853,2026-07-01,RET-202607,NORTHEAST,EMAIL,PLUS,1066,38,3,135.48,45.17,0.4564,0.1184,3,11,0,26,0.4269,0.4211,1,0,0,0.0,1,0,0.052911
HP005028,2026-04-01,RET-202604,MIDWEST,EMAIL,PLUS,1780,5,2,188.55,88.47,0.3413,0.1073,1,11,5,56,0.3779,0.4457,1,0,0,0.0,0,0,0.092242
HP001926,2026-06-01,RET-202606,SOUTH,EMAIL,PLUS,1736,66,1,73.59,72.01,0.0523,0.0074,0,5,1,83,0.4896,0.4102,1,0,0,0.0,0,0,0.030169
HP002151,2026-06-01,RET-202606,WEST,SMS,PLUS,985,6,4,236.82,62.0,0.6531,0.2878,3,11,2,37,0.3712,0.407,1,0,0,0.0,1,0,0.114924
HP004418,2025-12-01,RET-202512,MIDWEST,EMAIL,PREMIUM,1241,19,6,570.73,89.73,0.244,0.0783,2,5,1,38,0.6287,0.3482,1,0,0,0.0,0,0,0.246098
HP004287,2026-03-01,RET-202603,SOUTH,PUSH,PLUS,1964,91,2,162.67,72.0,0.0874,0.0122,1,12,0,18,0.2704,0.4734,1,0,0,0.0,0,0,0.020205
HP004234,2026-01-01,RET-202601,SOUTH,PUSH,PREMIUM,460,12,9,1009.38,103.88,0.8205,,3,9,1,35,0.466,0.4453,1,0,1,111.69,1,1,0.32665
HP002990,2025-09-01,RET-202509,MIDWEST,EMAIL,PLUS,1308,14,5,1190.34,201.67,0.5634,0.3043,4,5,2,27,0.8434,0.3971,1,0,0,0.0,0,0,0.190239
HP004104,2026-07-01,RET-202607,NORTHEAST,PUSH,PLUS,2137,16,0,0.0,65.32,0.4474,0.0696,0,3,1,19,0.1682,0.426,1,0,0,0.0,1,0,0.049117
HP003347,2025-09-01,RET-202509,NORTHEAST,SMS,STANDARD,1466,7,6,342.82,51.85,0.846,0.4212,7,9,0,23,0.4454,0.4218,1,0,0,0.0,1,0,0.154703
HP000733,2026-06-01,RET-202606,WEST,EMAIL,STANDARD,1528,83,1,39.64,38.2,0.0382,0.0024,0,3,0,59,0.3232,0.429,1,0,0,0.0,0,0,0.019928
HP000720,2026-08-01,RET-202608,MIDWEST,EMAIL,STANDARD,632,9,1,38.42,42.71,0.0861,0.0061,1,2,0,101,0.1476,0.4808,1,0,0,0.0,0,0,0.042809
HP001097,2026-07-01,RET-202607,NORTHEAST,EMAIL,PLUS,1839,36,1,53.91,53.46,0.2186,0.0722,2,9,1,30,0.6668,0.3725,1,0,0,0.0,0,0,0.050296
HP003712,2026-02-01,RET-202602,SOUTH,EMAIL,PLUS,1715,23,5,234.68,47.53,0.6154,0.1666,4,12,1,18,0.0944,0.4692,1,0,0,0.0,1,0,0.077715
HP003065,2025-12-01,RET-202512,NORTHEAST,SMS,STANDARD,961,17,2,190.75,86.84,0.0913,0.0113,1,11,1,33,0.4067,0.4366,1,0,1,84.52,1,0,0.061223
HP001216,2026-03-01,RET-202603,SOUTH,PUSH,STANDARD,2157,15,0,0.0,61.53,0.4785,0.1487,3,5,0,25,0.7214,0.3452,1,0,1,85.33,1,1,0.059699
HP002873,2026-01-01,RET-202601,NORTHEAST,EMAIL,PREMIUM,1605,24,3,156.71,56.83,0.779,0.2906,0,3,0,9,0.295,0.4392,1,0,0,0.0,1,0,0.081061
HP005013,2026-03-01,RET-202603,WEST,EMAIL,PLUS,721,14,3,157.56,55.92,0.4986,0.1886,3,9,2,78,0.3825,0.4644,1,0,1,50.07,1,0,0.108439
HP004998,2026-06-01,RET-202606,WEST,EMAIL,PLUS,1471,4,1,117.42,109.7,0.3738,0.0785,1,8,1,21,0.582,0.3872,1,0,0,0.0,1,0,0.068244
HP003976,2026-07-01,RET-202607,SOUTH,SMS,PREMIUM,2202,28,6,562.5,92.47,0.3373,,3,11,2,37,0.6422,0.3815,1,0,0,0.0,0,0,0.292791
HP000252,2025-11-01,RET-202511,MIDWEST,SMS,STANDARD,750,120,1,31.78,33.26,0.1244,0.0176,2,5,0,63,0.872,0.3657,1,0,0,0.0,0,0,0.048012
HP005484,2026-04-01,RET-202604,SOUTH,EMAIL,STANDARD,1544,28,1,32.12,31.54,0.7609,0.2249,4,8,2,81,0.577,0.3821,1,0,0,0.0,1,0,0.086869
HP005014,2026-06-01,RET-202606,MIDWEST,SMS,PLUS,1414,14,3,339.87,136.13,0.2307,0.0568,1,7,2,72,0.8781,0.3245,1,0,0,0.0,0,0,0.135378
HP003369,2026-05-01,RET-202605,MIDWEST,SMS,STANDARD,665,28,4,195.48,47.24,0.824,0.4074,4,12,4,64,0.3838,0.4431,1,0,0,0.0,1,0,0.105562
HP005257,2026-08-01,RET-202608,WEST,EMAIL,STANDARD,2088,11,0,0.0,62.45,0.0808,0.0074,0,5,0,14,0.3152,0.4219,1,0,0,0.0,0,0,0.037656
HP002933,2026-03-01,RET-202603,SOUTH,EMAIL,STANDARD,1882,15,1,23.81,22.56,0.183,0.0303,2,7,1,40,0.3445,0.4084,1,0,0,0.0,0,0,0.057193
HP002021,2026-05-01,RET-202605,WEST,EMAIL,PLUS,1753,14,6,271.57,46.88,0.8004,0.5278,4,8,5,67,0.7324,0.4232,1,0,0,0.0,1,1,0.406084
HP003174,2025-11-01,RET-202511,WEST,EMAIL,PREMIUM,1984,10,6,299.57,45.39,0.7958,0.4722,7,3,2,4,0.6483,0.3715,1,0,0,0.0,1,0,0.498609
HP000924,2026-07-01,RET-202607,NORTHEAST,SMS,STANDARD,1869,68,0,0.0,81.02,0.2046,0.0478,1,5,1,146,0.3074,0.4555,1,0,0,0.0,0,0,0.02811
HP005566,2025-11-01,RET-202511,WEST,PUSH,STANDARD,996,9,0,0.0,86.75,0.2581,0.0486,2,12,2,88,0.371,0.4376,1,0,0,0.0,0,0,0.105662
HP002168,2026-06-01,RET-202606,NORTHEAST,EMAIL,PLUS,939,13,1,44.1,45.55,0.7653,0.2562,0,11,2,35,0.6978,0.4002,1,0,0,0.0,0,0,0.174419
HP003998,2025-12-01,RET-202512,SOUTH,SMS,STANDARD,597,17,1,55.69,53.92,0.2315,0.0751,3,3,0,36,0.8838,0.3251,1,0,0,0.0,0,0,0.136128
HP003778,2025-12-01,RET-202512,WEST,PUSH,PLUS,1753,70,1,56.94,55.47,0.0359,0.0062,2,11,2,18,0.3935,0.4,1,0,0,0.0,0,0,0.058008
HP000758,2026-08-01,RET-202608,NORTHEAST,EMAIL,STANDARD,746,18,2,59.33,34.23,0.0805,0.0161,2,5,2,59,0.7036,0.389,1,0,1,28.92,0,0,0.13715
HP002438,2025-11-01,RET-202511,SOUTH,SMS,STANDARD,127,103,1,37.83,34.74,0.1569,0.0164,2,6,0,52,0.8796,0.3819,1,0,0,0.0,0,0,0.057048
HP001788,2026-07-01,RET-202607,NORTHEAST,EMAIL,PLUS,630,39,1,153.31,165.1,0.2679,0.0756,2,4,2,87,0.5172,0.3747,1,0,0,0.0,0,0,0.067167
HP001305,2026-04-01,RET-202604,SOUTH,SMS,PLUS,1119,20,2,69.43,29.15,0.5104,0.2493,0,9,0,53,0.437,0.4031,1,0,0,0.0,0,0,0.063404
HP002694,2026-07-01,RET-202607,WEST,PUSH,STANDARD,1225,68,3,132.33,43.96,0.1735,0.0562,1,6,0,57,0.5781,0.4176,1,0,0,0.0,0,0,0.029913
HP001633,2026-03-01,RET-202603,MIDWEST,EMAIL,STANDARD,1679,62,0,0.0,43.32,0.1203,0.0163,2,3,0,136,0.2593,0.4496,1,0,0,0.0,0,0,0.028645
HP005906,2026-01-01,RET-202601,WEST,PUSH,PREMIUM,1417,12,3,724.48,200.61,0.3929,0.1417,3,12,3,75,0.6247,0.3614,1,0,1,265.46,1,0,0.197037
HP003494,2026-06-01,RET-202606,NORTHEAST,EMAIL,STANDARD,578,52,0,0.0,41.21,0.3147,0.1082,2,4,1,30,0.6937,0.3403,1,0,0,0.0,0,0,0.050252
HP002216,2026-03-01,RET-202603,SOUTH,EMAIL,PLUS,1486,5,2,149.39,74.28,0.1535,0.0324,1,9,0,24,0.5753,0.3672,1,0,0,0.0,0,0,0.059518
HP004087,2025-11-01,RET-202511,MIDWEST,PUSH,PLUS,1542,12,1,87.3,95.39,0.6546,0.2632,0,8,0,60,0.3819,0.4531,1,0,0,0.0,1,1,0.089049
HP001936,2026-05-01,RET-202605,NORTHEAST,PUSH,PLUS,1421,18,3,115.7,41.87,0.1998,0.0488,4,6,1,40,0.5248,0.4268,1,0,0,0.0,0,0,0.063205
HP004920,2026-04-01,RET-202604,WEST,EMAIL,STANDARD,1323,54,1,90.06,99.63,0.337,0.0532,2,11,1,41,0.1519,0.4817,1,0,0,0.0,1,0,0.037256
HP001306,2026-04-01,RET-202604,NORTHEAST,PUSH,PLUS,2202,37,2,91.35,45.19,0.1735,0.0492,3,3,0,70,0.2979,0.458,1,0,0,0.0,0,0,0.039062
HP002907,2026-07-01,RET-202607,MIDWEST,PUSH,PREMIUM,668,21,14,787.8,59.98,0.7301,0.4422,6,2,1,11,0.4941,0.3942,1,0,1,63.58,1,0,0.470939
HP000028,2026-02-01,RET-202602,NORTHEAST,EMAIL,PREMIUM,811,60,1,65.45,58.01,0.1864,0.0316,1,11,2,29,0.3289,0.4598,1,0,0,0.0,1,0,0.046818
HP002967,2025-11-01,RET-202511,SOUTH,EMAIL,PLUS,775,34,4,346.26,70.93,0.4716,0.1358,2,10,4,54,0.3771,0.4341,1,0,0,0.0,1,1,0.108875
HP000284,2026-05-01,RET-202605,NORTHEAST,EMAIL,PREMIUM,1144,3,8,757.89,88.31,0.3374,0.1384,2,7,4,10,0.3048,0.463,1,0,0,0.0,1,0,0.303384
HP001830,2026-03-01,RET-202603,MIDWEST,EMAIL,PLUS,1200,7,2,131.54,59.59,0.5716,0.2455,4,5,2,13,0.2992,0.4022,1,0,0,0.0,1,0,0.135829
HP002966,2025-12-01,RET-202512,MIDWEST,EMAIL,PLUS,218,45,2,99.87,58.17,0.0531,0.0064,1,5,0,23,0.5143,0.3857,1,0,0,0.0,0,0,0.049449
HP004579,2026-08-01,RET-202608,MIDWEST,EMAIL,STANDARD,1906,28,4,220.07,50.41,0.5319,0.205,1,12,3,72,0.5679,0.3878,1,0,0,0.0,1,0,0.079723
HP002078,2025-12-01,RET-202512,NORTHEAST,EMAIL,PLUS,1723,39,0,0.0,68.29,0.4738,0.1633,5,2,0,27,0.3231,0.4118,1,0,0,0.0,0,0,0.065028
HP005572,2026-02-01,RET-202602,MIDWEST,EMAIL,STANDARD,1769,37,1,44.85,50.24,0.1643,0.0248,0,6,0,7,0.2364,0.4507,1,0,0,0.0,0,0,0.033721
HP003391,2026-07-01,RET-202607,WEST,EMAIL,PLUS,995,7,4,221.65,43.76,0.3959,0.0654,1,8,1,32,0.2044,0.4736,1,0,0,0.0,1,0,0.067629
HP005066,2026-03-01,RET-202603,NORTHEAST,PUSH,STANDARD,2036,15,0,0.0,30.87,,0.1573,1,10,1,14,0.4627,0.4171,1,0,0,0.0,1,0,0.032299
HP004682,2026-06-01,RET-202606,SOUTH,EMAIL,PREMIUM,1160,45,1,33.44,38.97,0.0992,0.0103,0,4,0,24,0.1567,0.4929,1,0,1,50.99,0,0,0.035363
HP004233,2026-08-01,RET-202608,SOUTH,EMAIL,PLUS,723,16,1,54.41,59.97,0.1622,0.0296,1,3,0,43,0.3647,0.3534,1,0,0,0.0,0,0,0.044795
HP003449,2025-10-01,RET-202510,WEST,EMAIL,PREMIUM,1192,9,4,601.23,175.01,0.8681,0.2719,2,10,0,76,0.0901,0.4838,1,0,1,153.96,1,0,0.242554
HP001814,2025-09-01,RET-202509,MIDWEST,EMAIL,STANDARD,963,25,1,39.85,46.78,0.127,0.0141,1,9,0,7,0.772,0.3305,1,0,0,0.0,0,0,0.024715
HP000828,2026-07-01,RET-202607,NORTHEAST,PUSH,STANDARD,1766,55,0,0.0,35.03,0.0388,0.0012,0,8,0,40,0.1514,0.4452,1,0,0,0.0,0,0,0.020585
HP003522,2026-02-01,RET-202602,SOUTH,EMAIL,PLUS,623,23,1,117.44,100.22,0.619,0.3213,4,8,3,67,0.5211,0.4008,1,0,0,0.0,1,1,0.104922
HP005491,2026-02-01,RET-202602,MIDWEST,SMS,STANDARD,1416,48,1,42.01,43.75,0.6839,0.23,2,12,3,81,0.5103,0.364,1,0,0,0.0,0,0,0.059661
HP002994,2025-11-01,RET-202511,NORTHEAST,EMAIL,PLUS,1993,54,6,859.94,144.23,0.0418,0.003,3,5,0,29,0.1319,0.4772,1,0,0,0.0,0,0,0.053881
HP005359,2026-07-01,RET-202607,NORTHEAST,EMAIL,PLUS,630,20,0,0.0,50.6,0.1359,0.0117,0,8,0,11,0.4039,0.4445,1,0,0,0.0,0,0,0.036725
HP005863,2026-07-01,RET-202607,NORTHEAST,PUSH,STANDARD,652,24,6,493.88,80.26,0.3075,0.0543,2,11,0,52,0.4153,0.4104,1,0,0,0.0,1,0,0.055176
HP002648,2026-05-01,RET-202605,NORTHEAST,EMAIL,PLUS,2167,1,4,233.35,55.56,0.6686,0.3375,3,11,2,49,0.3509,0.4451,1,0,0,0.0,1,0,0.139451
HP003022,2025-09-01,RET-202509,WEST,EMAIL,STANDARD,440,16,4,453.71,100.2,0.5763,0.1701,2,4,0,39,0.2567,0.4432,1,0,0,0.0,1,0,0.093115
HP005870,2025-09-01,RET-202509,NORTHEAST,EMAIL,PREMIUM,1418,14,6,563.17,92.46,0.7808,0.3318,4,10,0,44,0.2901,0.447,1,0,0,0.0,1,0,0.287105
HP005144,2026-02-01,RET-202602,SOUTH,EMAIL,PLUS,2110,37,0,0.0,66.95,0.2815,0.1036,2,7,1,64,0.5825,0.3889,1,0,0,0.0,1,0,0.05254
HP003531,2025-10-01,RET-202510,MIDWEST,EMAIL,PLUS,1478,7,2,193.93,80.07,0.4135,0.1227,4,7,1,74,0.5162,0.4253,1,0,0,0.0,0,0,0.088783
HP001994,2025-12-01,RET-202512,WEST,SMS,PREMIUM,934,28,7,425.87,73.64,0.391,0.1242,4,11,1,17,0.6109,0.394,1,0,0,0.0,0,0,0.177679
HP005613,2026-04-01,RET-202604,MIDWEST,EMAIL,STANDARD,1715,29,2,124.75,75.3,0.4271,0.0746,2,12,1,45,0.7342,0.3886,1,0,0,0.0,1,0,0.116106
HP005764,2025-09-01,RET-202509,NORTHEAST,EMAIL,PLUS,353,59,1,58.38,62.24,0.044,0.0033,0,12,0,81,0.5283,0.4087,1,0,0,0.0,0,0,0.030219
HP000251,2026-02-01,RET-202602,WEST,PUSH,PLUS,475,29,3,123.65,38.35,0.5248,0.1945,2,6,3,24,0.4585,0.4352,1,0,0,0.0,1,0,0.089671
HP000717,2025-09-01,RET-202509,WEST,EMAIL,PLUS,876,1,4,279.53,78.25,0.9348,0.6343,5,9,3,14,0.8023,0.3609,1,0,0,0.0,1,0,0.140139
HP002223,2025-12-01,RET-202512,WEST,PUSH,PLUS,1892,9,3,618.34,188.38,0.2299,0.0568,3,11,0,57,0.3074,0.44,1,0,0,0.0,0,0,0.10628
HP005571,2026-04-01,RET-202604,SOUTH,EMAIL,PLUS,350,32,2,145.4,71.9,0.1805,0.0507,2,6,0,18,0.2813,0.4224,1,0,0,0.0,1,0,0.044299
HP005282,2025-09-01,RET-202509,WEST,SMS,PREMIUM,557,18,2,260.07,,0.0969,0.0129,2,5,0,62,0.3049,0.4528,1,0,0,0.0,0,0,0.058851
HP004421,2025-11-01,RET-202511,WEST,SMS,PLUS,1357,84,1,74.58,83.5,0.1779,0.0204,2,11,0,59,0.2681,0.4587,1,0,1,97.42,1,0,0.044235
HP005886,2026-06-01,RET-202606,SOUTH,SMS,PLUS,1927,7,1,46.53,54.18,0.3124,0.0947,2,2,0,33,0.4799,0.4244,1,0,0,0.0,0,0,0.053346
HP003009,2025-11-01,RET-202511,SOUTH,EMAIL,PREMIUM,1171,37,1,78.8,98.48,0.7255,0.1771,2,2,0,31,0.4514,0.4082,1,0,0,0.0,0,0,0.091375
HP004612,2025-11-01,RET-202511,MIDWEST,EMAIL,STANDARD,1963,9,1,24.75,26.24,0.4914,0.2011,1,4,1,62,0.435,0.4007,1,0,0,0.0,0,0,0.129211
HP005132,2025-09-01,RET-202509,WEST,EMAIL,PREMIUM,167,10,12,784.59,66.83,0.8047,0.4244,4,6,1,16,0.5927,0.3834,1,0,0,0.0,0,0,0.451495
HP004377,2025-11-01,RET-202511,MIDWEST,PUSH,PLUS,153,61,2,188.02,84.36,0.1415,0.0135,3,9,0,15,0.0831,0.5076,1,0,0,0.0,1,0,0.017435
HP004296,2026-06-01,RET-202606,WEST,EMAIL,PREMIUM,794,30,5,407.47,,0.0895,0.0157,0,6,0,71,0.1747,0.4472,1,0,0,0.0,0,0,0.050755
HP004627,2025-10-01,RET-202510,WEST,EMAIL,PLUS,1059,41,2,91.29,49.18,0.41,0.069,4,12,0,113,0.044,0.4846,1,0,0,0.0,0,0,0.046976
HP003089,2026-01-01,RET-202601,MIDWEST,EMAIL,PLUS,549,7,0,0.0,83.98,0.1146,0.0193,1,5,0,41,0.4071,0.4089,1,0,0,0.0,0,0,0.049976
HP000191,2025-09-01,RET-202509,MIDWEST,EMAIL,PLUS,1470,31,3,121.93,35.67,0.1527,0.038,1,2,1,35,0.3055,0.406,1,0,1,26.72,0,0,0.075779
HP000376,2026-07-01,RET-202607,SOUTH,EMAIL,PLUS,420,5,2,115.45,54.98,0.0832,0.0101,2,6,1,27,0.1949,0.4963,1,0,0,0.0,0,0,0.058685
HP005130,2026-06-01,RET-202606,NORTHEAST,SMS,STANDARD,1968,31,0,0.0,94.14,0.5215,0.1434,2,9,1,35,0.5584,0.4121,1,0,0,0.0,0,0,0.050593
HP000026,2026-04-01,RET-202604,MIDWEST,EMAIL,PLUS,1490,33,0,0.0,88.68,0.4229,0.0913,1,10,0,45,0.3994,0.4383,1,0,0,0.0,1,0,0.043601
HP001221,2026-07-01,RET-202607,MIDWEST,EMAIL,PLUS,2198,39,2,158.88,86.83,0.2777,0.0756,1,4,1,36,0.6921,0.3582,1,0,0,0.0,1,0,0.1073
HP001982,2026-03-01,RET-202603,WEST,EMAIL,PLUS,1988,22,3,226.75,85.02,0.1196,0.0104,0,10,0,53,0.1295,0.4321,1,0,0,0.0,0,0,0.040289
HP000300,2026-04-01,RET-202604,MIDWEST,EMAIL,STANDARD,1407,11,2,120.46,66.15,0.6871,0.2993,2,3,0,11,0.7991,0.3768,1,0,0,0.0,1,1,0.109151
HP000922,2026-07-01,RET-202607,SOUTH,PUSH,PLUS,885,25,2,82.33,45.54,0.4555,0.1443,2,9,0,154,0.6682,0.3851,1,0,0,0.0,0,0,0.10125
HP004876,2026-04-01,RET-202604,WEST,EMAIL,PLUS,1108,24,4,392.84,92.18,0.5059,0.1801,3,9,2,42,0.3018,0.4512,1,0,0,0.0,1,0,0.081913
HP000560,2026-01-01,RET-202601,NORTHEAST,EMAIL,PLUS,323,9,3,165.15,48.89,0.5191,0.1918,1,9,1,39,0.6826,0.346,1,0,0,0.0,0,0,0.193116
HP005209,2026-06-01,RET-202606,MIDWEST,EMAIL,PREMIUM,1100,26,7,908.76,110.91,0.5643,0.2127,1,5,2,60,0.8692,0.379,1,0,0,0.0,0,0,0.417265
HP003872,2026-04-01,RET-202604,MIDWEST,EMAIL,STANDARD,1809,71,0,0.0,31.99,0.4937,0.1037,0,8,0,5,0.3922,0.4143,1,0,0,0.0,0,0,0.027848
HP004544,2025-11-01,RET-202511,SOUTH,PUSH,PLUS,1861,53,2,280.38,140.99,0.0397,0.0055,2,12,2,8,0.7883,0.309,1,0,0,0.0,1,0,0.02585
HP004801,2025-12-01,RET-202512,WEST,SMS,PLUS,351,5,4,713.47,151.7,0.2964,0.0661,2,12,1,86,0.2212,0.4159,1,0,0,0.0,0,0,0.120031
HP003607,2026-05-01,RET-202605,NORTHEAST,EMAIL,STANDARD,629,29,2,67.81,34.92,0.8073,0.3262,2,8,2,42,0.185,0.4605,1,0,0,0.0,1,1,0.081442
HP004642,2026-05-01,RET-202605,MIDWEST,EMAIL,STANDARD,1930,31,1,29.91,25.03,0.2697,0.0522,1,12,0,16,0.0899,0.442,1,0,0,0.0,0,0,0.018126
HP001602,2025-10-01,RET-202510,WEST,EMAIL,PLUS,1149,16,2,100.72,61.37,0.289,0.0428,3,12,1,46,0.3686,0.3716,1,0,0,0.0,0,0,0.065284
HP000369,2026-08-01,RET-202608,NORTHEAST,EMAIL,STANDARD,936,28,0,0.0,40.22,0.3091,0.0286,0,4,0,3,0.4956,0.4006,1,0,0,0.0,0,0,0.036999
HP002166,2026-06-01,RET-202606,SOUTH,PUSH,PLUS,864,23,1,34.91,35.95,0.3195,0.0901,2,10,1,6,0.5376,0.3994,1,0,0,0.0,0,0,0.024056
HP005900,2025-11-01,RET-202511,WEST,EMAIL,STANDARD,1666,37,2,106.77,60.56,0.1086,0.0148,5,2,0,82,0.1887,0.456,1,0,1,66.45,1,1,0.084149
HP000767,2025-12-01,RET-202512,NORTHEAST,EMAIL,STANDARD,2045,14,3,121.52,37.45,0.6008,0.1836,1,2,1,56,0.4589,0.4205,1,0,0,0.0,0,0,0.168774
HP004071,2026-08-01,RET-202608,SOUTH,EMAIL,PREMIUM,958,33,1,44.47,50.07,0.1145,0.0217,3,11,0,39,0.3647,0.4471,1,0,0,0.0,0,0,0.050815
HP003904,2025-11-01,RET-202511,NORTHEAST,EMAIL,PREMIUM,1310,24,10,894.54,71.1,0.302,0.1126,5,7,0,39,0.2485,0.4663,1,0,0,0.0,0,0,0.246967
HP005051,2026-07-01,RET-202607,WEST,EMAIL,PLUS,2248,4,2,161.74,73.85,0.208,0.0505,2,6,0,21,0.501,0.458,1,0,0,0.0,0,0,0.060296
HP001849,2025-09-01,RET-202509,WEST,SMS,PLUS,513,18,2,84.59,36.76,0.3848,0.1082,5,4,0,48,0.1687,0.4713,1,0,0,0.0,0,0,0.057671
HP004885,2026-06-01,RET-202606,MIDWEST,SMS,PLUS,1575,15,0,0.0,141.95,0.4515,0.105,2,4,0,21,0.139,0.4419,1,0,0,0.0,1,0,0.044191
HP004202,2025-10-01,RET-202510,MIDWEST,EMAIL,PLUS,749,18,6,566.6,141.26,0.3168,0.0673,0,6,0,26,0.6264,0.4024,1,0,0,0.0,0,0,0.067659
HP004764,2025-12-01,RET-202512,NORTHEAST,SMS,PLUS,1725,15,3,252.75,65.03,0.4308,0.2469,2,4,0,74,0.513,0.3971,1,0,0,0.0,0,0,0.105662
HP000216,2026-06-01,RET-202606,WEST,EMAIL,PLUS,1354,14,1,114.35,107.63,0.2856,0.0553,1,12,1,72,0.2276,0.4375,1,0,0,0.0,0,0,0.051113
HP003671,2026-08-01,RET-202608,WEST,PUSH,STANDARD,1684,46,4,115.07,33.76,0.1274,0.0176,0,2,0,18,0.5125,0.4247,1,0,0,0.0,1,0,0.03228
HP001890,2026-05-01,RET-202605,NORTHEAST,SMS,PREMIUM,1533,32,0,0.0,84.39,0.0688,0.0049,2,10,0,52,0.0924,0.4459,1,0,0,0.0,1,0,0.038727
HP002058,2026-05-01,RET-202605,WEST,SMS,PLUS,1298,7,1,73.26,83.62,0.3928,0.1333,3,9,1,22,0.2708,0.4269,1,0,0,0.0,1,0,0.060937
HP001151,2025-09-01,RET-202509,NORTHEAST,SMS,STANDARD,194,9,0,0.0,27.07,0.2836,0.0661,2,7,1,34,0.1864,0.46,1,0,1,35.53,1,0,0.055551
HP003236,2025-11-01,RET-202511,NORTHEAST,PUSH,PREMIUM,1137,7,9,818.61,87.25,0.5746,0.182,1,10,2,34,0.1835,0.4551,1,0,1,103.23,1,0,0.325201
HP005142,2025-12-01,RET-202512,SOUTH,EMAIL,PLUS,1586,36,3,154.21,58.13,0.2735,0.13,2,8,3,49,0.8543,0.3734,1,0,1,68.07,0,0,0.191595
HP000119,2026-08-01,RET-202608,MIDWEST,EMAIL,STANDARD,1017,72,0,0.0,30.18,0.0259,0.0021,0,8,1,70,0.6051,0.4355,1,0,0,0.0,0,0,0.025197
HP001369,2025-10-01,RET-202510,SOUTH,EMAIL,STANDARD,863,10,3,106.47,41.79,0.2941,0.0971,3,7,1,3,0.5924,0.3756,1,0,0,0.0,1,0,0.085672
HP004933,2025-11-01,RET-202511,MIDWEST,EMAIL,STANDARD,782,5,0,0.0,73.33,,0.1389,2,8,0,31,0.0596,0.4357,1,0,0,0.0,1,0,0.074662
HP005173,2026-01-01,RET-202601,NORTHEAST,EMAIL,PLUS,1519,17,1,96.87,84.73,0.1998,0.0419,3,6,1,98,0.4475,0.4114,1,0,0,0.0,0,0,0.063689
HP005067,2026-04-01,RET-202604,MIDWEST,SMS,PLUS,2170,1,1,46.97,47.35,0.1325,0.0302,0,7,1,69,0.544,0.4229,1,0,0,0.0,0,0,0.051846
HP004946,2026-06-01,RET-202606,MIDWEST,SMS,PLUS,2163,55,2,148.43,84.81,0.2162,0.0415,0,11,1,48,0.4459,0.4344,1,0,0,0.0,0,0,0.030373
HP005049,2026-08-01,RET-202608,SOUTH,EMAIL,PLUS,2249,23,1,59.21,61.37,0.3061,0.1053,2,4,0,107,0.3372,0.4823,1,0,0,0.0,1,0,0.048179
HP001422,2025-12-01,RET-202512,MIDWEST,EMAIL,STANDARD,2063,21,2,96.45,48.37,0.5624,0.2407,2,8,0,14,0.6365,0.3882,1,0,0,0.0,1,0,0.113871
HP004727,2026-04-01,RET-202604,WEST,SMS,STANDARD,1512,110,0,0.0,22.66,0.0873,0.0091,3,4,0,119,0.4059,0.3811,1,0,0,0.0,0,0,0.016848
HP000456,2026-03-01,RET-202603,MIDWEST,SMS,STANDARD,1774,5,1,55.14,65.06,0.7471,0.3237,3,5,2,73,0.1389,0.4646,1,0,0,0.0,0,0,0.12234
HP004844,2026-07-01,RET-202607,NORTHEAST,EMAIL,PLUS,1094,64,0,0.0,97.3,0.3023,0.0502,0,9,1,18,0.36,0.3861,1,0,0,0.0,0,0,0.028433
HP004707,2025-12-01,RET-202512,SOUTH,EMAIL,PLUS,1278,5,5,315.66,56.8,0.6077,0.1631,3,5,0,29,0.2604,0.433,1,0,0,0.0,1,0,0.133859
HP004141,2026-07-01,RET-202607,NORTHEAST,SMS,STANDARD,1890,21,3,74.12,22.87,0.8439,0.3542,3,12,0,9,0.2517,0.4429,1,0,0,0.0,1,1,0.041606
HP000985,2026-06-01,RET-202606,SOUTH,PUSH,PREMIUM,1197,14,6,257.61,43.59,0.803,0.4888,4,2,0,134,0.308,0.4075,1,0,0,0.0,0,0,0.151614
HP005781,2026-06-01,RET-202606,NORTHEAST,EMAIL,STANDARD,435,25,1,138.01,133.49,0.2972,0.0722,1,10,3,72,0.6455,0.4208,1,0,0,0.0,1,0,0.120703
HP001123,2026-01-01,RET-202601,SOUTH,SMS,PREMIUM,708,67,0,0.0,87.99,0.1072,0.0059,0,10,0,37,0.1711,0.4942,1,0,0,0.0,0,0,0.025741
HP002917,2026-02-01,RET-202602,WEST,EMAIL,PLUS,557,16,3,276.92,93.57,0.5286,0.138,2,6,1,15,0.3077,0.4352,1,0,0,0.0,1,0,0.077216
HP003144,2026-04-01,RET-202604,NORTHEAST,EMAIL,STANDARD,744,38,3,101.62,35.01,0.3339,0.0521,0,7,0,15,0.131,0.4852,1,0,0,0.0,0,0,0.03769
HP004289,2026-06-01,RET-202606,SOUTH,EMAIL,PREMIUM,2230,13,7,593.05,96.47,0.251,0.0581,4,11,0,24,0.2166,0.473,1,0,0,0.0,1,0,0.168269
HP005880,2025-11-01,RET-202511,WEST,EMAIL,PLUS,384,17,2,464.61,214.06,0.1514,,3,10,1,101,0.5596,0.3694,1,0,0,0.0,0,0,0.119457
HP003192,2026-05-01,RET-202605,NORTHEAST,PUSH,PREMIUM,1877,5,6,749.25,107.75,0.8159,0.4851,3,9,4,81,0.3533,0.3838,1,0,0,0.0,1,0,0.379551
HP003753,2025-11-01,RET-202511,NORTHEAST,EMAIL,PLUS,565,63,2,122.67,68.64,0.2922,0.0594,2,12,1,12,0.3619,0.4252,1,0,0,0.0,0,0,0.023931
HP004767,2025-10-01,RET-202510,NORTHEAST,EMAIL,STANDARD,743,30,4,162.56,35.89,0.5632,0.1366,1,5,0,55,0.1473,0.4813,1,0,0,0.0,0,0,0.059224
HP005726,2026-04-01,RET-202604,SOUTH,EMAIL,PREMIUM,1767,29,2,176.82,87.47,0.1711,0.0232,0,12,0,52,0.0301,0.4894,1,0,1,138.17,0,0,0.044147
HP004720,2026-08-01,RET-202608,WEST,EMAIL,PLUS,895,64,1,84.77,72.79,0.5382,0.1486,2,10,1,10,0.5393,0.4301,1,0,0,0.0,0,0,0.019842
HP002288,2026-02-01,RET-202602,MIDWEST,EMAIL,PREMIUM,1920,12,4,231.04,59.2,0.2313,0.0621,2,9,1,17,0.186,0.5013,1,0,0,0.0,0,0,0.083382
HP005389,2025-10-01,RET-202510,SOUTH,SMS,STANDARD,1371,19,3,107.79,36.42,0.5417,0.1331,1,10,0,17,0.3489,0.4702,1,0,0,0.0,1,0,0.058875
HP002159,2026-06-01,RET-202606,NORTHEAST,SMS,PREMIUM,1209,9,5,1155.15,201.41,0.6743,0.2683,4,7,1,42,0.1574,0.4732,1,0,1,254.53,1,0,0.241481
HP005534,2026-08-01,RET-202608,MIDWEST,EMAIL,PREMIUM,654,15,2,215.66,92.77,0.2126,0.0571,3,2,0,61,0.0921,0.5181,1,0,0,0.0,1,0,0.061535
HP003765,2026-04-01,RET-202604,MIDWEST,EMAIL,STANDARD,910,40,1,107.83,91.42,0.0959,0.0166,1,8,2,46,0.1639,0.4931,1,0,0,0.0,0,0,0.042632
HP005207,2025-09-01,RET-202509,SOUTH,EMAIL,PLUS,1509,30,3,328.3,101.95,0.3272,0.0681,2,6,0,22,0.2397,0.4483,1,0,0,0.0,1,0,0.054151
HP003219,2026-08-01,RET-202608,MIDWEST,EMAIL,STANDARD,1796,67,0,0.0,81.98,0.1358,0.0103,2,4,0,11,0.1887,0.4065,1,0,0,0.0,0,0,0.025054
HP002832,2026-02-01,RET-202602,MIDWEST,EMAIL,PLUS,452,28,3,118.37,45.07,0.5389,0.2294,3,2,0,33,0.5454,0.392,1,0,0,0.0,1,0,0.071527
HP002863,2026-05-01,RET-202605,SOUTH,PUSH,STANDARD,491,37,3,179.51,57.21,0.0356,0.0037,1,6,0,61,0.793,0.3755,1,0,0,0.0,0,0,0.077433
HP004636,2025-12-01,RET-202512,SOUTH,EMAIL,STANDARD,2085,76,1,48.12,46.67,0.1198,0.0221,1,6,0,59,0.3192,0.4312,1,0,0,0.0,0,0,0.033792
HP003359,2026-07-01,RET-202607,NORTHEAST,EMAIL,STANDARD,1676,66,3,264.13,,0.0432,0.0064,1,4,0,37,0.3207,0.4402,1,0,0,0.0,0,0,0.029051
HP000482,2026-01-01,RET-202601,NORTHEAST,EMAIL,PLUS,311,20,7,361.69,55.58,0.6123,0.2533,6,6,2,103,0.3945,0.4295,1,0,1,32.63,0,0,0.162499
HP001381,2025-11-01,RET-202511,SOUTH,EMAIL,PLUS,155,8,9,400.58,37.38,0.6038,0.2836,4,12,2,4,0.4607,0.4233,1,0,0,0.0,1,0,0.110098
HP000750,2026-03-01,RET-202603,MIDWEST,SMS,PREMIUM,1089,48,7,590.21,76.91,0.2275,0.0693,1,8,2,58,0.7114,0.3928,1,0,0,0.0,1,0,0.14463
HP000611,2025-09-01,RET-202509,NORTHEAST,EMAIL,STANDARD,682,45,0,0.0,60.51,0.1772,0.0306,1,7,0,39,0.7123,0.3563,1,0,0,0.0,0,0,0.078637
HP002923,2025-10-01,RET-202510,MIDWEST,SMS,STANDARD,1053,26,1,53.59,51.55,0.1714,0.0444,4,6,1,29,0.2532,0.4687,1,0,0,0.0,0,0,0.052052
HP002500,2025-12-01,RET-202512,MIDWEST,EMAIL,STANDARD,1929,15,0,0.0,61.18,0.152,0.0217,0,7,0,29,0.3213,0.3987,1,0,0,0.0,1,0,0.052029
HP003038,2026-04-01,RET-202604,NORTHEAST,EMAIL,PLUS,524,35,3,201.76,64.79,0.1309,0.0352,1,6,1,51,0.5258,0.4061,1,0,0,0.0,0,0,0.053088
HP003164,2025-10-01,RET-202510,NORTHEAST,EMAIL,PLUS,466,8,1,83.94,77.94,0.1863,0.0506,1,5,0,62,0.8366,0.3642,1,0,0,0.0,1,0,0.120554
HP003485,2025-10-01,RET-202510,MIDWEST,PUSH,PLUS,1172,40,5,186.56,48.36,0.2222,0.0404,5,8,1,62,0.5002,0.3678,1,0,0,0.0,0,0,0.060793
HP004552,2026-04-01,RET-202604,NORTHEAST,PUSH,STANDARD,1341,11,3,127.34,40.66,0.281,0.089,0,5,1,38,0.4889,0.4165,1,0,0,0.0,1,0,0.059248
HP002937,2026-04-01,RET-202604,WEST,EMAIL,STANDARD,1155,84,1,98.83,77.05,0.0877,0.0208,0,4,0,5,0.7356,0.366,1,0,0,0.0,0,0,0.023919
HP004724,2026-01-01,RET-202601,SOUTH,PUSH,PLUS,1146,22,1,73.62,72.45,0.4301,0.1034,2,12,1,31,0.5897,0.3519,1,0,0,0.0,0,0,0.057261
HP000762,2026-07-01,RET-202607,MIDWEST,EMAIL,PLUS,2024,38,1,46.83,53.39,0.2379,0.047,0,10,0,59,0.4403,0.4089,1,0,0,0.0,1,0,0.034962
HP005711,2026-06-01,RET-202606,MIDWEST,EMAIL,STANDARD,1715,20,2,123.79,,0.1283,0.0127,0,10,1,89,0.2302,0.4481,1,0,0,0.0,0,0,0.042704
HP003305,2026-02-01,RET-202602,NORTHEAST,SMS,STANDARD,256,18,4,143.26,28.19,0.7723,0.3883,2,5,2,40,0.6166,0.3901,1,0,0,0.0,0,0,0.14984
HP001363,2026-06-01,RET-202606,NORTHEAST,PUSH,PLUS,1904,23,2,130.56,72.87,0.6608,0.2535,7,2,1,12,0.6813,0.3728,1,0,0,0.0,1,0,0.113617
HP000416,2026-06-01,RET-202606,MIDWEST,EMAIL,PREMIUM,373,24,1,139.72,122.83,0.1462,0.0252,1,10,0,56,0.6849,0.3352,1,0,0,0.0,0,0,0.109656
HP003382,2026-07-01,RET-202607,NORTHEAST,EMAIL,STANDARD,1543,30,0,0.0,50.71,0.1916,0.0356,1,6,0,49,0.291,0.4298,1,0,0,0.0,0,0,0.037225
HP001176,2026-06-01,RET-202606,SOUTH,EMAIL,PREMIUM,1647,75,5,518.03,99.83,0.201,0.0388,1,2,0,29,0.3739,0.3863,1,0,0,0.0,1,0,0.041435
HP003391,2026-02-01,RET-202602,WEST,EMAIL,PLUS,845,29,1,48.95,47.89,0.5344,0.0733,1,8,0,56,0.413,0.4209,1,0,0,0.0,0,0,0.050111
HP001601,2026-03-01,RET-202603,MIDWEST,PUSH,PREMIUM,1450,30,7,529.27,93.47,0.1273,0.0263,4,5,0,55,0.3481,0.4423,1,0,0,0.0,0,0,0.069737
HP003053,2026-02-01,RET-202602,MIDWEST,SMS,PREMIUM,2144,20,4,327.78,73.47,0.1633,0.0156,1,5,0,10,0.1571,0.4735,1,0,0,0.0,0,0,0.056246
HP005859,2026-02-01,RET-202602,NORTHEAST,EMAIL,PREMIUM,527,7,7,736.11,,0.426,0.117,2,10,0,31,0.505,0.4333,1,0,0,0.0,0,0,0.205544
HP002810,2026-04-01,RET-202604,MIDWEST,SMS,STANDARD,1979,147,0,0.0,,0.0498,0.0038,1,8,0,119,0.2134,0.5051,1,0,0,0.0,0,0,0.009928
HP003999,2026-06-01,RET-202606,NORTHEAST,PUSH,PREMIUM,1323,21,1,84.95,72.18,0.719,0.2047,4,2,0,40,0.1655,0.4674,1,0,0,0.0,0,0,0.085071
HP001509,2026-01-01,RET-202601,WEST,EMAIL,STANDARD,1457,38,2,106.03,58.06,0.0327,0.003,1,10,0,88,0.5062,0.3689,1,0,0,0.0,1,0,0.041056
HP002501,2026-02-01,RET-202602,SOUTH,EMAIL,PREMIUM,1328,16,2,148.26,67.17,0.2867,0.1073,2,8,0,40,0.2887,0.4333,1,0,0,0.0,0,0,0.071552
HP002795,2026-07-01,RET-202607,NORTHEAST,EMAIL,PLUS,2258,8,2,217.08,88.33,0.6121,0.325,1,9,5,70,0.6234,0.4003,1,0,0,0.0,1,0,0.155748
HP003725,2026-06-01,RET-202606,WEST,PUSH,PREMIUM,701,15,6,911.4,137.09,0.39,0.154,3,4,0,41,0.3625,0.3828,1,0,0,0.0,0,0,0.192946
HP002531,2025-12-01,RET-202512,MIDWEST,EMAIL,PLUS,470,71,0,0.0,32.77,0.0534,0.0051,1,5,1,67,0.3766,0.4467,1,0,0,0.0,0,0,0.039779
HP002202,2026-07-01,RET-202607,WEST,EMAIL,STANDARD,789,95,0,0.0,33.57,0.1621,0.0344,3,7,0,45,0.4233,0.3938,1,0,0,0.0,0,0,0.022225
HP001298,2026-06-01,RET-202606,WEST,PUSH,STANDARD,1435,74,0,0.0,50.05,0.3078,0.0417,1,2,0,32,0.3549,0.4088,1,0,0,0.0,0,0,0.02329
HP000051,2025-09-01,RET-202509,WEST,SMS,STANDARD,79,3,0,0.0,25.18,0.4824,0.1185,1,12,0,15,0.4808,0.3896,1,0,0,0.0,0,0,0.028471
HP003752,2026-05-01,RET-202605,west,EMAIL,PREMIUM,987,51,5,433.09,77.03,0.2703,0.0948,1,6,0,38,0.7401,0.3753,1,0,0,0.0,1,0,0.117537
HP002445,2026-04-01,RET-202604,NORTHEAST,EMAIL,STANDARD,1472,69,1,98.67,93.82,,0.0126,1,4,0,24,0.1529,0.4413,1,0,0,0.0,0,0,0.025428
HP004921,2025-11-01,RET-202511,MIDWEST,EMAIL,STANDARD,746,17,2,104.06,52.05,0.2408,0.0538,2,5,1,19,0.2393,0.4715,1,0,0,0.0,1,0,0.08164
HP002126,2026-04-01,RET-202604,SOUTH,SMS,PLUS,2158,9,3,242.95,82.76,0.2394,0.0307,3,2,0,86,0.0933,0.4806,1,0,0,0.0,1,0,0.050625
HP002868,2026-08-01,RET-202608,SOUTH,EMAIL,STANDARD,2074,28,0,0.0,53.37,0.2103,0.0459,2,9,0,55,0.3364,0.4222,1,0,0,0.0,0,0,0.040385
HP003657,2025-10-01,RET-202510,WEST,EMAIL,STANDARD,104,24,1,32.88,31.25,0.6717,0.2651,4,8,3,43,0.5292,0.4075,1,0,0,0.0,1,1,0.10629
HP000050,2026-08-01,RET-202608,SOUTH,PUSH,PLUS,2137,34,3,144.77,62.81,0.4638,0.1845,6,5,0,36,0.209,0.4498,1,0,0,0.0,1,1,0.051538
HP003003,2026-01-01,RET-202601,NORTHEAST,EMAIL,PLUS,742,11,4,293.52,66.2,0.1271,0.0352,1,7,0,26,0.351,0.397,1,0,0,0.0,0,0,0.059133
HP003957,2026-03-01,RET-202603,MIDWEST,PUSH,STANDARD,1149,20,0,0.0,73.89,0.1502,0.0388,3,8,1,30,0.7736,0.32,1,0,1,49.36,0,0,0.053884
HP003281,2025-09-01,RET-202509,WEST,SMS,PLUS,65,7,3,241.71,83.1,0.3272,0.0662,3,6,0,44,0.2429,0.4294,1,0,0,0.0,1,0,0.062137
HP003969,2026-08-01,RET-202608,SOUTH,EMAIL,PLUS,1947,7,3,192.54,72.23,0.3921,0.1119,2,6,1,97,0.4309,0.4176,1,0,0,0.0,1,0,0.07654
HP005838,2026-04-01,RET-202604,WEST,PUSH,PLUS,916,8,2,152.75,89.92,0.6216,0.2707,3,10,4,7,0.44,0.4191,1,0,0,0.0,0,0,0.061838
HP000376,2025-10-01,RET-202510,SOUTH,EMAIL,PLUS,150,15,1,56.62,59.7,0.1338,0.0177,1,7,1,66,0.1967,0.435,1,0,0,0.0,0,0,0.054023
HP005156,2026-07-01,RET-202607,NORTHEAST,SMS,PLUS,1761,16,3,240.27,90.47,0.7306,0.3488,1,9,3,78,0.7937,0.3311,1,0,0,0.0,1,0,0.222537
HP003870,2025-10-01,RET-202510,NORTHEAST,SMS,STANDARD,1492,9,1,30.37,36.49,0.3165,0.0418,2,2,0,13,0.0412,0.5135,1,0,1,31.21,0,0,0.048083
HP003879,2026-01-01,RET-202601,NORTHEAST,PUSH,PLUS,938,19,5,249.16,59.78,0.8558,0.56,5,8,1,69,0.1899,0.4684,1,0,0,0.0,0,0,0.139151
HP003850,2026-08-01,RET-202608,WEST,EMAIL,STANDARD,1599,20,0,0.0,20.16,0.3439,0.117,1,10,3,89,0.5247,0.3824,1,0,0,0.0,0,0,0.063824
HP003487,2025-10-01,RET-202510,MIDWEST,EMAIL,STANDARD,892,109,3,129.65,47.36,0.2542,0.0393,2,5,0,17,0.1515,0.4975,1,0,0,0.0,0,0,0.023203
HP005707,2025-12-01,RET-202512,WEST,SMS,STANDARD,701,39,1,59.67,62.3,0.0858,0.0133,2,10,0,23,0.3227,0.4664,1,0,0,0.0,0,0,0.065836
HP001811,2026-07-01,RET-202607,MIDWEST,EMAIL,PREMIUM,1821,11,2,222.21,121.87,0.0835,0.0097,0,2,0,32,0.051,0.4816,1,0,0,0.0,0,0,0.04902
HP003854,2026-08-01,RET-202608,NORTHEAST,SMS,PLUS,1331,33,2,148.99,79.23,0.1645,0.0254,1,5,0,23,0.1018,0.4378,1,0,0,0.0,0,0,0.032707
HP004981,2026-05-01,RET-202605,MIDWEST,SMS,PLUS,349,6,2,76.24,44.6,0.697,0.2946,2,7,1,42,0.7594,0.3712,1,0,0,0.0,0,0,0.2009
HP005906,2026-03-01,RET-202603,WEST,PUSH,PREMIUM,1477,17,4,445.32,110.38,0.4291,0.161,2,5,0,75,0.4119,0.3968,1,0,0,0.0,0,0,0.095838
HP001224,2026-07-01,RET-202607,NORTHEAST,EMAIL,STANDARD,2227,18,2,69.85,31.65,0.5546,0.1805,3,7,1,48,0.4524,0.3549,1,0,0,0.0,1,0,0.091701
HP002270,2026-06-01,RET-202606,SOUTH,SMS,STANDARD,1984,174,0,0.0,47.49,0.025,0.0013,0,3,0,15,0.3314,0.4515,1,0,0,0.0,0,0,0.006808
HP005655,2026-02-01,RET-202602,NORTHEAST,SMS,PREMIUM,905,12,2,78.77,53.3,0.7688,0.1613,1,12,1,18,0.0711,0.4711,1,0,0,0.0,1,0,0.093895
HP003654,2025-11-01,RET-202511,SOUTH,SMS,PREMIUM,1862,56,2,125.22,73.62,0.185,0.0207,2,2,0,27,0.2172,0.4407,1,0,0,0.0,1,0,0.050557
HP002900,2026-04-01,RET-202604,SOUTH,EMAIL,STANDARD,1915,30,0,0.0,40.75,0.7776,0.4653,6,2,0,36,0.5104,0.3971,1,0,0,0.0,1,1,0.080655
HP001739,2026-06-01,RET-202606,MIDWEST,SMS,PREMIUM,1827,5,7,278.0,42.32,0.6075,0.3417,3,6,2,26,0.2415,0.4572,1,0,1,45.42,1,1,0.182876
HP004862,2025-10-01,RET-202510,SOUTH,EMAIL,PLUS,590,21,2,189.22,96.44,0.3997,0.1308,1,11,1,26,0.8294,0.3589,1,0,1,142.46,1,0,0.074179
HP001549,2026-04-01,RET-202604,MIDWEST,SMS,STANDARD,2054,31,1,70.75,75.25,0.0637,0.0101,1,6,0,83,0.2293,0.4195,1,0,0,0.0,0,0,0.033166
HP002326,2026-03-01,RET-202603,WEST,PUSH,STANDARD,803,21,2,124.11,59.58,0.2726,0.0496,3,6,0,11,0.2054,0.4475,1,0,0,0.0,0,0,0.046112
HP005180,2026-02-01,RET-202602,NORTHEAST,SMS,PLUS,583,2,4,134.5,40.45,0.4136,0.1112,3,7,1,88,0.172,0.4496,1,0,0,0.0,1,1,0.076087
HP003208,2025-11-01,RET-202511,NORTHEAST,SMS,STANDARD,1036,30,0,0.0,67.71,0.3202,0.079,2,5,0,52,0.4139,0.4112,1,0,0,0.0,0,0,0.053919
HP003778,2025-10-01,RET-202510,WEST,PUSH,PLUS,1693,4,1,83.87,91.42,0.1515,0.0296,1,11,1,45,0.3809,0.3924,1,0,0,0.0,0,0,0.054988
HP005568,2026-05-01,RET-202605,NORTHEAST,EMAIL,STANDARD,1048,10,5,350.83,63.35,0.4621,0.1566,3,4,1,32,0.719,0.3464,1,0,0,0.0,1,0,0.231592
HP003958,2026-01-01,RET-202601,WEST,SMS,PREMIUM,607,25,3,399.75,110.16,0.274,0.0647,1,3,0,42,0.4547,0.3987,1,0,0,0.0,0,0,0.060906
HP001526,2026-07-01,RET-202607,WEST,SMS,STANDARD,1881,15,2,109.44,50.75,0.269,0.0752,2,9,2,62,0.6767,0.34,1,0,0,0.0,0,0,0.120707
HP005974,2026-05-01,RET-202605,MIDWEST,EMAIL,PLUS,369,13,1,106.0,122.13,0.2637,0.0442,1,9,0,14,0.0963,0.4944,1,0,0,0.0,0,0,0.02149
HP002154,2026-01-01,RET-202601,WEST,EMAIL,STANDARD,1613,52,3,260.4,82.06,0.1355,0.0361,1,7,2,8,0.4634,0.3664,1,0,0,0.0,0,0,0.051224
HP005222,2026-04-01,RET-202604,MIDWEST,SMS,STANDARD,1335,13,2,67.18,36.94,0.252,0.0516,3,11,1,38,0.3661,0.4573,1,0,0,0.0,0,0,0.055929
HP004379,2025-12-01,RET-202512,NORTHEAST,EMAIL,PLUS,512,9,2,123.42,56.58,0.1843,0.052,5,4,0,121,0.775,0.3512,1,0,1,65.36,1,0,0.167157
HP003996,2025-11-01,RET-202511,NORTHEAST,EMAIL,PLUS,1553,71,3,493.54,174.52,0.1006,0.0144,2,8,0,32,0.4404,0.3743,1,0,0,0.0,0,0,0.04294
HP004279,2026-05-01,RET-202605,NORTHEAST,SMS,PLUS,2125,7,3,160.15,46.48,0.5534,0.2067,2,3,0,49,0.2361,0.4157,1,0,1,51.18,0,0,0.079639
HP002191,2026-07-01,RET-202607,SOUTH,PUSH,PLUS,886,21,2,117.92,54.08,0.0594,0.0058,2,4,0,40,0.2692,0.4998,1,0,0,0.0,0,0,0.039189
HP005928,2026-05-01,RET-202605,MIDWEST,EMAIL,PREMIUM,1355,55,5,481.15,103.48,0.1284,0.0256,4,7,0,118,0.3817,0.4145,1,0,0,0.0,0,0,0.054943
HP000726,2026-04-01,RET-202604,NORTHEAST,EMAIL,STANDARD,509,25,0,0.0,61.95,0.4912,0.1218,2,8,1,28,0.1973,0.4723,1,0,0,0.0,0,0,0.053982
HP003618,2026-01-01,RET-202601,NORTHEAST,EMAIL,STANDARD,301,38,0,0.0,74.71,0.4434,0.0819,2,12,2,5,0.4999,0.4803,1,0,0,0.0,1,0,0.025558
HP004726,2026-08-01,RET-202608,MIDWEST,PUSH,PREMIUM,1502,27,6,567.14,108.79,0.6638,0.2876,5,9,3,8,0.3883,0.4016,1,0,0,0.0,1,0,0.119626
HP002033,2025-10-01,RET-202510,SOUTH,EMAIL,STANDARD,1480,11,2,143.47,73.49,0.7722,0.4581,7,3,0,46,0.2606,0.458,1,0,0,0.0,1,0,0.129311
HP003751,2026-03-01,RET-202603,SOUTH,SMS,PLUS,1532,108,3,129.29,41.6,0.4205,0.0616,1,2,0,56,0.1762,0.454,1,0,0,0.0,1,0,0.020206
HP004539,2026-05-01,RET-202605,NORTHEAST,EMAIL,PLUS,1596,72,3,340.45,110.27,0.371,0.0675,2,8,1,38,0.11,0.473,1,0,0,0.0,1,0,0.035777
HP002943,2025-09-01,RET-202509,SOUTH,SMS,STANDARD,584,43,3,245.92,78.78,0.0636,0.0054,1,8,1,14,0.1249,0.5084,1,0,0,0.0,0,0,0.038641
HP003406,2026-04-01,RET-202604,NORTHEAST,EMAIL,STANDARD,473,124,0,0.0,49.87,0.0813,0.0055,0,12,0,69,0.0765,0.4815,1,0,0,0.0,0,0,0.012098
HP001549,2025-10-01,RET-202510,MIDWEST,SMS,STANDARD,1874,30,3,277.71,83.8,0.1717,0.0305,0,7,0,30,0.427,0.4059,1,0,0,0.0,0,0,0.040212
HP005835,2026-07-01,RET-202607,NORTHEAST,EMAIL,PREMIUM,1929,5,8,871.7,90.51,0.5611,0.2697,3,10,2,11,0.4308,0.4016,1,0,0,0.0,0,0,0.177859
HP005002,2026-08-01,RET-202608,NORTHEAST,EMAIL,PLUS,1810,53,2,183.8,86.25,0.0405,0.0028,0,12,0,14,0.0413,0.4766,1,0,0,0.0,0,0,0.011651
HP002752,2026-05-01,RET-202605,MIDWEST,EMAIL,STANDARD,1407,42,1,87.96,78.43,0.1918,0.0267,1,6,1,29,0.2743,0.4563,1,0,0,0.0,1,0,0.041211
HP001462,2025-11-01,RET-202511,SOUTH,SMS,STANDARD,1062,44,0,0.0,64.22,0.2497,0.0423,0,2,0,45,0.1306,0.4645,1,0,1,55.32,0,0,0.03501
HP001454,2025-11-01,RET-202511,WEST,EMAIL,PLUS,635,14,5,227.32,55.29,0.4536,0.1266,2,7,1,65,0.1585,0.4368,1,0,0,0.0,1,0,0.146887
HP004318,2026-08-01,RET-202608,WEST,EMAIL,STANDARD,1325,23,2,139.28,77.87,0.0918,0.0109,0,6,0,59,0.2812,0.4073,1,0,0,0.0,0,0,0.037109
HP004208,2026-01-01,RET-202601,MIDWEST,PUSH,PREMIUM,1500,9,8,883.7,108.93,0.4607,0.1584,0,9,2,107,0.2038,0.4362,1,0,0,0.0,1,0,0.229134
HP004112,2026-04-01,RET-202604,WEST,SMS,PLUS,1999,12,1,75.87,87.55,0.3,0.0876,3,5,0,22,0.4744,0.3942,1,0,0,0.0,0,0,0.053361
HP005113,2025-12-01,RET-202512,WEST,EMAIL,STANDARD,1536,7,0,0.0,36.77,0.1213,0.0208,2,4,0,42,0.6728,0.4126,1,0,0,0.0,0,0,0.189858
HP004633,2026-05-01,RET-202605,WEST,EMAIL,PLUS,709,1,4,327.66,74.97,0.5827,0.2395,3,8,1,65,0.5534,0.3842,1,0,0,0.0,1,0,0.128655
HP002111,2026-08-01,RET-202608,MIDWEST,EMAIL,PLUS,1257,3,1,55.79,48.02,0.4884,0.1322,2,12,0,130,0.3549,0.3982,1,0,0,0.0,1,0,0.063148
HP003296,2025-09-01,RET-202509,WEST,EMAIL,PLUS,738,38,5,453.77,85.28,0.2945,0.0974,4,3,1,112,0.615,0.3926,1,0,0,0.0,1,0,0.090699
HP004386,2026-05-01,RET-202605,NORTHEAST,EMAIL,STANDARD,2173,33,1,64.85,77.72,0.3967,0.1115,1,3,2,77,0.2866,0.4556,1,0,1,74.84,0,0,0.079976
HP004837,2026-04-01,RET-202604,NORTHEAST,EMAIL,STANDARD,1443,16,2,180.9,96.56,0.4026,0.135,2,10,1,14,0.382,0.4285,1,0,0,0.0,0,0,0.031614
HP003090,2026-08-01,RET-202608,NORTHEAST,EMAIL,STANDARD,1652,47,1,42.16,45.13,0.2082,0.023,1,5,0,56,0.1885,0.4408,1,0,0,0.0,1,0,0.031663
HP005862,2025-12-01,RET-202512,WEST,EMAIL,STANDARD,1195,10,0,0.0,92.21,0.179,0.0176,2,12,0,59,0.2262,0.4698,1,0,0,0.0,0,0,0.091373
HP005240,2026-05-01,RET-202605,SOUTH,PUSH,PLUS,544,4,5,535.22,109.46,0.6636,0.219,6,3,1,37,0.4136,0.463,1,0,1,149.0,0,0,0.146053
HP002203,2026-04-01,RET-202604,WEST,EMAIL,PREMIUM,1614,24,4,323.63,73.44,0.6839,0.3524,5,11,2,27,0.3349,0.4249,1,0,0,0.0,0,0,0.124822
HP004983,2025-09-01,RET-202509,SOUTH,EMAIL,PLUS,769,85,0,0.0,107.97,0.1426,0.0169,0,2,0,31,0.6684,0.4052,1,0,0,0.0,0,0,0.024287
HP000058,2026-08-01,RET-202608,SOUTH,EMAIL,STANDARD,720,14,3,230.23,75.26,0.1404,0.0202,0,5,0,87,0.2882,0.45,1,0,0,0.0,1,0,0.043709
HP005215,2026-07-01,RET-202607,SOUTH,PUSH,STANDARD,1771,26,1,30.77,29.2,0.1306,0.0117,4,10,0,66,0.3399,0.4409,1,0,0,0.0,0,0,0.039721
HP003448,2025-09-01,RET-202509,SOUTH,EMAIL,STANDARD,803,14,2,105.14,55.13,0.1248,0.0216,1,12,1,8,0.2309,0.4367,1,0,0,0.0,0,0,0.026347
HP000428,2026-02-01,RET-202602,SOUTH,EMAIL,STANDARD,1313,54,2,124.03,66.81,0.2608,0.0629,2,3,0,26,0.5633,0.4184,1,0,0,0.0,1,0,0.041709
HP001157,2026-07-01,RET-202607,SOUTH,PUSH,STANDARD,2278,49,4,165.36,42.69,0.3064,0.0623,4,2,0,122,0.0644,0.5126,1,0,0,0.0,0,0,0.037461
HP002607,2025-11-01,RET-202511,NORTHEAST,EMAIL,STANDARD,1087,8,4,167.03,35.35,0.4086,0.1573,7,3,1,14,0.516,0.4007,1,0,0,0.0,1,0,0.182522
HP002054,2025-11-01,RET-202511,MIDWEST,EMAIL,PLUS,707,9,5,406.86,75.71,0.719,0.2377,3,9,1,21,0.0749,0.4688,1,0,0,0.0,1,1,0.147392
HP004139,2026-04-01,RET-202604,SOUTH,SMS,PLUS,1835,40,3,302.84,112.6,0.2954,0.0575,1,5,1,95,0.4407,0.4264,1,0,0,0.0,1,0,0.048449
HP002623,2026-05-01,RET-202605,SOUTH,EMAIL,STANDARD,683,53,0,0.0,73.45,0.3615,0.0677,2,3,0,42,0.6281,0.364,1,0,0,0.0,1,0,0.038625
HP002259,2026-02-01,RET-202602,SOUTH,EMAIL,PLUS,527,35,4,351.36,89.23,0.6812,0.2609,1,10,1,78,0.6219,0.3909,1,0,0,0.0,0,0,0.077969
HP002475,2026-06-01,RET-202606,SOUTH,EMAIL,STANDARD,1398,10,2,91.33,51.38,0.7024,0.2179,2,10,2,24,0.6679,0.3674,1,0,0,0.0,1,0,0.115944
HP003887,2026-01-01,RET-202601,SOUTH,EMAIL,PLUS,1070,30,1,154.68,134.58,0.1065,0.027,1,7,2,38,0.7869,0.3682,1,0,0,0.0,0,0,0.115507
HP001757,2026-03-01,RET-202603,NORTHEAST,SMS,PLUS,1820,15,2,112.32,54.56,0.7314,0.4339,5,10,2,67,0.4406,0.4567,1,0,0,0.0,1,0,0.123514
HP002299,2025-11-01,RET-202511,SOUTH,PUSH,PLUS,1027,74,2,51.08,30.29,0.1323,0.0403,1,5,0,52,0.9385,0.3639,1,0,0,0.0,0,0,0.07756
HP005801,2025-10-01,RET-202510,SOUTH,EMAIL,STANDARD,668,12,2,81.53,41.05,0.3455,0.1481,0,2,1,23,0.5897,0.4132,1,0,1,45.07,1,0,0.095759
HP004009,2025-10-01,RET-202510,MIDWEST,EMAIL,PLUS,453,41,3,98.39,39.01,0.2566,0.0395,1,6,0,38,0.2779,0.4412,1,0,0,0.0,0,0,0.044629
HP001213,2026-02-01,RET-202602,MIDWEST,PUSH,PREMIUM,1229,7,1,74.34,61.47,0.2928,0.0767,2,9,4,27,0.1831,0.4906,1,0,0,0.0,1,0,0.092383
HP001761,2025-10-01,RET-202510,MIDWEST,EMAIL,STANDARD,1091,20,1,73.95,76.05,0.2534,0.041,1,2,0,65,0.187,0.4555,1,0,1,61.55,1,0,0.047678
HP000889,2026-06-01,RET-202606,NORTHEAST,EMAIL,STANDARD,557,18,3,115.66,43.96,0.2893,0.0822,3,3,0,48,0.4236,0.4291,1,0,0,0.0,0,0,0.059729
HP002749,2025-10-01,RET-202510,SOUTH,EMAIL,STANDARD,1683,38,1,74.68,76.54,0.0485,,1,6,0,32,0.2948,0.4306,1,0,0,0.0,0,0,0.03798
HP001272,2025-09-01,RET-202509,MIDWEST,EMAIL,STANDARD,1864,20,0,0.0,113.81,0.4318,0.1033,1,8,3,18,0.4969,0.4124,1,0,0,0.0,0,0,0.078209
HP001627,2026-05-01,RET-202605,SOUTH,EMAIL,STANDARD,341,24,3,180.59,58.0,0.0182,0.0014,1,12,1,42,0.1546,0.4589,1,0,0,0.0,0,0,0.045083
HP004949,2026-06-01,RET-202606,MIDWEST,EMAIL,STANDARD,2214,6,1,59.59,58.29,0.6632,0.2935,3,2,0,58,0.8902,0.3331,1,0,0,0.0,0,0,0.198637
HP003521,2026-03-01,RET-202603,MIDWEST,EMAIL,PLUS,1800,8,4,108.06,24.44,0.5442,0.1956,3,6,1,66,0.4882,0.3956,1,0,0,0.0,0,0,0.120433
HP003166,2026-03-01,RET-202603,NORTHEAST,SMS,PLUS,584,27,3,179.74,76.16,0.5582,0.1827,2,7,0,4,0.3535,0.416,1,0,0,0.0,0,0,0.056247
HP003409,2025-11-01,RET-202511,NORTHEAST,SMS,STANDARD,1705,28,2,119.65,54.59,0.2656,0.0621,2,10,1,24,0.571,0.42,1,0,0,0.0,1,0,0.068005
HP000849,2025-11-01,RET-202511,SOUTH,EMAIL,PLUS,1673,24,5,303.63,55.76,0.3241,0.1073,2,3,0,29,0.6229,0.4295,1,0,0,0.0,0,0,0.089943
HP003389,2026-04-01,RET-202604,SOUTH,PUSH,PLUS,670,13,2,116.76,59.21,0.39,0.1395,0,5,2,24,0.756,0.4028,1,0,0,0.0,0,0,0.077071
HP005511,2026-05-01,RET-202605,WEST,EMAIL,STANDARD,1812,12,5,473.82,97.05,0.2024,0.0557,4,12,2,24,0.5578,0.4009,1,0,0,0.0,0,0,0.084063
HP003586,2026-01-01,RET-202601,SOUTH,EMAIL,PREMIUM,2005,9,1,62.65,73.05,0.2625,0.0914,1,5,0,24,0.6204,0.3825,1,0,0,0.0,0,0,0.076493
HP005627,2026-04-01,RET-202604,NORTHEAST,SMS,STANDARD,440,80,2,161.14,77.2,0.051,0.0027,2,4,0,90,0.132,0.4772,1,0,0,0.0,0,0,0.021817
HP003285,2026-07-01,RET-202607,SOUTH,EMAIL,STANDARD,382,64,0,0.0,120.59,0.0733,0.0104,1,9,0,98,0.6327,0.3848,1,0,0,0.0,0,0,0.028328
HP001986,2026-01-01,RET-202601,SOUTH,EMAIL,PREMIUM,209,32,1,137.5,121.89,0.0937,0.0211,0,9,1,21,0.9134,0.3418,1,0,0,0.0,0,0,0.060513
HP000043,2026-04-01,RET-202604,WEST,EMAIL,PREMIUM,1398,17,6,542.17,80.49,0.0826,0.0157,0,7,1,47,0.5903,0.4249,1,0,0,0.0,1,0,0.079928
HP001858,2026-07-01,RET-202607,WEST,SMS,PLUS,837,10,2,151.12,83.21,0.4844,0.089,1,10,1,55,0.3624,0.4114,1,0,1,98.13,1,0,0.056999
HP000239,2026-01-01,RET-202601,MIDWEST,EMAIL,STANDARD,832,7,1,25.03,30.54,0.4691,0.141,2,10,1,32,0.1864,0.452,1,0,0,0.0,1,0,0.068548
HP004593,2026-05-01,RET-202605,NORTHEAST,EMAIL,PLUS,1664,31,1,121.25,98.63,0.0208,0.0011,1,5,0,9,0.2434,0.4527,1,0,1,94.33,0,0,0.036212
HP005997,2026-05-01,RET-202605,NORTHEAST,PUSH,PLUS,427,24,2,131.24,53.51,0.6404,0.2928,4,10,1,16,0.4103,0.4106,1,0,0,0.0,0,0,0.033819
HP003733,2026-08-01,RET-202608,SOUTH,EMAIL,STANDARD,2263,14,3,384.94,125.57,,0.0045,0,5,0,67,0.0811,0.5096,1,0,0,0.0,1,0,0.039071
HP005828,2025-10-01,RET-202510,SOUTH,EMAIL,STANDARD,264,20,1,71.74,54.42,0.2843,0.0817,2,3,0,39,0.2865,0.4573,1,0,0,0.0,0,0,0.053669
HP001390,2026-06-01,RET-202606,NORTHEAST,EMAIL,STANDARD,963,89,0,0.0,112.57,0.0342,,0,9,1,12,0.291,0.4364,1,0,0,0.0,0,0,0.009033
HP003452,2025-09-01,RET-202509,NORTHEAST,PUSH,PLUS,651,18,0,0.0,56.93,0.1922,0.0309,2,8,1,31,0.2818,0.4545,1,0,0,0.0,0,0,0.048988
HP001096,2026-02-01,RET-202602,WEST,EMAIL,PLUS,1722,8,7,500.22,70.33,0.467,0.1015,3,6,1,43,0.1942,0.448,1,0,0,0.0,1,0,0.096878
HP002728,2026-06-01,RET-202606,MIDWEST,EMAIL,PREMIUM,2111,7,6,498.54,85.97,0.4909,0.2161,3,6,1,137,0.4693,0.3662,1,0,0,0.0,1,0,0.158003
HP004891,2025-10-01,RET-202510,MIDWEST,EMAIL,PREMIUM,1894,10,4,440.17,105.01,0.5365,0.1467,3,5,0,22,0.3447,0.4395,1,0,0,0.0,1,0,0.102076
HP005110,2026-08-01,RET-202608,NORTHEAST,SMS,PLUS,2263,40,2,173.23,80.06,0.5511,0.1802,4,8,0,30,0.1263,0.4861,1,0,0,0.0,1,0,0.043816
HP000328,2026-01-01,RET-202601,NORTHEAST,PUSH,PLUS,1736,14,2,88.0,45.09,0.4411,0.2332,3,7,3,27,0.766,0.4007,1,0,1,31.89,1,1,0.12878
HP003400,2026-01-01,RET-202601,WEST,SMS,PLUS,1791,17,2,91.38,43.89,0.5904,0.1531,2,10,2,38,0.458,0.4087,1,0,0,0.0,0,0,0.089636
HP002336,2026-05-01,RET-202605,MIDWEST,PUSH,STANDARD,1233,31,1,47.75,46.32,0.2475,0.1083,7,11,3,60,0.4346,0.4451,1,0,0,0.0,1,0,0.061358
HP001787,2025-12-01,RET-202512,WEST,PUSH,PLUS,1633,6,1,45.11,,0.425,0.1201,1,10,2,33,0.6944,0.4215,1,0,0,0.0,0,0,0.235492
HP002550,2026-05-01,RET-202605,SOUTH,EMAIL,PREMIUM,790,12,3,303.55,98.56,0.406,0.1208,3,6,2,62,0.779,0.3779,1,0,1,134.84,1,0,0.221472
HP005143,2026-04-01,RET-202604,SOUTH,EMAIL,PREMIUM,1021,8,5,657.9,117.54,0.1952,0.0678,2,10,3,50,0.5769,0.3901,1,0,1,78.88,0,0,0.213791
HP000928,2025-09-01,RET-202509,WEST,EMAIL,PLUS,1015,25,2,207.03,115.95,0.4706,0.1935,3,9,2,55,0.3854,0.4635,1,0,0,0.0,0,0,0.081706
HP002289,2026-06-01,RET-202606,MIDWEST,PUSH,STANDARD,1022,11,3,128.62,43.26,0.633,,1,9,1,16,0.7111,0.4015,1,0,0,0.0,0,0,0.04645
HP002136,2026-05-01,RET-202605,MIDWEST,PUSH,PLUS,1012,43,6,559.22,70.84,0.1506,0.0184,0,4,0,32,0.462,0.4096,1,0,0,0.0,0,0,0.037999
HP001008,2026-07-01,RET-202607,MIDWEST,EMAIL,PLUS,1247,46,2,143.15,73.05,0.2308,0.0377,2,5,1,26,0.2608,0.4419,1,0,0,0.0,0,0,0.044735
HP005227,2026-08-01,RET-202608,SOUTH,EMAIL,PLUS,2204,5,3,344.24,105.95,0.4574,0.1485,3,8,0,94,0.2044,0.4756,1,0,0,0.0,0,0,0.067975
HP005432,2025-10-01,RET-202510,MIDWEST,EMAIL,PLUS,1801,19,2,139.64,62.87,0.2111,0.0474,1,5,0,50,0.5218,0.3792,1,0,0,0.0,1,0,0.056048
HP004049,2026-07-01,RET-202607,SOUTH,EMAIL,PLUS,2130,34,1,56.84,61.58,0.1107,0.0113,0,2,0,15,0.2711,0.4721,1,0,0,0.0,0,0,0.032126
HP005860,2026-02-01,RET-202602,MIDWEST,PUSH,PLUS,783,13,1,85.69,,0.4634,0.1594,5,11,1,96,0.2402,0.422,1,0,1,85.18,0,0,0.078386
HP001745,2025-10-01,RET-202510,WEST,PUSH,PLUS,2029,12,0,0.0,31.62,0.3846,0.0757,3,5,0,33,0.1486,0.502,1,0,0,0.0,0,0,0.049839
HP004146,2025-12-01,RET-202512,MIDWEST,PUSH,PLUS,243,39,3,343.67,95.46,,0.0751,1,9,0,23,0.3804,0.4225,1,0,0,0.0,0,0,0.054938
HP004461,2026-03-01,RET-202603,SOUTH,PUSH,STANDARD,1317,19,6,132.05,23.24,0.3976,0.1407,7,6,0,7,0.702,0.3696,1,0,0,0.0,1,1,0.083112
HP004470,2026-08-01,RET-202608,NORTHEAST,EMAIL,PREMIUM,2203,15,0,0.0,93.05,0.2545,0.0647,2,9,2,48,0.2141,0.4647,1,0,0,0.0,0,0,0.069203
HP003916,2026-08-01,RET-202608,MIDWEST,EMAIL,STANDARD,514,20,2,119.34,51.96,0.5282,0.2039,1,7,0,79,0.7752,0.3684,1,0,0,0.0,0,0,0.148646
HP005504,2026-01-01,RET-202601,NORTHEAST,SMS,STANDARD,544,33,1,67.82,57.05,0.0613,0.0075,2,8,0,33,0.2906,0.4074,1,0,0,0.0,0,0,0.035959
HP003294,2026-08-01,RET-202608,WEST,EMAIL,STANDARD,1544,28,1,81.52,70.52,0.6011,0.1323,2,2,0,82,0.7436,0.4075,1,0,0,0.0,1,0,0.10922
HP001904,2026-05-01,RET-202605,NORTHEAST,EMAIL,PLUS,788,15,2,176.13,81.84,0.1853,0.0488,1,3,0,49,0.6512,0.3666,1,0,0,0.0,1,0,0.103766
HP004271,2026-08-01,RET-202608,WEST,EMAIL,PLUS,1729,9,2,129.02,66.11,0.5755,0.2384,3,12,3,22,0.3857,0.435,1,0,0,0.0,1,0,0.110807
HP000795,2026-01-01,RET-202601,NORTHEAST,EMAIL,PLUS,277,35,2,124.41,70.27,0.432,0.1033,2,6,0,32,0.5301,0.4388,1,0,0,0.0,0,0,0.054419
HP005618,2025-11-01,RET-202511,MIDWEST,EMAIL,PREMIUM,128,13,3,252.73,77.61,0.2051,0.042,1,12,2,24,0.5506,0.3899,1,0,0,0.0,0,0,0.111073
HP005970,2026-08-01,RET-202608,NORTHEAST,EMAIL,PREMIUM,1520,7,6,507.41,99.87,0.414,0.1795,1,3,1,16,0.8385,0.3827,1,0,0,0.0,1,0,0.174573
HP000091,2026-06-01,RET-202606,NORTHEAST,SMS,STANDARD,353,25,1,57.96,49.36,0.4971,0.1474,1,7,0,68,0.8525,0.3778,1,0,0,0.0,1,0,0.100226
HP000390,2025-11-01,RET-202511,SOUTH,EMAIL,STANDARD,493,36,2,173.1,96.49,0.217,0.0629,1,6,1,9,0.3255,0.4032,1,0,0,0.0,0,0,0.065348
HP004609,2025-09-01,RET-202509,MIDWEST,PUSH,STANDARD,439,40,0,0.0,45.98,0.0231,0.0014,0,10,0,48,0.3458,0.4331,1,0,0,0.0,0,0,0.02864
HP000341,2025-11-01,RET-202511,SOUTH,SMS,PLUS,1721,68,4,181.23,51.64,0.45,0.1673,5,6,3,50,0.5304,0.4007,1,0,0,0.0,0,0,0.090976
HP000839,2026-04-01,RET-202604,MIDWEST,EMAIL,STANDARD,958,25,0,0.0,54.86,0.2361,0.064,0,5,1,82,0.5731,0.4006,1,0,0,0.0,0,0,0.049445
HP002172,2026-08-01,RET-202608,WEST,PUSH,PREMIUM,2110,14,4,293.9,67.61,0.578,0.1912,4,6,0,29,0.3388,0.4384,1,0,0,0.0,0,0,0.103119
HP003643,2026-06-01,RET-202606,MIDWEST,EMAIL,PREMIUM,1044,33,6,659.9,100.56,0.5451,0.2248,1,7,1,101,0.3841,0.4219,1,0,0,0.0,0,0,0.175882
HP000338,2026-01-01,RET-202601,SOUTH,PUSH,STANDARD,209,16,3,252.86,72.12,0.7139,0.4015,6,9,3,55,0.5028,0.4126,1,0,0,0.0,0,0,0.148187
HP001508,2026-02-01,RET-202602,NORTHEAST,EMAIL,PLUS,548,2,4,230.1,58.27,0.8247,0.4862,9,11,2,3,0.2129,0.4419,1,0,0,0.0,1,1,0.091046
HP001026,2026-06-01,RET-202606,WEST,SMS,PLUS,434,30,4,150.59,50.69,0.5332,0.1755,2,6,1,23,0.4897,0.431,1,0,0,0.0,1,0,0.066448
HP000579,2025-09-01,RET-202509,MIDWEST,SMS,PREMIUM,124,14,4,288.99,71.47,0.7322,0.2277,1,3,0,20,0.3503,0.4285,1,0,0,0.0,1,0,0.113565
HP005476,2026-03-01,RET-202603,WEST,SMS,PLUS,1420,9,1,73.12,84.29,0.4744,0.1742,1,10,2,16,0.7834,0.3473,1,0,0,0.0,0,0,0.044987
HP004266,2026-08-01,RET-202608,WEST,SMS,PREMIUM,992,20,7,528.09,83.42,0.4148,0.1736,0,3,0,55,0.493,0.4367,1,0,0,0.0,1,0,0.09093
HP005772,2026-08-01,RET-202608,NORTHEAST,EMAIL,PLUS,1677,86,0,0.0,71.62,0.162,0.0264,0,4,0,47,0.6338,0.3978,1,0,0,0.0,0,0,0.02102
HP002192,2025-09-01,RET-202509,NORTHEAST,SMS,PLUS,393,10,1,29.2,23.48,0.3738,0.1475,2,8,4,25,0.7561,0.3577,1,0,0,0.0,0,0,0.103422
HP000332,2026-06-01,RET-202606,NORTHEAST,SMS,PLUS,1022,51,1,55.79,64.48,0.462,0.1226,1,4,0,71,0.462,0.4579,1,0,0,0.0,1,0,0.035602
HP003540,2026-01-01,RET-202601,MIDWEST,PUSH,PLUS,1745,4,6,585.06,118.04,0.3706,0.1235,4,2,0,31,0.2471,0.4343,1,0,0,0.0,0,0,0.077485
HP000321,2026-08-01,RET-202608,NORTHEAST,SMS,STANDARD,1877,14,3,132.9,56.17,0.5559,0.183,2,3,0,29,0.4021,0.3963,1,0,0,0.0,1,0,0.074627
HP000015,2026-06-01,RET-202606,WEST,PUSH,PLUS,590,5,2,199.54,100.56,0.6552,0.1703,1,12,3,51,0.1536,0.4768,1,0,0,0.0,1,0,0.088629
HP005545,2025-11-01,RET-202511,MIDWEST,EMAIL,STANDARD,1347,92,1,37.92,39.41,0.17,0.0152,1,10,1,39,0.4039,0.4181,1,0,0,0.0,0,0,0.033367
HP004758,2026-01-01,RET-202601,WEST,EMAIL,PLUS,701,22,8,399.35,57.78,0.8534,0.5971,6,2,0,21,0.4904,0.4163,1,0,0,0.0,1,1,0.148076
HP000637,2026-01-01,RET-202601,WEST,PUSH,PLUS,1823,4,2,207.59,108.64,0.5708,0.2338,7,12,1,10,0.1866,0.4718,1,0,0,0.0,0,0,0.048814
HP002584,2026-04-01,RET-202604,NORTHEAST,EMAIL,STANDARD,622,24,4,291.09,63.86,0.4784,0.1698,2,8,1,57,0.256,0.4479,1,0,0,0.0,1,0,0.070546
HP003991,2026-04-01,RET-202604,MIDWEST,PUSH,PLUS,1489,7,1,54.43,48.18,0.1693,0.0321,0,2,0,28,0.4576,0.3794,1,0,1,39.96,0,0,0.042371
HP004260,2025-11-01,RET-202511,MIDWEST,EMAIL,STANDARD,1553,19,0,0.0,26.04,0.2825,0.0447,1,2,0,82,0.2972,0.4493,1,0,0,0.0,1,0,0.059394
HP002804,2025-09-01,RET-202509,WEST,EMAIL,STANDARD,688,76,0,0.0,30.6,0.3569,0.0483,1,2,0,91,0.1386,0.4727,1,0,0,0.0,0,0,0.027277
HP001977,2026-05-01,RET-202605,SOUTH,EMAIL,PLUS,2185,11,1,89.94,79.68,,0.1649,2,4,1,90,0.6392,0.394,1,0,0,0.0,1,0,0.103018
HP004761,2026-05-01,RET-202605,SOUTH,EMAIL,STANDARD,624,12,3,98.48,24.15,0.5559,0.1776,2,6,0,44,0.1767,0.4973,1,0,0,0.0,0,0,0.081613
HP003214,2026-08-01,RET-202608,SOUTH,PUSH,PLUS,1865,42,4,291.56,72.51,0.6934,0.2828,3,9,1,88,0.3652,0.4269,1,0,0,0.0,1,0,0.062543
HP003941,2026-05-01,RET-202605,MIDWEST,EMAIL,PLUS,2093,26,1,73.34,68.96,0.4308,0.1178,3,5,2,61,0.5066,0.4241,1,0,0,0.0,1,0,0.079368
HP003918,2025-12-01,RET-202512,SOUTH,SMS,STANDARD,1282,5,3,161.84,58.1,0.4464,0.0649,2,6,0,22,0.0954,0.5257,1,0,0,0.0,0,0,0.07296
HP005728,2025-12-01,RET-202512,SOUTH,EMAIL,PLUS,1592,25,2,86.66,46.77,0.547,0.1622,0,7,0,48,0.5734,0.3642,1,0,0,0.0,1,0,0.071413
HP005223,2025-10-01,RET-202510,MIDWEST,EMAIL,STANDARD,819,3,2,110.23,54.56,0.2813,,1,12,0,17,0.793,0.3681,1,0,0,0.0,0,0,0.073101
HP004804,2026-05-01,RET-202605,MIDWEST,EMAIL,PLUS,1163,20,2,167.73,78.48,0.1238,0.0281,1,8,1,23,0.8577,0.4039,1,0,0,0.0,0,0,0.061008
HP005508,2026-01-01,RET-202601,MIDWEST,PUSH,PREMIUM,1766,11,4,246.88,66.33,0.4254,0.205,2,8,1,20,0.8654,0.3476,1,0,0,0.0,1,0,0.135747
HP003086,2026-01-01,RET-202601,MIDWEST,SMS,STANDARD,693,4,2,272.41,141.55,0.3477,0.0977,1,2,0,51,0.238,0.4713,1,0,0,0.0,1,0,0.055012
HP000717,2025-11-01,RET-202511,WEST,EMAIL,PLUS,936,2,7,289.29,42.62,0.7191,0.4791,5,11,8,107,0.702,0.3548,1,0,1,53.74,1,0,0.640883
HP004454,2026-03-01,RET-202603,WEST,EMAIL,PLUS,1555,21,3,281.19,90.18,0.1867,0.0349,0,8,0,12,0.1373,0.4483,1,0,0,0.0,0,0,0.042438
HP004807,2026-06-01,RET-202606,MIDWEST,SMS,PREMIUM,497,14,2,84.6,42.04,0.6926,0.3003,4,8,2,94,0.7157,0.3662,1,0,0,0.0,1,0,0.254303
HP000166,2025-11-01,RET-202511,WEST,SMS,PREMIUM,866,22,2,160.61,86.85,0.3539,0.109,5,6,0,18,0.6687,0.3879,1,0,0,0.0,0,0,0.142061
HP001215,2026-05-01,RET-202605,NORTHEAST,EMAIL,PREMIUM,1960,23,6,326.47,,0.4422,0.1279,3,12,1,26,0.1676,0.4656,1,0,0,0.0,1,0,0.090287
HP001538,2026-07-01,RET-202607,WEST,EMAIL,PLUS,1758,6,2,237.01,112.76,0.4348,0.1491,3,9,1,35,0.2258,0.4559,1,0,0,0.0,1,0,0.071468
HP003164,2026-07-01,RET-202607,NORTHEAST,EMAIL,PLUS,736,25,3,154.93,45.04,0.1906,0.0543,0,7,2,127,0.6805,0.3785,1,0,0,0.0,0,0,0.113653
HP001291,2026-07-01,RET-202607,NORTHEAST,EMAIL,STANDARD,2004,22,0,0.0,46.91,0.188,0.0325,1,10,1,50,0.6963,0.3971,1,0,0,0.0,1,0,0.094176
HP005319,2026-07-01,RET-202607,SOUTH,PUSH,PREMIUM,963,9,4,268.25,58.91,0.6368,0.3529,9,8,1,43,0.2708,0.4213,1,0,0,0.0,1,0,0.149535
HP002969,2025-12-01,RET-202512,SOUTH,EMAIL,PLUS,1216,12,10,428.88,49.55,0.3757,0.1264,2,12,1,21,0.5449,0.4408,1,0,0,0.0,0,0,0.136197
HP004676,2026-02-01,RET-202602,NORTHEAST,EMAIL,PREMIUM,1630,8,6,515.33,77.27,0.2775,0.1437,0,9,4,78,0.776,0.3918,1,0,0,0.0,1,0,0.243986
HP002755,2026-02-01,RET-202602,WEST,EMAIL,STANDARD,327,24,1,49.89,58.55,0.6231,0.1981,2,4,0,44,0.5603,0.4385,1,0,0,0.0,0,0,0.065152
HP002029,2026-08-01,RET-202608,NORTHEAST,PUSH,STANDARD,1649,20,2,124.33,55.69,0.4556,0.1254,1,9,2,72,0.5751,0.4158,1,0,1,50.24,1,0,0.0624
HP004192,2026-05-01,RET-202605,NORTHEAST,PUSH,STANDARD,569,81,1,48.94,51.16,0.1956,0.0251,2,7,0,49,0.317,0.4395,1,0,0,0.0,0,0,0.022904
HP003320,2025-10-01,RET-202510,SOUTH,EMAIL,PLUS,1032,17,3,75.97,27.02,0.4833,0.1503,2,10,2,35,0.6269,0.369,1,0,0,0.0,0,0,0.110657
HP004407,2025-10-01,RET-202510,WEST,SMS,STANDARD,1195,13,1,71.78,83.95,0.1589,0.0639,2,8,1,15,0.5633,0.3837,1,0,0,0.0,0,0,0.059439
HP002856,2026-08-01,RET-202608,NORTHEAST,PUSH,PLUS,994,36,2,144.84,81.82,0.0333,0.003,0,5,0,57,0.3851,0.429,1,0,0,0.0,0,0,0.029427
HP003949,2026-01-01,RET-202601,NORTHEAST,EMAIL,STANDARD,1507,46,0,0.0,74.07,0.0435,0.0051,0,9,1,15,0.4542,0.4129,1,0,0,0.0,0,0,0.01563
HP005401,2026-06-01,RET-202606,NORTHEAST,EMAIL,PLUS,519,33,3,316.55,95.49,0.1952,0.0629,1,2,0,15,0.8721,0.3967,1,0,0,0.0,0,0,0.052951
HP000854,2026-01-01,RET-202601,SOUTH,EMAIL,PLUS,1339,32,2,82.07,45.37,0.5159,0.1765,3,3,1,123,0.5486,0.388,1,0,0,0.0,1,0,0.084811
HP001639,2026-05-01,RET-202605,MIDWEST,EMAIL,PLUS,655,13,2,205.87,83.33,0.4352,0.1484,1,10,1,49,0.5384,0.4182,1,0,0,0.0,1,0,0.069278
HP002828,2025-09-01,RET-202509,SOUTH,EMAIL,PREMIUM,615,7,0,0.0,63.02,0.3604,0.1116,5,3,2,21,0.5057,0.3991,1,0,0,0.0,0,0,0.155681
HP000131,2026-03-01,RET-202603,SOUTH,SMS,PLUS,275,13,2,159.92,83.0,0.6516,0.3156,0,2,1,18,0.6914,0.3565,1,0,0,0.0,0,0,0.124664
HP003799,2026-02-01,RET-202602,NORTHEAST,EMAIL,PLUS,1301,14,4,183.7,47.35,0.487,0.1819,1,8,2,44,0.1813,0.4558,1,0,0,0.0,1,0,0.102067
HP004698,2026-08-01,RET-202608,SOUTH,SMS,PREMIUM,1352,7,3,156.79,50.11,0.5892,0.2096,4,5,0,118,0.2921,0.4444,1,0,0,0.0,0,0,0.104774
HP004268,2026-03-01,RET-202603,west,EMAIL,STANDARD,1589,21,2,136.18,65.75,0.4679,0.1084,3,7,2,93,0.4489,0.4257,1,0,0,0.0,0,0,0.079845
HP004395,2025-12-01,RET-202512,WEST,EMAIL,STANDARD,318,21,0,0.0,53.81,0.5944,0.2072,2,8,2,28,0.2704,0.4757,1,0,0,0.0,1,0,0.161652
HP002457,2025-11-01,RET-202511,WEST,SMS,STANDARD,1587,13,3,298.54,,0.6858,0.2636,2,10,5,35,0.5466,0.4007,1,0,0,0.0,1,0,0.24948
HP001659,2025-12-01,RET-202512,WEST,EMAIL,PLUS,1377,1,5,421.7,93.11,0.799,0.3976,6,7,3,9,0.2179,0.4789,1,0,0,0.0,1,1,0.336592
HP005863,2026-05-01,RET-202605,NORTHEAST,PUSH,STANDARD,592,26,1,56.02,63.45,0.303,0.0595,1,9,0,3,0.5,0.4284,1,0,0,0.0,0,0,0.019722
HP000288,2025-09-01,RET-202509,WEST,SMS,STANDARD,1643,84,0,0.0,68.81,0.1278,0.0256,2,4,1,67,0.3451,0.4474,1,0,0,0.0,0,0,0.029009
HP001410,2026-05-01,RET-202605,SOUTH,SMS,PLUS,1846,12,2,251.78,117.11,0.1687,0.0238,1,6,0,38,0.7265,0.3868,1,0,0,0.0,0,0,0.095669
HP004723,2026-07-01,RET-202607,MIDWEST,EMAIL,PLUS,1031,16,0,0.0,53.78,0.839,0.4818,1,3,2,18,0.5895,0.4204,1,0,0,0.0,0,0,0.170088
HP001530,2026-02-01,RET-202602,NORTHEAST,PUSH,PLUS,1642,5,2,207.66,104.79,0.3219,0.1212,2,6,0,25,0.5708,0.4094,1,0,1,166.32,1,0,0.063294
HP000601,2026-08-01,RET-202608,NORTHEAST,EMAIL,STANDARD,2266,47,1,117.54,,0.2026,0.0631,0,6,2,45,0.5052,0.4488,1,0,0,0.0,0,0,0.043941
HP004803,2026-05-01,RET-202605,WEST,EMAIL,STANDARD,481,28,1,37.22,40.84,0.2473,,1,4,0,27,0.1076,0.4337,1,0,0,0.0,0,0,0.039026
HP002147,2026-05-01,RET-202605,WEST,SMS,PREMIUM,2077,25,5,712.91,141.16,0.0831,0.0142,1,2,0,89,0.8435,0.3476,1,0,0,0.0,0,0,0.223252
HP005760,2025-09-01,RET-202509,SOUTH,PUSH,PLUS,875,53,6,369.44,61.59,0.1479,0.0181,3,11,1,19,0.4199,0.4034,1,0,1,48.37,1,0,0.049288
HP004479,2026-04-01,RET-202604,NORTHEAST,EMAIL,PLUS,1973,12,2,247.25,115.67,0.3045,0.1129,2,7,0,69,0.7097,0.3959,1,0,0,0.0,0,0,0.12399
HP003542,2026-02-01,RET-202602,NORTHEAST,SMS,PLUS,857,10,1,32.62,33.77,0.6242,0.3155,1,4,2,34,0.7884,0.3639,1,0,0,0.0,1,0,0.241933
HP002619,2026-07-01,RET-202607,SOUTH,SMS,PLUS,2134,38,1,85.59,90.47,0.5156,0.2108,0,6,3,30,0.7427,0.3772,1,0,1,53.95,0,0,0.066803
HP004925,2026-04-01,RET-202604,SOUTH,SMS,STANDARD,1106,19,1,61.76,62.87,0.0384,0.0063,4,6,0,92,0.5043,0.3989,1,0,0,0.0,0,0,0.044995
HP004620,2026-05-01,RET-202605,MIDWEST,EMAIL,PREMIUM,1392,10,1,45.27,46.88,,,0,11,3,50,0.4068,0.4242,1,0,1,38.99,1,0,0.118208
HP000261,2026-03-01,RET-202603,NORTHEAST,SMS,PLUS,1276,68,1,56.39,58.44,0.1246,0.0233,1,10,0,15,0.3572,0.4203,1,0,0,0.0,1,0,0.011705
HP005626,2025-10-01,RET-202510,south,PUSH,PLUS,413,25,2,150.06,78.49,0.0896,0.0194,1,6,1,6,0.335,0.4389,1,0,0,0.0,0,0,0.048755
HP002366,2026-02-01,RET-202602,NORTHEAST,EMAIL,PLUS,1546,35,1,70.37,86.98,0.1816,0.0365,2,4,2,68,0.6948,0.3889,1,0,0,0.0,0,0,0.136253
HP002740,2025-12-01,RET-202512,WEST,PUSH,STANDARD,1267,19,3,79.31,28.82,0.8194,0.3112,3,8,2,5,0.4771,0.4101,1,0,0,0.0,1,0,0.211334
HP003224,2025-09-01,RET-202509,SOUTH,EMAIL,PREMIUM,1158,14,3,288.15,100.74,,0.1143,3,7,1,37,0.6476,0.3796,1,0,0,0.0,0,0,0.191173
HP003494,2026-02-01,RET-202602,NORTHEAST,EMAIL,STANDARD,458,7,3,152.81,45.07,0.2537,0.0844,3,2,0,36,0.5349,0.4223,1,0,0,0.0,0,0,0.071282
HP005916,2026-03-01,RET-202603,NORTHEAST,EMAIL,PREMIUM,1434,12,6,364.99,69.27,0.2872,0.0722,3,2,0,50,0.1498,0.4453,1,0,0,0.0,0,0,0.086656
HP001360,2026-04-01,RET-202604,NORTHEAST,EMAIL,PLUS,581,25,2,154.28,62.39,0.3367,0.073,2,11,1,42,0.4774,0.4064,1,0,0,0.0,0,0,0.058407
HP000084,2026-01-01,RET-202601,MIDWEST,PUSH,STANDARD,1016,31,1,86.73,89.38,0.399,0.0831,1,12,0,117,0.7419,0.3569,1,0,0,0.0,1,0,0.090064
HP002787,2026-04-01,RET-202604,WEST,EMAIL,STANDARD,646,6,1,54.95,66.95,0.0514,0.0087,2,4,0,20,0.799,0.2999,1,0,0,0.0,0,0,0.059176
HP001097,2026-01-01,RET-202601,NORTHEAST,EMAIL,PLUS,1659,17,4,179.52,47.34,0.4415,0.1422,2,9,1,20,0.6992,0.4052,1,0,0,0.0,0,0,0.085715
HP003554,2026-04-01,RET-202604,WEST,SMS,PREMIUM,2136,11,5,714.96,144.69,0.2932,0.078,1,2,1,55,0.2211,0.4319,1,0,0,0.0,0,0,0.199225
HP005606,2025-11-01,RET-202511,MIDWEST,SMS,PLUS,1825,26,2,62.78,36.33,0.1777,0.0517,4,3,0,31,0.8456,0.3286,1,0,0,0.0,0,0,0.071183
HP002777,2025-11-01,RET-202511,WEST,EMAIL,STANDARD,1130,24,0,0.0,72.19,0.4238,0.1014,1,4,0,32,0.2738,0.4501,1,0,0,0.0,0,0,0.090413
HP003197,2025-12-01,RET-202512,NORTHEAST,PUSH,PLUS,1228,42,0,0.0,63.13,0.0882,0.012,1,6,0,34,0.2346,0.4199,1,0,0,0.0,0,0,0.037856
HP005059,2025-10-01,RET-202510,NORTHEAST,SMS,STANDARD,234,15,2,171.07,85.79,0.371,0.0444,0,9,0,16,0.4565,0.4303,1,0,0,0.0,1,0,0.02248
HP005658,2026-06-01,RET-202606,NORTHEAST,PUSH,PLUS,1292,30,6,446.42,81.89,0.1916,0.0644,1,3,1,35,0.8258,0.3717,1,0,0,0.0,0,0,0.138479
HP004605,2025-10-01,RET-202510,MIDWEST,SMS,PLUS,284,28,5,374.09,69.19,0.6938,0.2934,1,6,2,24,0.3738,0.4498,1,0,1,117.32,1,1,0.095665
HP001402,2026-03-01,RET-202603,MIDWEST,EMAIL,PLUS,781,5,8,487.8,61.79,0.6385,0.2943,3,5,1,66,0.832,0.371,1,0,0,0.0,1,0,0.31031
HP003090,2026-01-01,RET-202601,NORTHEAST,EMAIL,STANDARD,1442,83,0,0.0,47.14,0.168,0.0243,2,6,0,51,0.2914,0.4319,1,0,0,0.0,0,0,0.024711
HP000355,2026-07-01,RET-202607,SOUTH,SMS,PREMIUM,1075,13,2,165.4,99.88,0.2869,0.0888,2,3,1,57,0.3756,0.4063,1,0,0,0.0,0,0,0.084271
HP005281,2025-09-01,RET-202509,NORTHEAST,PUSH,PREMIUM,1256,7,3,332.05,93.28,0.8759,0.4243,4,3,2,11,0.3049,0.45,1,0,0,0.0,1,0,0.249778
HP005794,2026-05-01,RET-202605,MIDWEST,EMAIL,STANDARD,388,30,0,0.0,96.14,0.5218,0.1839,4,11,1,36,0.7609,0.3482,1,0,0,0.0,1,0,0.123577
HP000583,2025-11-01,RET-202511,NORTHEAST,SMS,PLUS,692,3,0,0.0,92.64,0.45,0.0844,2,2,0,19,0.1585,0.4475,1,0,0,0.0,0,0,0.066877
HP005809,2026-08-01,RET-202608,WEST,EMAIL,PREMIUM,1928,15,4,446.66,122.69,0.5249,0.1125,1,6,0,44,0.4899,0.4026,1,0,0,0.0,1,0,0.081796
HP002727,2026-01-01,RET-202601,NORTHEAST,PUSH,PREMIUM,900,11,11,2032.38,,0.8185,0.4137,5,2,0,68,0.3814,0.4323,1,0,1,153.77,0,0,0.345716
HP001513,2026-05-01,RET-202605,SOUTH,EMAIL,STANDARD,1425,67,2,192.48,79.98,0.1378,0.0298,4,10,3,29,0.476,0.4082,1,0,0,0.0,1,0,0.04537
HP004275,2026-02-01,RET-202602,WEST,PUSH,PREMIUM,867,19,2,112.84,58.99,0.0975,0.0303,0,3,1,125,0.8081,0.391,1,0,0,0.0,0,0,0.138697
HP004659,2025-09-01,RET-202509,NORTHEAST,PUSH,STANDARD,1717,65,3,121.34,34.56,0.2592,0.0506,0,12,1,32,0.294,0.4299,1,0,0,0.0,1,0,0.031327
HP003524,2025-10-01,RET-202510,WEST,EMAIL,PREMIUM,1757,19,3,166.66,64.75,0.8902,0.4116,3,6,2,11,0.5215,0.3907,1,0,0,0.0,1,0,0.199055
HP003964,2025-11-01,RET-202511,WEST,EMAIL,PREMIUM,199,2,3,216.57,74.71,0.5084,0.2579,1,7,3,32,0.5902,0.4415,1,0,0,0.0,0,0,0.311435
HP001421,2025-12-01,RET-202512,WEST,EMAIL,STANDARD,1795,11,2,170.0,73.35,0.1334,0.028,3,11,1,29,0.5942,0.4261,1,0,0,0.0,0,0,0.124017
HP001251,2026-04-01,RET-202604,NORTHEAST,EMAIL,PLUS,1127,8,2,197.82,92.17,0.1968,0.0243,3,5,0,90,0.1612,0.4667,1,0,0,0.0,0,0,0.054565
HP003609,2026-06-01,RET-202606,NORTHEAST,SMS,PLUS,1881,16,3,185.21,59.34,0.8139,0.4618,2,10,5,13,0.782,0.3392,1,0,0,0.0,1,1,0.08495
HP003138,2026-03-01,RET-202603,SOUTH,EMAIL,PREMIUM,961,14,3,265.74,87.38,0.6879,0.3734,4,6,5,15,0.8167,0.3435,1,0,1,69.94,1,1,0.289925
HP000118,2025-11-01,RET-202511,MIDWEST,EMAIL,PLUS,1058,16,4,274.2,59.01,0.1861,0.034,2,2,0,13,0.2992,0.4698,1,0,1,32.83,0,0,0.075605
HP001093,2026-08-01,RET-202608,MIDWEST,EMAIL,PLUS,1952,6,2,142.28,63.78,0.3603,0.0973,1,9,0,63,0.1563,0.4633,1,0,0,0.0,1,0,0.054331
HP002053,2025-09-01,RET-202509,SOUTH,EMAIL,PLUS,1912,3,1,72.14,75.99,0.3643,0.1464,2,7,3,24,0.7149,0.3741,1,0,0,0.0,1,0,0.113498
HP003794,2026-03-01,RET-202603,NORTHEAST,PUSH,STANDARD,1936,14,2,101.41,43.08,0.6466,0.3047,8,10,2,59,0.5658,0.4167,1,0,0,0.0,1,0,0.122179
HP003943,2026-08-01,RET-202608,MIDWEST,EMAIL,PREMIUM,839,5,3,222.84,78.06,0.4563,0.1617,2,6,1,38,0.6042,0.3912,1,0,0,0.0,0,0,0.131241
HP005598,2026-01-01,RET-202601,SOUTH,SMS,STANDARD,2016,42,1,60.58,60.62,0.2388,0.0331,2,3,0,39,0.5158,0.4008,1,0,0,0.0,0,0,0.03826
HP004744,2025-09-01,RET-202509,WEST,PUSH,STANDARD,1987,13,1,68.64,74.93,,0.2682,6,12,0,39,0.1028,0.4849,1,0,0,0.0,1,1,0.085787
HP001541,2026-03-01,RET-202603,MIDWEST,PUSH,PLUS,1829,23,4,341.41,72.56,0.561,0.1833,1,4,0,64,0.4735,0.4255,1,0,1,110.99,1,1,0.061192
HP002631,2026-08-01,RET-202608,WEST,EMAIL,STANDARD,972,49,3,95.5,37.78,0.1048,0.0132,2,3,0,68,0.4604,0.429,1,0,0,0.0,0,0,0.037999
HP003607,2026-08-01,RET-202608,NORTHEAST,EMAIL,STANDARD,719,12,1,41.66,56.39,0.7072,0.2475,2,9,0,12,0.3167,0.4437,1,0,0,0.0,1,0,0.039337
HP004415,2025-09-01,RET-202509,WEST,SMS,PLUS,1814,3,6,301.74,55.28,0.6668,0.2367,4,7,1,3,0.4673,0.3864,1,0,0,0.0,1,0,0.142101
HP005299,2026-07-01,RET-202607,WEST,SMS,PLUS,570,13,4,340.02,97.42,0.3469,0.1121,3,4,1,64,0.4938,0.43,1,0,0,0.0,0,0,0.077289
HP002041,2026-06-01,RET-202606,WEST,EMAIL,PLUS,1250,14,3,265.06,88.34,0.5823,0.1988,6,11,1,35,0.3256,0.395,1,0,0,0.0,1,0,0.102341
HP001262,2026-07-01,RET-202607,SOUTH,EMAIL,STANDARD,1711,63,1,91.93,99.7,0.4196,0.0818,0,8,0,106,0.294,0.4301,1,0,0,0.0,0,0,0.028443
HP002046,2026-03-01,RET-202603,NORTHEAST,PUSH,PREMIUM,820,28,4,333.79,85.33,0.2757,0.0444,1,2,0,39,0.0786,0.4829,1,0,0,0.0,0,0,0.053151
HP002511,2026-01-01,RET-202601,MIDWEST,EMAIL,PREMIUM,253,6,7,298.71,44.32,0.8979,0.5806,7,7,2,74,0.3836,0.4286,1,0,0,0.0,1,0,0.283662
HP003515,2026-07-01,RET-202607,MIDWEST,EMAIL,STANDARD,376,12,1,40.03,48.88,0.1503,0.0521,1,9,2,50,0.5978,0.4278,1,0,0,0.0,0,0,0.062851
HP000997,2026-01-01,RET-202601,WEST,SMS,PREMIUM,901,29,1,57.54,49.35,0.2336,,3,11,0,83,0.0644,0.4945,1,0,0,0.0,0,0,0.049142
HP001665,2026-02-01,RET-202602,NORTHEAST,EMAIL,STANDARD,1970,3,1,84.95,77.52,0.1253,0.0145,1,9,0,80,0.765,0.2986,1,0,0,0.0,0,0,0.112893
HP005199,2025-11-01,RET-202511,NORTHEAST,EMAIL,PLUS,1985,56,4,307.18,78.7,0.1667,0.0347,2,7,0,30,0.0627,0.4482,1,0,0,0.0,0,0,0.047892
HP002257,2026-03-01,RET-202603,SOUTH,SMS,STANDARD,1885,55,1,43.9,,0.1954,0.0457,3,3,0,40,0.2219,0.4787,1,0,0,0.0,0,0,0.030867
HP004445,2026-07-01,RET-202607,SOUTH,EMAIL,PLUS,2077,19,4,92.24,25.42,0.2189,0.0543,1,5,0,51,0.2478,0.4498,1,0,0,0.0,1,0,0.051491
HP001471,2026-06-01,RET-202606,MIDWEST,EMAIL,STANDARD,2140,53,2,105.86,60.02,0.4305,0.0844,3,5,0,35,0.3088,0.4708,1,0,0,0.0,0,0,0.040958
HP000584,2026-08-01,RET-202608,NORTHEAST,EMAIL,PREMIUM,2127,7,7,435.86,71.49,0.7158,0.3717,2,9,3,54,0.5692,0.4028,1,0,0,0.0,1,0,0.216134
HP001439,2026-02-01,RET-202602,SOUTH,EMAIL,PREMIUM,713,14,1,86.3,80.21,0.2541,0.0476,2,11,0,88,0.4307,0.4287,1,0,0,0.0,0,0,0.068547
HP002357,2026-03-01,RET-202603,MIDWEST,PUSH,PLUS,1403,13,4,275.44,59.45,0.3876,0.1265,1,11,4,68,0.5846,0.391,1,0,0,0.0,0,0,0.087114
HP003768,2025-09-01,RET-202509,WEST,EMAIL,STANDARD,493,21,2,72.2,40.09,0.3256,0.0543,1,9,0,35,0.0549,0.4473,1,0,0,0.0,1,1,0.049848
HP001776,2025-09-01,RET-202509,WEST,SMS,PLUS,809,7,0,0.0,39.19,0.7636,0.2491,1,5,1,97,0.2856,0.4063,1,0,0,0.0,1,0,0.095411
HP000126,2025-11-01,RET-202511,WEST,EMAIL,STANDARD,1156,169,0,0.0,33.81,0.1157,0.0122,1,8,1,58,0.7646,0.4048,1,0,0,0.0,0,0,0.049046
HP003116,2026-02-01,RET-202602,SOUTH,SMS,PLUS,603,9,5,217.09,40.02,0.3759,0.1187,4,4,0,47,0.7049,0.3923,1,0,0,0.0,1,0,0.146621
HP002228,2025-12-01,RET-202512,SOUTH,PUSH,PLUS,1945,22,3,153.66,56.69,0.2113,0.0556,3,11,0,48,0.3623,0.4204,1,0,0,0.0,0,0,0.064913
HP000462,2026-05-01,RET-202605,MIDWEST,PUSH,STANDARD,2085,34,0,0.0,76.93,0.3337,0.0702,1,11,2,91,0.4218,0.411,1,0,0,0.0,1,0,0.043258
HP005722,2026-02-01,RET-202602,SOUTH,PUSH,STANDARD,982,90,3,128.62,44.81,0.1739,0.0265,1,10,0,97,0.3361,0.3988,1,0,0,0.0,0,0,0.023159
HP003551,2026-07-01,RET-202607,WEST,SMS,PLUS,972,15,4,192.12,42.1,0.403,0.2165,3,2,1,47,0.1363,0.4729,1,0,0,0.0,1,0,0.113018
HP004450,2026-03-01,RET-202603,WEST,EMAIL,PLUS,1753,18,1,73.57,69.03,0.5244,0.1804,1,8,1,55,0.2929,0.4267,1,0,0,0.0,1,0,0.078543
HP005401,2026-04-01,RET-202604,NORTHEAST,EMAIL,PLUS,459,3,0,0.0,95.93,0.2583,0.0872,2,2,0,79,0.5661,0.4281,1,0,0,0.0,0,0,0.060665
HP004552,2026-02-01,RET-202602,NORTHEAST,PUSH,STANDARD,1281,63,3,116.8,36.38,0.3963,0.1052,2,10,2,43,0.2363,0.4745,1,0,0,0.0,1,1,0.041783
HP001105,2026-05-01,RET-202605,MIDWEST,SMS,PLUS,1366,10,2,78.09,43.28,0.133,0.0184,2,4,1,72,0.2572,0.3845,1,0,0,0.0,1,0,0.057509
HP002045,2026-06-01,RET-202606,MIDWEST,SMS,STANDARD,605,55,3,73.14,24.23,0.1671,0.0302,3,6,1,105,0.6054,0.4061,1,0,0,0.0,1,1,0.042782
HP000647,2025-11-01,RET-202511,SOUTH,EMAIL,PLUS,1688,13,1,31.11,33.32,0.8053,0.4903,0,9,3,8,0.546,0.4489,1,0,0,0.0,0,0,0.084064
HP004329,2025-09-01,RET-202509,NORTHEAST,EMAIL,PREMIUM,749,19,6,409.68,74.09,0.4795,0.1096,2,9,0,31,0.1968,0.4387,1,0,0,0.0,1,0,0.093038
HP004136,2026-05-01,RET-202605,NORTHEAST,SMS,PLUS,898,40,0,0.0,40.8,0.4089,0.1379,2,4,0,22,0.4114,0.4307,1,0,0,0.0,0,0,0.038964
HP003842,2025-10-01,RET-202510,NORTHEAST,EMAIL,STANDARD,763,33,1,40.94,45.55,0.2193,0.0856,1,8,3,63,0.4918,0.3748,1,0,0,0.0,0,0,0.066676
HP002374,2026-03-01,RET-202603,MIDWEST,EMAIL,PLUS,301,16,4,300.24,93.77,0.704,0.3513,2,4,1,16,0.7244,0.3964,1,0,0,0.0,0,0,0.145973
HP002909,2026-06-01,RET-202606,WEST,PUSH,STANDARD,1216,93,1,44.9,41.17,0.1403,0.0307,0,7,0,15,0.7004,0.4128,1,0,0,0.0,0,0,0.01924
HP002435,2026-08-01,RET-202608,WEST,EMAIL,PREMIUM,2182,9,2,59.49,32.34,0.5711,0.2897,7,11,1,14,0.4308,0.434,1,0,0,0.0,0,0,0.068332
HP004353,2025-09-01,RET-202509,MIDWEST,SMS,PLUS,1872,26,2,98.26,48.02,0.4734,0.1492,1,7,1,34,0.2412,0.4737,1,0,0,0.0,0,0,0.057679
HP001634,2025-10-01,RET-202510,WEST,PUSH,STANDARD,1995,97,1,88.36,97.64,0.0369,0.0042,1,4,0,39,0.5915,0.4371,1,0,0,0.0,0,0,0.020911
HP004702,2026-03-01,RET-202603,NORTHEAST,EMAIL,PLUS,571,96,1,57.55,51.64,0.4241,0.0929,1,6,4,6,0.7203,0.3441,1,0,0,0.0,1,0,0.051845
HP003540,2026-07-01,RET-202607,MIDWEST,PUSH,PLUS,1925,7,4,255.56,51.13,0.5002,0.1721,0,10,0,47,0.1701,0.4398,1,0,0,0.0,0,0,0.066098
HP002377,2026-03-01,RET-202603,WEST,PUSH,PREMIUM,1877,1,5,196.48,46.39,0.3617,0.1518,2,10,3,16,0.3777,0.4108,1,0,0,0.0,0,0,0.07142
HP000187,2026-08-01,RET-202608,NORTHEAST,PUSH,PLUS,410,8,2,115.33,62.35,0.7805,0.4808,4,11,2,16,0.4334,0.4498,1,0,0,0.0,1,0,0.061462
HP003900,2025-11-01,RET-202511,MIDWEST,EMAIL,PLUS,1814,73,3,106.81,36.69,0.1716,0.0344,2,4,0,45,0.8104,0.3841,1,0,0,0.0,0,0,0.092859
HP001454,2025-12-01,RET-202512,WEST,EMAIL,PLUS,665,13,4,272.06,55.68,0.4224,0.1196,4,9,2,30,0.3003,0.4712,1,0,0,0.0,0,0,0.162236
HP003012,2026-07-01,RET-202607,MIDWEST,EMAIL,STANDARD,1085,18,4,346.29,99.24,0.4776,0.1037,3,3,0,19,0.2891,0.436,1,0,0,0.0,0,0,0.064047
HP001643,2025-10-01,RET-202510,WEST,EMAIL,PLUS,1398,26,3,427.24,126.63,0.654,0.2525,1,4,2,49,0.6942,0.3663,1,0,0,0.0,1,0,0.211582
HP001102,2025-09-01,RET-202509,MIDWEST,SMS,STANDARD,1225,19,2,125.18,,0.4441,0.0874,4,4,1,36,0.2228,0.4527,1,0,0,0.0,0,0,0.070901
HP000584,2025-12-01,RET-202512,NORTHEAST,EMAIL,PREMIUM,1887,5,5,238.52,51.35,0.9009,0.5205,3,10,3,41,0.283,0.4782,1,0,0,0.0,1,0,0.279348
HP003099,2025-11-01,RET-202511,WEST,EMAIL,STANDARD,903,26,1,82.1,84.54,0.1928,0.0382,1,7,0,55,0.62,0.3622,1,0,0,0.0,0,0,0.092658
HP002118,2026-05-01,RET-202605,MIDWEST,SMS,PREMIUM,1633,10,4,484.57,96.72,0.3949,0.1482,4,6,2,13,0.796,0.3626,1,0,1,202.1,0,0,0.127128
HP003241,2026-07-01,RET-202607,NORTHEAST,SMS,STANDARD,1145,6,1,21.96,23.09,0.1555,0.0242,4,6,0,27,0.077,0.4459,1,0,1,21.31,1,0,0.04494
HP002184,2025-09-01,RET-202509,NORTHEAST,SMS,PREMIUM,1981,2,1,95.3,85.74,0.2707,0.0663,2,5,0,62,0.5544,0.3724,1,0,0,0.0,0,0,0.077067
HP000734,2026-03-01,RET-202603,NORTHEAST,EMAIL,STANDARD,706,28,4,162.5,38.6,0.1163,0.0242,3,10,2,68,0.6173,0.396,1,0,0,0.0,0,0,0.068481
HP001767,2025-12-01,RET-202512,MIDWEST,EMAIL,PREMIUM,163,12,1,51.65,58.63,,0.1114,5,9,2,25,0.3816,0.4444,1,0,0,0.0,0,0,0.122102
HP003223,2026-02-01,RET-202602,SOUTH,EMAIL,PREMIUM,568,39,0,0.0,81.21,0.4689,0.1006,3,9,1,51,0.5086,0.3652,1,0,0,0.0,0,0,0.067017
HP005136,2026-06-01,RET-202606,WEST,SMS,PLUS,370,128,2,128.74,59.54,0.1987,0.0214,2,12,0,19,0.2123,0.4866,1,0,0,0.0,0,0,0.014506
HP005926,2025-12-01,RET-202512,NORTHEAST,SMS,PLUS,1500,39,1,60.21,59.67,0.0871,0.0193,3,11,1,110,0.7737,0.349,1,0,0,0.0,0,0,0.108044
HP001083,2026-03-01,RET-202603,NORTHEAST,SMS,PLUS,1470,38,2,195.0,90.0,0.0673,0.0056,0,2,0,26,0.2508,0.4715,1,0,0,0.0,0,0,0.029743
HP005387,2026-04-01,RET-202604,SOUTH,EMAIL,PREMIUM,1765,32,6,359.19,60.95,0.225,0.0482,1,12,1,136,0.2625,0.4725,1,0,1,58.7,0,0,0.07082
HP005793,2026-01-01,RET-202601,MIDWEST,SMS,PLUS,636,11,1,168.49,205.01,0.3506,0.1014,3,6,0,18,0.455,0.4126,1,0,0,0.0,1,0,0.056963
HP001992,2025-11-01,RET-202511,SOUTH,EMAIL,PLUS,1621,43,2,135.54,80.37,,0.0132,1,5,0,66,0.0972,0.4989,1,0,0,0.0,0,0,0.046594
HP004391,2026-08-01,RET-202608,WEST,SMS,PLUS,1599,16,1,51.91,,0.5334,0.1694,0,4,1,92,0.6443,0.3572,1,0,0,0.0,1,0,0.138373
HP000252,2025-10-01,RET-202510,MIDWEST,SMS,STANDARD,720,5,0,0.0,52.09,0.0946,0.013,2,2,0,17,0.7303,0.3936,1,0,0,0.0,0,0,0.054124
HP002094,2026-05-01,RET-202605,MIDWEST,SMS,STANDARD,1333,45,0,0.0,36.06,0.3867,0.0564,1,5,0,64,0.3607,0.4036,1,0,0,0.0,0,0,0.032478
HP001756,2026-01-01,RET-202601,MIDWEST,PUSH,PREMIUM,1373,37,7,564.69,88.44,0.2654,0.0695,3,7,1,8,0.2003,0.4664,1,0,0,0.0,0,0,0.144178
HP005944,2026-07-01,RET-202607,NORTHEAST,EMAIL,PREMIUM,380,8,4,209.72,65.16,0.2308,0.0362,1,9,1,54,0.1016,0.4357,1,0,0,0.0,0,0,0.074561
HP001633,2026-05-01,RET-202605,MIDWEST,EMAIL,STANDARD,1739,50,1,81.12,83.71,0.4076,0.0719,1,9,0,77,0.156,0.4374,1,0,0,0.0,1,0,0.034911
HP005626,2025-10-01,RET-202510,SOUTH,PUSH,PLUS,413,25,2,150.06,78.49,0.0896,0.0194,1,6,1,6,0.335,0.4389,1,0,0,0.0,0,0,0.048755
HP002359,2025-10-01,RET-202510,WEST,EMAIL,PLUS,1257,12,3,195.62,56.95,0.9042,0.4079,1,6,2,35,0.477,0.3938,1,0,0,0.0,1,0,0.159752
HP002123,2026-03-01,RET-202603,MIDWEST,PUSH,PLUS,2164,10,3,122.71,44.42,0.4947,0.114,3,5,0,98,0.0821,0.4662,1,0,0,0.0,1,1,0.058278
HP005128,2026-01-01,RET-202601,NORTHEAST,PUSH,STANDARD,673,88,1,89.36,81.2,0.0192,0.0017,1,10,1,36,0.718,0.399,1,0,0,0.0,0,0,0.048144
HP004374,2026-07-01,RET-202607,WEST,EMAIL,PLUS,1721,17,1,39.2,35.3,0.322,0.1464,0,6,1,30,0.8226,0.288,1,0,0,0.0,1,0,0.062321
HP003145,2026-08-01,RET-202608,MIDWEST,EMAIL,PLUS,1862,31,3,293.36,86.38,0.1808,0.0322,0,8,1,89,0.1374,0.4681,1,0,0,0.0,0,0,0.040495
HP005867,2026-05-01,RET-202605,NORTHEAST,EMAIL,STANDARD,1122,35,1,54.73,,0.2935,0.0629,2,11,1,40,0.8074,0.3252,1,0,0,0.0,1,0,0.101765
HP005079,2026-02-01,RET-202602,SOUTH,EMAIL,PREMIUM,883,12,2,134.54,63.56,0.1529,0.0461,2,9,1,53,0.2589,0.444,1,0,0,0.0,0,0,0.074422
HP001980,2026-07-01,RET-202607,SOUTH,EMAIL,STANDARD,913,40,3,203.23,74.17,0.0855,0.0162,2,11,0,52,0.7711,0.4186,1,0,0,0.0,0,0,0.087317
HP005649,2026-04-01,RET-202604,WEST,EMAIL,PLUS,1551,9,1,118.7,107.49,0.8136,0.3875,2,11,2,78,0.9119,0.3431,1,0,1,118.35,1,0,0.24405
HP005418,2025-10-01,RET-202510,MIDWEST,EMAIL,PLUS,1437,14,9,524.77,63.98,0.5266,0.1798,2,3,0,29,0.6071,0.3618,1,0,0,0.0,0,0,0.132077
HP002790,2025-12-01,RET-202512,NORTHEAST,PUSH,PREMIUM,810,38,2,153.39,64.27,0.093,0.0175,0,3,0,37,0.3894,0.4163,1,0,0,0.0,0,0,0.05207
HP005595,2026-08-01,RET-202608,MIDWEST,EMAIL,PLUS,470,30,6,486.78,77.32,0.5706,0.1857,3,3,0,14,0.4856,0.3377,1,0,0,0.0,0,0,0.073041
HP004595,2026-04-01,RET-202604,MIDWEST,EMAIL,STANDARD,814,9,2,147.39,69.47,0.2747,0.0587,2,11,2,69,0.5125,0.4082,1,0,0,0.0,0,0,0.072195
HP004264,2026-08-01,RET-202608,WEST,EMAIL,PLUS,1015,36,1,79.03,80.27,0.4034,0.069,3,2,0,55,0.3324,0.4423,1,0,0,0.0,0,0,0.044062
HP000685,2025-09-01,RET-202509,WEST,SMS,STANDARD,1651,17,3,189.39,70.54,,0.0869,1,5,0,36,0.4451,0.4162,1,0,0,0.0,0,0,0.058979
HP005104,2025-10-01,RET-202510,WEST,SMS,STANDARD,1974,23,0,0.0,35.16,,0.113,0,2,0,78,0.7193,0.4,1,0,0,0.0,1,0,0.088498
HP005403,2025-11-01,RET-202511,SOUTH,SMS,PLUS,360,61,1,46.41,48.17,0.368,0.0603,1,12,2,45,0.1349,0.4856,1,0,0,0.0,0,0,0.042942
HP005555,2026-08-01,RET-202608,MIDWEST,EMAIL,PREMIUM,412,6,1,69.86,63.81,,0.532,4,4,1,14,0.5593,0.4246,1,0,0,0.0,1,0,0.191516
HP002746,2026-04-01,RET-202604,NORTHEAST,SMS,STANDARD,886,38,6,209.48,27.47,0.2537,0.0727,2,3,0,60,0.3743,0.3961,1,0,0,0.0,0,0,0.04934
HP005453,2026-03-01,RET-202603,SOUTH,PUSH,PLUS,1480,27,1,49.9,46.74,0.0128,0.0011,0,4,0,21,0.4265,0.4439,1,0,0,0.0,0,0,0.032566
HP002490,2025-11-01,RET-202511,NORTHEAST,EMAIL,PLUS,586,14,0,0.0,67.52,0.2356,0.0666,1,2,0,11,0.3469,0.4356,1,0,0,0.0,0,0,0.063415
HP000043,2025-12-01,RET-202512,WEST,EMAIL,PREMIUM,1278,16,3,274.67,80.27,,0.0491,0,6,0,15,0.3061,0.4194,1,0,0,0.0,0,0,0.116802
HP005638,2025-11-01,RET-202511,SOUTH,SMS,PLUS,848,34,3,202.05,72.34,0.5353,0.2514,3,3,1,30,0.3783,0.4255,1,0,0,0.0,1,0,0.10079
HP004086,2026-08-01,RET-202608,MIDWEST,EMAIL,STANDARD,2015,32,0,0.0,74.95,0.2267,,2,4,0,43,0.2926,0.4625,1,0,0,0.0,0,0,0.037776
HP002502,2026-08-01,RET-202608,MIDWEST,SMS,PREMIUM,1132,4,7,671.55,,0.8941,0.5752,5,4,2,21,0.5354,0.3692,1,0,0,0.0,1,0,0.451897
HP002833,2026-06-01,RET-202606,SOUTH,PUSH,PLUS,1853,10,1,37.43,42.09,0.62,0.2531,5,4,1,18,0.3411,0.4747,1,0,0,0.0,1,0,0.102203
HP000822,2026-07-01,RET-202607,SOUTH,EMAIL,STANDARD,1532,26,5,255.47,53.53,0.89,0.4698,2,6,1,64,0.3753,0.4335,1,0,0,0.0,0,0,0.10682
HP000281,2025-09-01,RET-202509,SOUTH,SMS,STANDARD,969,119,0,0.0,87.44,0.228,0.0229,2,2,0,83,0.6861,0.3481,1,0,0,0.0,0,0,0.036533
HP000318,2026-03-01,RET-202603,MIDWEST,SMS,PLUS,421,8,4,111.52,28.14,0.315,0.0633,1,10,1,8,0.1059,0.4851,1,0,0,0.0,0,0,0.027447
HP003844,2026-05-01,RET-202605,MIDWEST,PUSH,PLUS,1719,31,2,179.93,106.86,0.1717,0.0308,3,3,0,25,0.6137,0.3984,1,0,0,0.0,0,0,0.044628
HP000807,2026-01-01,RET-202601,WEST,EMAIL,PREMIUM,764,43,5,520.37,93.25,0.3493,0.0838,0,4,2,58,0.6982,0.3983,1,0,0,0.0,1,0,0.179015
HP005923,2026-06-01,RET-202606,SOUTH,EMAIL,STANDARD,349,17,5,296.3,59.68,0.4779,0.1579,2,9,1,57,0.3948,0.3918,1,0,0,0.0,0,0,0.096675
HP004712,2026-08-01,RET-202608,MIDWEST,PUSH,PLUS,1249,15,6,198.62,42.0,0.2001,0.0518,4,8,2,13,0.5781,0.388,1,0,0,0.0,0,0,0.080214
HP000823,2025-11-01,RET-202511,WEST,SMS,STANDARD,1219,6,2,129.08,77.28,0.3538,0.0885,2,11,2,30,0.5629,0.3906,1,0,0,0.0,1,0,0.135522
HP004334,2025-11-01,RET-202511,NORTHEAST,EMAIL,STANDARD,1898,12,4,205.13,49.47,0.117,0.0199,3,6,0,75,0.3409,0.4165,1,0,0,0.0,0,0,0.079686
HP004147,2026-01-01,RET-202601,MIDWEST,EMAIL,PLUS,1039,5,3,307.28,110.68,0.3067,0.1047,3,5,1,20,0.3651,0.4266,1,0,0,0.0,1,0,0.085602
HP001426,2026-01-01,RET-202601,SOUTH,EMAIL,PLUS,1847,5,2,118.31,66.09,0.4087,0.1429,2,12,2,32,0.3927,0.4331,1,0,0,0.0,1,0,0.081775
HP005858,2025-10-01,RET-202510,MIDWEST,EMAIL,PLUS,1581,16,2,201.73,95.89,0.7676,0.3534,2,11,4,13,0.4624,0.4719,1,0,1,63.01,1,0,0.072289
HP005825,2026-01-01,RET-202601,NORTHEAST,SMS,STANDARD,1735,14,2,68.15,29.62,0.3749,0.1431,1,3,0,43,0.763,0.3453,1,0,0,0.0,1,0,0.115147
HP002787,2025-09-01,RET-202509,WEST,EMAIL,STANDARD,436,67,2,126.11,64.91,0.1586,0.0294,2,6,0,15,0.7527,0.3762,1,0,0,0.0,0,0,0.039295
HP005338,2025-11-01,RET-202511,SOUTH,PUSH,STANDARD,674,16,3,99.04,31.49,0.3172,0.1094,5,10,1,66,0.2238,0.4601,1,0,0,0.0,0,0,0.08234
HP000822,2026-01-01,RET-202601,SOUTH,EMAIL,STANDARD,1352,19,0,0.0,47.09,0.7277,0.3919,2,10,4,29,0.4732,0.4104,1,0,0,0.0,1,0,0.130878
HP003292,2026-03-01,RET-202603,SOUTH,EMAIL,PREMIUM,984,5,6,214.95,31.37,0.5739,0.2343,2,11,2,33,0.4585,0.4472,1,0,0,0.0,0,0,0.168074
HP005326,2026-06-01,RET-202606,SOUTH,SMS,STANDARD,1912,48,2,121.06,72.73,0.1005,0.0207,3,9,1,27,0.3307,0.4382,1,0,0,0.0,0,0,0.036678
HP004520,2026-04-01,RET-202604,WEST,SMS,STANDARD,979,50,2,110.82,52.18,0.0434,0.0045,2,3,0,4,0.164,0.4603,1,0,0,0.0,1,0,0.029508
HP003366,2026-08-01,RET-202608,MIDWEST,EMAIL,STANDARD,1545,28,0,0.0,47.23,0.3873,0.0766,2,10,0,72,0.2409,0.4552,1,0,0,0.0,0,0,0.042342
HP003180,2026-03-01,RET-202603,MIDWEST,SMS,STANDARD,569,30,2,140.53,74.58,0.2448,0.0699,3,8,2,43,0.3991,0.3959,1,0,1,118.22,0,0,0.056877
HP005164,2025-10-01,RET-202510,MIDWEST,EMAIL,PREMIUM,1197,1,3,243.17,69.13,0.2334,0.071,2,6,1,59,0.4074,0.4523,1,0,0,0.0,0,0,0.103837
HP001577,2026-04-01,RET-202604,NORTHEAST,SMS,PREMIUM,463,12,2,147.22,79.35,0.0601,0.0089,1,12,0,42,0.2964,0.4594,1,0,0,0.0,0,0,0.05382
HP001367,2026-06-01,RET-202606,MIDWEST,PUSH,PLUS,633,12,2,131.32,64.41,0.3807,0.0499,4,5,0,48,0.0632,0.522,1,0,0,0.0,0,0,0.049251
HP005284,2026-01-01,RET-202601,NORTHEAST,EMAIL,STANDARD,1544,19,1,39.44,38.33,0.2285,0.0581,2,6,0,25,0.4733,0.4567,1,0,0,0.0,0,0,0.053576
HP003855,2025-11-01,RET-202511,WEST,EMAIL,PLUS,1608,23,3,159.03,53.81,0.1427,0.0341,0,12,1,56,0.7439,0.3952,1,0,1,25.66,0,0,0.18622
HP005771,2026-08-01,RET-202608,SOUTH,PUSH,PLUS,1667,16,2,178.26,92.25,0.2106,0.0656,2,8,1,100,0.2821,0.426,1,0,0,0.0,1,0,0.050139
HP000884,2025-12-01,RET-202512,MIDWEST,EMAIL,PREMIUM,311,12,2,273.26,130.99,0.0807,0.0153,1,10,0,47,0.6183,0.431,1,0,0,0.0,0,0,0.088301
HP003490,2026-06-01,RET-202606,MIDWEST,PUSH,PREMIUM,1035,19,9,754.58,93.24,0.9187,0.5616,5,9,2,180,0.4127,0.4448,1,0,0,0.0,1,1,0.373669
HP002738,2025-11-01,RET-202511,SOUTH,EMAIL,PLUS,1933,6,0,0.0,23.42,0.5564,0.1867,3,7,0,18,0.4213,0.46,1,0,0,0.0,1,1,0.110866
HP004837,2026-03-01,RET-202603,NORTHEAST,EMAIL,STANDARD,1413,4,4,200.5,47.83,0.6869,0.2506,2,10,2,104,0.362,0.3862,1,0,0,0.0,1,0,0.129507
HP002565,2026-06-01,RET-202606,SOUTH,EMAIL,PLUS,2229,14,4,74.19,18.01,0.5535,0.1899,2,7,0,50,0.3536,0.4034,1,0,0,0.0,1,0,0.088759
HP002007,2026-07-01,RET-202607,NORTHEAST,EMAIL,PREMIUM,1409,18,6,200.91,31.31,0.5514,0.2552,0,5,0,39,0.8416,0.3444,1,0,0,0.0,1,0,0.214934
HP001497,2025-09-01,RET-202509,NORTHEAST,EMAIL,PLUS,1197,6,5,362.36,61.61,0.5432,0.2426,0,3,0,23,0.3016,0.4564,1,0,0,0.0,0,0,0.097999
HP005782,2026-05-01,RET-202605,NORTHEAST,SMS,PLUS,1971,28,2,212.09,115.72,0.5256,0.1316,4,5,0,30,0.4802,0.4032,1,0,0,0.0,1,1,0.054553
HP005271,2025-12-01,RET-202512,SOUTH,EMAIL,STANDARD,1671,24,5,362.85,77.58,0.036,0.0035,0,5,0,6,0.4001,0.4458,1,0,0,0.0,0,0,0.060499
HP005362,2026-04-01,RET-202604,SOUTH,PUSH,PLUS,666,5,5,385.09,80.74,0.496,0.1731,7,5,0,25,0.3073,0.4043,1,0,0,0.0,0,0,0.101133
HP002408,2025-11-01,RET-202511,WEST,PUSH,PLUS,317,22,3,107.43,37.72,0.2485,0.0499,0,4,1,83,0.5893,0.4025,1,0,1,70.85,0,0,0.107923
HP003686,2026-06-01,RET-202606,WEST,SMS,PLUS,395,12,0,0.0,50.37,0.1947,0.0346,0,8,1,35,0.6139,0.3715,1,0,0,0.0,1,0,0.044514
HP003167,2026-02-01,RET-202602,SOUTH,PUSH,PLUS,1365,11,2,100.97,45.31,0.3208,0.1805,4,2,1,95,0.7793,0.343,1,0,0,0.0,1,0,0.232725
HP003399,2025-12-01,RET-202512,MIDWEST,EMAIL,STANDARD,1104,17,2,86.46,40.81,0.5222,0.1534,2,11,2,23,0.9105,0.328,1,0,1,44.08,1,1,0.138194
HP003471,2026-08-01,RET-202608,SOUTH,SMS,PREMIUM,1262,30,2,268.6,115.71,0.1093,0.0252,4,11,1,56,0.7015,0.4103,1,0,0,0.0,0,0,0.1141
HP001507,2026-04-01,RET-202604,WEST,SMS,PLUS,1903,10,3,184.15,53.79,0.4885,0.1233,0,8,0,69,0.2322,0.4543,1,0,0,0.0,1,0,0.050319
HP004906,2026-06-01,RET-202606,NORTHEAST,EMAIL,PLUS,1468,24,2,96.89,42.81,0.3706,0.0882,4,10,1,86,0.3698,0.4506,1,0,0,0.0,0,0,0.061061
HP002417,2026-05-01,RET-202605,MIDWEST,EMAIL,PREMIUM,1177,7,0,0.0,79.45,0.3183,0.0581,0,10,1,42,0.2078,0.4161,1,0,0,0.0,0,0,0.060276
HP003136,2026-01-01,RET-202601,MIDWEST,SMS,PLUS,1780,33,5,342.6,82.74,0.3124,0.0676,5,2,0,41,0.2812,0.4796,1,0,0,0.0,1,0,0.054796
HP001431,2025-10-01,RET-202510,NORTHEAST,SMS,PREMIUM,1728,7,3,194.92,63.44,0.7364,0.4699,5,2,2,47,0.8531,0.3434,1,0,1,87.92,1,1,0.522599
HP003123,2026-04-01,RET-202604,WEST,SMS,PREMIUM,492,7,6,259.25,45.67,0.7049,0.306,5,12,1,36,0.0123,0.4591,1,0,0,0.0,1,0,0.1416
HP003728,2025-11-01,RET-202511,WEST,SMS,STANDARD,1788,63,0,0.0,56.36,0.0791,0.0112,2,7,0,49,0.3993,0.4259,1,0,1,64.49,0,0,0.051537
HP005908,2025-12-01,RET-202512,WEST,SMS,PLUS,382,46,3,115.18,42.9,0.5938,0.335,3,6,3,24,0.5875,0.4067,1,0,0,0.0,0,0,0.170156
HP001660,2026-06-01,RET-202606,MIDWEST,EMAIL,PLUS,1505,12,7,205.4,36.48,0.1024,0.019,3,7,0,94,0.391,0.427,1,0,0,0.0,0,0,0.069198
HP005364,2026-06-01,RET-202606,SOUTH,SMS,PREMIUM,761,27,6,401.3,57.9,0.1548,0.0423,1,6,2,56,0.7169,0.403,1,0,1,56.32,0,0,0.16453
HP005367,2026-07-01,RET-202607,MIDWEST,SMS,PLUS,479,10,7,541.45,83.61,0.6223,0.2746,4,3,0,31,0.6712,0.3394,1,0,0,0.0,1,1,0.120288
HP001348,2026-07-01,RET-202607,MIDWEST,SMS,PLUS,1620,34,3,181.26,58.99,0.2302,0.0747,2,8,1,58,0.8325,0.3535,1,0,0,0.0,0,0,0.102209
HP001730,2025-12-01,RET-202512,WEST,EMAIL,PLUS,180,8,5,383.38,92.74,0.6824,0.2454,2,8,3,56,0.356,0.4279,1,0,0,0.0,1,0,0.262377
HP001394,2026-04-01,RET-202604,SOUTH,SMS,PREMIUM,1630,28,7,420.73,61.96,0.4417,0.1275,0,6,0,32,0.4226,0.4522,1,0,0,0.0,1,0,0.068847
HP001326,2026-03-01,RET-202603,WEST,EMAIL,PREMIUM,722,9,3,158.02,59.39,0.5173,0.1779,0,9,0,11,0.4087,0.455,1,0,0,0.0,1,0,0.047381
HP005947,2025-10-01,RET-202510,NORTHEAST,EMAIL,PLUS,1811,16,6,417.38,75.04,0.4977,0.1635,2,10,3,63,0.1232,0.456,1,0,0,0.0,0,0,0.122407
HP000934,2026-01-01,RET-202601,NORTHEAST,PUSH,STANDARD,1356,34,4,185.03,41.27,0.2255,0.0546,2,3,1,108,0.5569,0.4159,1,0,0,0.0,1,0,0.066897
HP003740,2026-04-01,RET-202604,WEST,EMAIL,PLUS,834,20,1,103.32,101.98,0.2151,0.069,1,11,2,34,0.1011,0.5371,1,0,0,0.0,0,0,0.051342
HP003467,2026-08-01,RET-202608,NORTHEAST,PUSH,STANDARD,1180,10,1,54.59,44.75,,0.399,5,9,2,138,0.2917,0.4216,1,0,0,0.0,1,0,0.109911
HP005909,2026-08-01,RET-202608,SOUTH,SMS,PLUS,1871,11,2,136.1,58.29,0.855,0.4414,5,8,1,79,0.4628,0.3662,1,0,0,0.0,1,0,0.119081
HP002261,2026-08-01,RET-202608,WEST,EMAIL,PREMIUM,2211,5,7,732.97,103.83,0.4768,0.241,1,10,2,43,0.4216,0.4246,1,0,0,0.0,0,0,0.277586
HP000274,2025-09-01,RET-202509,MIDWEST,EMAIL,STANDARD,374,19,2,171.44,76.56,0.3151,0.0692,1,2,1,36,0.2861,0.4483,1,0,0,0.0,0,0,0.08587
HP004889,2026-02-01,RET-202602,WEST,EMAIL,PLUS,1740,17,4,175.6,34.56,0.712,0.4617,6,12,3,36,0.4164,0.3986,1,0,0,0.0,0,0,0.160244
HP005863,2025-12-01,RET-202512,NORTHEAST,PUSH,STANDARD,442,6,2,131.37,56.91,0.168,0.0404,1,8,0,32,0.2909,0.4385,1,0,0,0.0,0,0,0.063126
HP000011,2026-05-01,RET-202605,SOUTH,EMAIL,STANDARD,966,29,0,0.0,36.22,0.0179,0.0013,1,11,1,66,0.6095,0.3576,1,0,0,0.0,0,0,0.042842
HP002399,2026-03-01,RET-202603,SOUTH,PUSH,STANDARD,790,12,3,347.25,114.54,,0.0662,0,8,1,13,0.5814,0.3817,1,0,0,0.0,0,0,0.056024
HP001002,2026-01-01,RET-202601,MIDWEST,EMAIL,STANDARD,490,61,5,325.68,65.18,0.1672,0.0223,1,5,0,6,0.4877,0.4046,1,0,0,0.0,0,0,0.040569
HP000206,2026-03-01,RET-202603,WEST,EMAIL,PLUS,1471,4,3,442.42,142.18,0.4428,0.1597,3,3,0,25,0.5338,0.361,1,0,1,151.44,1,1,0.09903
HP003849,2026-07-01,RET-202607,WEST,EMAIL,PLUS,416,5,3,127.54,31.94,0.6701,0.1881,3,2,0,45,0.3407,0.4356,1,0,0,0.0,1,0,0.096342
HP003713,2026-08-01,RET-202608,WEST,SMS,STANDARD,1489,35,0,0.0,76.09,0.1469,0.0267,1,12,2,89,0.4832,0.3897,1,0,0,0.0,0,0,0.037926
HP000403,2026-06-01,RET-202606,SOUTH,EMAIL,PLUS,1733,13,3,111.8,40.1,0.1633,0.0429,0,7,0,20,0.748,0.3722,1,0,0,0.0,0,0,0.053769
HP004398,2026-07-01,RET-202607,WEST,EMAIL,STANDARD,523,21,1,56.05,64.62,0.3737,0.0931,4,9,1,27,0.8133,0.3721,1,0,0,0.0,0,0,0.068864
HP004748,2025-10-01,RET-202510,WEST,EMAIL,PLUS,1657,9,1,92.64,90.0,0.4463,0.1327,3,12,1,68,0.7537,0.3689,1,0,0,0.0,0,0,0.152972
HP000891,2026-08-01,RET-202608,SOUTH,EMAIL,PLUS,657,4,1,61.3,82.0,0.2951,0.0526,2,5,1,21,0.153,0.4664,1,0,0,0.0,0,0,0.062223
HP000210,2026-01-01,RET-202601,MIDWEST,EMAIL,PLUS,946,32,3,199.96,75.87,0.3274,,8,7,1,31,0.834,0.3491,1,0,0,0.0,0,0,0.085819
HP005880,2025-12-01,RET-202512,WEST,EMAIL,PLUS,414,15,5,240.67,45.84,0.262,0.0624,0,6,1,24,0.5197,0.3893,1,0,0,0.0,0,0,0.128628
HP005653,2026-03-01,RET-202603,WEST,EMAIL,PLUS,1292,76,2,129.71,72.1,0.1939,0.0422,5,7,1,55,0.2305,0.472,1,0,0,0.0,0,0,0.035969
HP002588,2026-04-01,RET-202604,NORTHEAST,EMAIL,STANDARD,1656,8,4,130.59,45.57,0.2525,0.065,1,8,1,171,0.2002,0.4294,1,0,0,0.0,0,0,0.066412
HP001957,2026-06-01,RET-202606,NORTHEAST,EMAIL,STANDARD,1304,50,1,62.44,63.83,0.1491,0.0325,4,8,1,80,0.9,0.3339,1,0,0,0.0,0,0,0.092754
HP004219,2026-07-01,RET-202607,WEST,EMAIL,PLUS,2205,2,5,115.6,24.96,0.3753,0.1173,0,8,1,32,0.3838,0.4072,1,0,0,0.0,0,0,0.073322
HP002930,2026-01-01,RET-202601,WEST,PUSH,STANDARD,1963,61,1,77.69,79.69,0.1943,0.0453,2,4,0,48,0.7032,0.3356,1,0,0,0.0,1,0,0.064473
HP002750,2025-11-01,RET-202511,WEST,EMAIL,PREMIUM,528,28,6,627.73,103.05,0.1736,0.0454,2,4,1,7,0.7246,0.4055,1,0,0,0.0,0,0,0.321665
HP004108,2025-10-01,RET-202510,MIDWEST,EMAIL,PLUS,310,-4,3,91.93,28.95,0.3137,0.0721,2,6,0,16,0.2224,0.4648,1,0,0,0.0,0,0,0.062389
HP001155,2026-06-01,RET-202606,WEST,EMAIL,PLUS,2120,8,0,0.0,74.22,0.3662,0.059,1,4,0,84,0.2684,0.4493,1,0,0,0.0,1,0,0.049607
HP000638,2026-07-01,RET-202607,SOUTH,EMAIL,STANDARD,937,73,1,55.11,54.47,,0.0217,1,8,0,39,0.0735,0.5005,1,0,0,0.0,0,0,0.023593
HP005262,2026-08-01,RET-202608,SOUTH,PUSH,PLUS,1745,75,1,38.09,44.53,0.196,0.0399,2,3,0,52,0.7066,0.3614,1,0,0,0.0,1,0,0.051825
HP002589,2026-06-01,RET-202606,MIDWEST,EMAIL,PREMIUM,633,17,0,0.0,74.42,0.4448,0.1351,2,2,0,13,0.4059,0.4089,1,0,0,0.0,1,0,0.067815
HP004614,2025-12-01,RET-202512,WEST,EMAIL,STANDARD,1170,49,1,34.94,37.85,0.0757,0.007,0,8,0,19,0.591,0.3903,1,0,0,0.0,0,0,0.06225
HP001115,2026-06-01,RET-202606,WEST,EMAIL,PLUS,804,35,2,92.0,50.19,0.0644,0.0125,1,11,1,20,0.2633,0.4525,1,0,0,0.0,0,0,0.040589
HP000305,2025-09-01,RET-202509,WEST,EMAIL,STANDARD,1366,98,1,43.7,37.53,0.1607,0.0245,0,9,0,105,0.027,0.528,1,0,0,0.0,1,0,0.018447
HP002785,2026-03-01,RET-202603,NORTHEAST,EMAIL,PREMIUM,508,16,6,640.01,126.31,0.8407,0.5013,3,7,5,123,0.6987,0.3423,1,0,0,0.0,1,0,0.650007
HP002066,2026-03-01,RET-202603,NORTHEAST,PUSH,STANDARD,966,17,1,66.53,75.05,0.1074,0.014,1,5,0,45,0.5992,0.3918,1,0,0,0.0,0,0,0.044075
HP003401,2026-03-01,RET-202603,NORTHEAST,EMAIL,PLUS,998,24,2,283.59,116.15,0.302,0.1029,2,7,2,12,0.5456,0.3876,1,0,0,0.0,0,0,0.073386
HP005802,2026-04-01,RET-202604,SOUTH,EMAIL,PREMIUM,1266,8,4,256.81,65.98,0.7015,0.3994,5,7,3,23,0.5672,0.3533,1,0,0,0.0,0,0,0.229705
HP004031,2025-11-01,RET-202511,SOUTH,EMAIL,PLUS,1034,9,2,183.43,84.69,0.0713,,1,11,2,103,0.3164,0.4599,1,0,0,0.0,0,0,0.078262
HP002422,2025-10-01,RET-202510,MIDWEST,EMAIL,STANDARD,1324,15,3,384.71,116.05,0.3503,0.0855,2,5,0,24,0.3238,0.4555,1,0,0,0.0,1,0,0.064599
HP002863,2026-06-01,RET-202606,SOUTH,PUSH,STANDARD,521,39,2,191.4,74.78,0.0836,0.0093,1,12,0,25,0.5615,0.4419,1,0,0,0.0,0,0,0.035426
HP004339,2026-08-01,RET-202608,SOUTH,EMAIL,PREMIUM,760,3,4,525.63,132.32,0.5247,0.1744,3,6,2,35,0.1564,0.4668,1,0,0,0.0,0,0,0.149303
HP000304,2026-04-01,RET-202604,MIDWEST,SMS,PLUS,868,15,2,94.02,45.98,0.9027,0.5588,3,12,3,49,0.527,0.4074,1,0,0,0.0,1,0,0.142323
HP001522,2026-02-01,RET-202602,MIDWEST,SMS,STANDARD,2121,69,2,53.63,27.71,0.0501,0.0045,0,3,0,14,0.4378,0.4384,1,0,0,0.0,0,0,0.023543
HP000562,2026-06-01,RET-202606,WEST,SMS,PLUS,1216,31,0,0.0,76.71,0.0613,0.0088,1,6,0,16,0.917,0.3361,1,0,0,0.0,1,0,0.038386
HP003289,2026-06-01,RET-202606,MIDWEST,EMAIL,PLUS,2119,37,6,226.58,39.51,0.1539,0.041,2,12,1,67,0.4618,0.4336,1,0,0,0.0,0,0,0.057167
HP003981,2026-08-01,RET-202608,MIDWEST,PUSH,STANDARD,1717,18,1,41.93,41.38,0.0694,0.0098,1,8,0,87,0.7138,0.3449,1,0,0,0.0,1,1,0.079651
HP001973,2025-09-01,RET-202509,SOUTH,EMAIL,PLUS,1650,21,2,392.19,155.27,0.0515,0.0027,0,6,0,67,0.2703,0.4372,1,0,0,0.0,0,0,0.042313
HP004217,2026-04-01,RET-202604,WEST,SMS,PLUS,1981,23,3,93.51,28.56,0.4485,0.1457,2,2,2,53,0.7253,0.3721,1,0,0,0.0,0,0,0.249389
HP002826,2025-10-01,RET-202510,SOUTH,SMS,PLUS,1388,11,3,111.73,45.01,0.1511,0.0365,3,6,0,94,0.6929,0.39,1,0,0,0.0,0,0,0.11767
HP000118,2026-02-01,RET-202602,MIDWEST,EMAIL,PLUS,1148,3,2,56.48,26.6,0.3914,0.074,1,11,1,10,0.2402,0.4462,1,0,0,0.0,1,0,0.031533
HP002736,2026-01-01,RET-202601,WEST,EMAIL,PLUS,1261,6,2,123.36,71.06,0.1613,0.0272,0,6,0,36,0.2151,0.4277,1,0,0,0.0,0,0,0.048159
HP005975,2026-05-01,RET-202605,SOUTH,EMAIL,STANDARD,754,8,1,29.53,32.04,0.2766,0.0931,0,4,2,19,0.7006,0.4434,1,0,0,0.0,0,0,0.084807
HP003635,2026-04-01,RET-202604,SOUTH,SMS,PREMIUM,495,8,3,246.96,64.7,0.6919,0.2789,1,6,1,111,0.7253,0.3668,1,0,1,107.95,1,0,0.241581
HP005426,2026-01-01,RET-202601,WEST,EMAIL,PREMIUM,1506,16,5,330.17,73.73,0.2691,0.0419,0,7,1,53,0.3608,0.4405,1,0,0,0.0,0,0,0.079652
HP005093,2026-08-01,RET-202608,WEST,PUSH,PLUS,1151,24,7,592.12,98.45,0.3685,0.1605,4,10,3,41,0.418,0.4258,1,0,0,0.0,0,0,0.087997
HP004381,2025-11-01,RET-202511,NORTHEAST,EMAIL,STANDARD,886,65,0,0.0,37.89,0.136,0.0196,0,8,1,49,0.7815,0.3712,1,0,0,0.0,0,0,0.080069
HP001643,2026-07-01,RET-202607,WEST,EMAIL,PLUS,1668,18,2,129.64,57.44,0.387,0.1116,3,6,1,18,0.7024,0.3768,1,0,0,0.0,0,0,0.074773
HP000292,2026-07-01,RET-202607,SOUTH,PUSH,PLUS,950,22,2,131.46,58.26,0.1423,0.0262,0,6,0,82,0.3279,0.457,1,0,0,0.0,0,0,0.035272
HP004158,2026-01-01,RET-202601,MIDWEST,SMS,PREMIUM,1786,6,6,505.59,76.91,0.7999,0.3608,4,11,3,30,0.5581,0.3999,1,0,0,0.0,1,1,0.207466
HP005194,2026-06-01,RET-202606,NORTHEAST,SMS,PLUS,1591,3,1,33.62,33.48,0.1409,0.0223,2,6,0,78,0.6934,0.3789,1,0,1,34.85,0,0,0.099951
HP000016,2026-07-01,RET-202607,NORTHEAST,EMAIL,STANDARD,2186,14,1,37.96,38.02,0.6875,0.2183,3,2,0,43,0.1479,0.4274,1,0,0,0.0,1,1,0.077714
HP005694,2026-04-01,RET-202604,NORTHEAST,SMS,PLUS,2016,5,6,517.52,81.59,0.4285,0.1246,3,2,0,33,0.0437,0.462,1,0,0,0.0,1,0,0.068767
HP003495,2025-11-01,RET-202511,MIDWEST,EMAIL,PLUS,1161,10,7,638.28,95.24,0.1616,0.0465,2,3,0,129,0.5419,0.3991,1,0,0,0.0,0,0,0.100316
HP003467,2026-07-01,RET-202607,NORTHEAST,PUSH,STANDARD,1150,5,4,366.34,101.32,0.9241,0.5145,4,10,2,59,0.473,0.3968,1,0,0,0.0,1,1,0.155928
HP002694,2025-10-01,RET-202510,WEST,PUSH,STANDARD,955,26,1,93.04,91.16,0.2582,0.0707,1,5,0,24,0.4196,0.4377,1,0,0,0.0,0,0,0.044386
HP003836,2026-04-01,RET-202604,WEST,EMAIL,STANDARD,709,19,1,73.82,61.25,0.1077,0.0163,3,6,1,31,0.2566,0.4311,1,0,0,0.0,1,0,0.054091
HP003724,2025-10-01,RET-202510,SOUTH,EMAIL,PLUS,908,11,4,414.3,104.77,0.4385,0.1728,4,5,3,110,0.2981,0.4347,1,0,0,0.0,0,0,0.163921
HP005184,2026-04-01,RET-202604,WEST,EMAIL,PLUS,1164,11,5,290.92,68.27,0.4821,,3,11,1,52,0.1276,0.4906,1,0,0,0.0,1,0,0.09797
HP004047,2026-01-01,RET-202601,SOUTH,EMAIL,STANDARD,1716,45,1,65.41,67.21,0.1536,0.0264,1,8,0,12,0.447,0.4059,1,0,0,0.0,0,0,0.037756
HP000653,2026-06-01,RET-202606,WEST,EMAIL,STANDARD,1961,38,6,274.01,44.63,0.4415,0.1087,1,4,0,16,0.6905,0.3503,1,0,0,0.0,0,0,0.062133
HP000248,2025-12-01,RET-202512,MIDWEST,EMAIL,PREMIUM,623,5,5,429.6,82.79,0.4425,0.1609,5,2,1,41,0.6409,0.3603,1,0,1,46.8,1,0,0.415903
HP001424,2025-09-01,RET-202509,WEST,EMAIL,STANDARD,632,39,2,77.95,39.99,0.1145,0.007,0,9,0,95,0.0965,0.4804,1,0,0,0.0,0,0,0.034397
HP000958,2025-11-01,RET-202511,MIDWEST,SMS,STANDARD,683,11,1,43.9,46.15,0.1446,0.0289,1,4,0,29,0.3438,0.4489,1,0,0,0.0,0,0,0.057943
HP004916,2026-04-01,RET-202604,WEST,PUSH,STANDARD,792,13,2,164.76,80.79,0.1028,0.0149,0,2,1,27,0.5042,0.4034,1,0,1,63.56,0,0,0.064914
HP002691,2025-12-01,RET-202512,WEST,EMAIL,STANDARD,324,53,1,100.81,93.76,0.3464,,2,10,0,21,0.5486,0.3603,1,0,0,0.0,1,0,0.07864
HP001272,2025-11-01,RET-202511,MIDWEST,EMAIL,STANDARD,1924,8,2,154.53,86.16,0.204,0.042,2,7,1,52,0.7143,0.3305,1,0,0,0.0,0,0,0.172997
HP005805,2026-01-01,RET-202601,MIDWEST,SMS,PLUS,721,57,2,125.28,88.2,0.0212,0.0023,0,8,0,51,0.5391,0.3943,1,0,0,0.0,1,0,0.027412
HP001858,2026-08-01,RET-202608,WEST,SMS,PLUS,867,34,2,139.92,63.91,0.4109,0.0871,1,7,1,136,0.5882,0.4139,1,0,0,0.0,1,0,0.048966
HP000233,2026-04-01,RET-202604,WEST,EMAIL,PLUS,1423,35,1,39.62,42.02,0.2742,0.0484,0,6,0,71,0.4445,0.4082,1,0,0,0.0,0,0,0.03785
HP005305,2026-08-01,RET-202608,NORTHEAST,SMS,PLUS,1691,17,2,173.67,102.05,0.2628,0.0689,1,8,1,45,0.2867,0.4289,1,0,0,0.0,0,0,0.04842
HP003207,2026-08-01,RET-202608,WEST,EMAIL,PLUS,1115,34,2,97.48,46.65,0.2712,0.0523,0,7,0,46,0.3972,0.4182,1,0,0,0.0,1,0,0.03786
HP000931,2026-08-01,RET-202608,WEST,SMS,PLUS,1868,12,6,422.35,73.96,0.7542,0.3563,3,10,6,16,0.5257,0.3998,1,0,0,0.0,1,0,0.094609
HP003924,2026-03-01,RET-202603,MIDWEST,EMAIL,PLUS,2034,68,0,0.0,58.3,0.0981,0.0254,0,10,1,76,0.833,0.3685,1,0,0,0.0,0,0,0.058639
HP000690,2025-09-01,RET-202509,NORTHEAST,EMAIL,STANDARD,1619,47,1,44.1,48.58,0.2789,0.0753,0,3,1,37,0.3152,0.4714,1,0,0,0.0,0,0,0.048791
HP002420,2025-11-01,RET-202511,NORTHEAST,EMAIL,STANDARD,220,19,3,204.57,59.73,0.5668,0.1575,3,4,0,31,0.1615,0.4343,1,0,0,0.0,1,1,0.10379
HP004383,2025-12-01,RET-202512,SOUTH,SMS,PLUS,612,12,2,148.86,72.72,0.3593,0.0604,3,9,0,33,0.3559,0.4435,1,0,1,78.16,0,0,0.070864
HP003342,2026-01-01,RET-202601,NORTHEAST,PUSH,PREMIUM,1849,61,3,174.29,51.32,0.5619,0.1347,3,12,0,17,0.1608,0.4673,1,0,0,0.0,1,0,0.049184
HP005274,2026-08-01,RET-202608,SOUTH,EMAIL,STANDARD,1409,6,1,46.77,48.01,0.2614,0.0496,2,10,1,92,0.1764,0.4294,1,0,0,0.0,0,0,0.055566
HP005094,2026-07-01,RET-202607,SOUTH,PUSH,PLUS,1305,6,3,335.05,105.57,0.1063,0.0164,1,5,0,38,0.2049,0.4453,1,0,0,0.0,1,0,0.045645
HP000320,2026-02-01,RET-202602,WEST,PUSH,PLUS,897,13,2,179.04,110.5,0.6204,0.2829,0,3,1,19,0.8209,0.3703,1,0,0,0.0,1,0,0.11033
HP005289,2026-08-01,RET-202608,NORTHEAST,PUSH,STANDARD,2042,179,0,0.0,53.59,0.0256,0.0011,1,5,0,64,0.2037,0.4709,1,0,0,0.0,0,0,0.006782
HP002035,2026-07-01,RET-202607,MIDWEST,EMAIL,PLUS,426,41,2,206.06,93.85,0.155,0.042,3,5,2,77,0.6785,0.3656,1,0,0,0.0,0,0,0.120963
HP000473,2025-09-01,RET-202509,WEST,EMAIL,PREMIUM,248,19,3,227.55,72.54,0.288,0.08,0,10,1,51,0.6162,0.3789,1,0,0,0.0,1,0,0.079238
HP005215,2026-01-01,RET-202601,SOUTH,PUSH,STANDARD,1591,91,2,82.25,35.99,0.1233,0.0153,1,9,0,91,0.1379,0.4862,1,0,0,0.0,0,0,0.020094
HP004580,2026-01-01,RET-202601,NORTHEAST,SMS,PLUS,753,15,3,202.55,79.23,0.2611,0.0704,2,8,0,18,0.1479,0.4386,1,0,0,0.0,0,0,0.050606
HP000139,2026-02-01,RET-202602,MIDWEST,EMAIL,PLUS,485,3,4,698.25,161.38,0.4764,0.1234,3,8,0,38,0.2963,0.4625,1,0,0,0.0,0,0,0.079431
HP003199,2026-03-01,RET-202603,NORTHEAST,EMAIL,PREMIUM,517,28,3,329.73,132.19,0.1291,0.0331,2,3,0,50,0.2529,0.5074,1,0,0,0.0,0,0,0.059287
HP000604,2025-12-01,RET-202512,MIDWEST,EMAIL,PLUS,1506,7,4,280.74,68.38,,0.3939,7,3,1,71,0.3209,0.4336,1,0,0,0.0,1,1,0.221795
HP000606,2025-09-01,RET-202509,NORTHEAST,EMAIL,PLUS,372,21,2,265.47,138.51,0.6165,0.3926,12,7,4,108,0.2501,0.4557,1,0,0,0.0,1,1,0.187773
HP004751,2025-10-01,RET-202510,MIDWEST,EMAIL,PLUS,532,23,0,0.0,85.51,0.0568,0.0087,0,9,1,13,0.4947,0.4191,1,0,0,0.0,0,0,0.020762
HP003220,2026-04-01,RET-202604,WEST,SMS,STANDARD,729,81,2,78.8,40.17,0.3684,0.1421,1,4,0,64,0.5779,0.3726,1,0,0,0.0,0,0,0.029505
HP003918,2025-12-01,RET-202512,SOUTH,SMS,STANDARD,-20,5,3,161.84,58.1,0.4464,0.0649,2,6,0,22,0.0954,0.5257,1,0,0,0.0,0,0,0.07296
HP004177,2026-01-01,RET-202601,SOUTH,PUSH,STANDARD,1160,7,1,63.56,56.59,0.6674,0.3124,4,10,2,17,0.4351,0.4173,1,0,0,0.0,0,0,0.113227
HP003836,2025-12-01,RET-202512,WEST,EMAIL,STANDARD,589,67,2,71.27,31.4,0.108,0.0134,0,12,0,25,0.1396,0.4457,1,0,0,0.0,0,0,0.048561
HP001723,2026-03-01,RET-202603,SOUTH,EMAIL,PLUS,542,37,0,0.0,129.87,0.0521,0.0029,2,10,0,36,0.8898,0.3654,1,0,0,0.0,0,0,0.082252
HP005020,2025-09-01,RET-202509,WEST,SMS,PLUS,347,15,4,566.44,117.3,0.5472,,6,5,0,45,0.3806,0.4325,1,0,0,0.0,1,1,0.099951
HP004370,2026-02-01,RET-202602,MIDWEST,EMAIL,PLUS,974,20,0,0.0,57.8,0.0756,0.0033,0,9,0,45,0.0545,0.4985,1,0,0,0.0,0,0,0.033956
HP003274,2026-07-01,RET-202607,NORTHEAST,EMAIL,PREMIUM,1611,21,1,33.71,30.38,0.2216,0.0506,3,11,1,55,0.3769,0.4267,1,0,0,0.0,1,0,0.066223
HP004901,2026-01-01,RET-202601,SOUTH,EMAIL,STANDARD,1299,28,3,196.23,62.68,0.11,0.0118,0,9,1,30,0.4959,0.3771,1,0,0,0.0,0,0,0.04848
HP002938,2026-03-01,RET-202603,MIDWEST,PUSH,PLUS,370,22,1,65.45,62.61,0.4584,0.1372,1,3,3,42,0.2673,0.4341,1,0,0,0.0,0,0,0.111419
HP001827,2025-11-01,RET-202511,WEST,EMAIL,PLUS,528,20,2,372.77,168.9,0.0844,0.0072,1,2,0,45,0.2743,0.4134,1,0,0,0.0,0,0,0.087523
HP004093,2026-03-01,RET-202603,MIDWEST,SMS,STANDARD,1526,27,2,135.34,74.42,0.77,0.369,3,3,0,44,0.366,0.4238,1,0,0,0.0,0,0,0.068259
HP004486,2026-03-01,RET-202603,NORTHEAST,EMAIL,PLUS,1202,3,2,189.24,84.39,0.752,0.3227,2,11,3,22,0.4055,0.4371,1,0,0,0.0,1,1,0.136876
HP000481,2026-02-01,RET-202602,MIDWEST,EMAIL,PLUS,1696,28,2,100.64,48.58,0.834,0.2738,3,12,1,65,0.3131,0.4289,1,0,0,0.0,1,0,0.076743
HP003698,2026-06-01,RET-202606,SOUTH,SMS,PREMIUM,1771,6,3,193.1,71.71,0.2971,0.1062,5,11,1,26,0.8012,0.3404,1,0,0,0.0,0,0,0.097836
HP002572,2026-05-01,RET-202605,MIDWEST,SMS,STANDARD,1418,8,4,121.98,32.8,,0.3277,3,8,1,53,0.3745,0.4328,1,0,0,0.0,0,0,0.111952
HP000917,2026-08-01,RET-202608,SOUTH,EMAIL,PLUS,2203,26,0,0.0,48.75,0.6154,0.169,1,2,1,24,0.2396,0.4285,1,0,0,0.0,1,1,0.07426
HP004969,2026-02-01,RET-202602,SOUTH,SMS,PLUS,1026,38,4,217.94,53.45,0.3887,0.1156,2,10,3,42,0.6485,0.3539,1,0,0,0.0,0,0,0.129391
HP000922,2026-08-01,RET-202608,SOUTH,PUSH,PLUS,915,59,1,68.54,64.04,0.3949,0.1271,0,9,0,18,0.5583,0.4168,1,0,0,0.0,1,0,0.029182
HP002429,2026-03-01,RET-202603,SOUTH,SMS,PLUS,734,53,1,72.23,74.28,0.4803,0.1143,3,6,0,84,0.403,0.4564,1,0,0,0.0,0,0,0.038502
HP004026,2026-02-01,RET-202602,NORTHEAST,SMS,PLUS,1621,84,0,0.0,70.6,0.1042,0.0124,0,2,0,23,0.3827,0.4218,1,0,0,0.0,0,0,0.018343
HP002690,2026-04-01,RET-202604,MIDWEST,SMS,PREMIUM,447,13,2,115.63,63.36,0.1055,0.0188,2,6,2,80,0.7339,0.3848,1,0,1,70.92,0,0,0.159616
HP004827,2026-05-01,RET-202605,WEST,EMAIL,PREMIUM,1689,20,2,222.45,88.04,0.2837,0.0896,3,6,0,36,0.4397,0.3727,1,0,0,0.0,1,1,0.071166
HP004939,2026-01-01,RET-202601,MIDWEST,SMS,STANDARD,1588,149,4,305.76,78.67,0.2104,0.0184,3,10,0,29,0.042,0.4903,1,0,0,0.0,0,0,0.013721
HP005319,2026-08-01,RET-202608,SOUTH,PUSH,PREMIUM,993,6,7,497.43,66.15,0.7498,0.4012,4,12,3,79,0.3001,0.4641,1,0,0,0.0,1,0,0.187471
HP003481,2025-09-01,RET-202509,WEST,EMAIL,PLUS,1100,54,1,50.23,62.61,0.3064,0.0595,1,7,0,25,0.368,0.4115,1,0,0,0.0,0,0,0.038122
HP005911,2025-12-01,RET-202512,MIDWEST,EMAIL,PLUS,1688,4,1,58.22,61.42,0.2691,0.049,1,9,0,22,0.1297,0.4566,1,0,0,0.0,1,0,0.067372
HP001132,2025-09-01,RET-202509,NORTHEAST,EMAIL,PREMIUM,1220,17,5,326.73,88.47,0.5565,0.2862,5,3,0,42,0.5616,0.4077,1,0,0,0.0,0,0,0.153921
HP001077,2025-10-01,RET-202510,WEST,EMAIL,PREMIUM,832,11,2,169.93,83.94,0.1851,0.0446,2,2,0,38,0.5045,0.3807,1,0,0,0.0,0,0,0.077791
HP004115,2026-03-01,RET-202603,WEST,EMAIL,STANDARD,1596,68,1,60.47,56.74,0.274,0.0583,0,5,0,67,0.692,0.3825,1,0,0,0.0,0,0,0.058379
HP005757,2025-10-01,RET-202510,WEST,EMAIL,PLUS,1237,122,2,96.11,54.59,0.1898,0.0458,0,11,3,26,0.799,0.3553,1,0,0,0.0,1,0,0.02599
HP005506,2025-10-01,RET-202510,NORTHEAST,SMS,STANDARD,1926,11,7,418.13,62.01,0.4389,0.1142,1,4,0,102,0.2923,0.4494,1,0,0,0.0,1,0,0.073153
HP003752,2026-05-01,RET-202605,WEST,EMAIL,PREMIUM,987,51,5,433.09,77.03,0.2703,0.0948,1,6,0,38,0.7401,0.3753,1,0,0,0.0,1,0,0.117537
HP000507,2026-06-01,RET-202606,SOUTH,EMAIL,PLUS,2174,47,4,146.57,38.46,0.6921,0.2438,3,6,0,40,0.2101,0.4908,1,0,0,0.0,0,0,0.057189
HP005996,2026-06-01,RET-202606,NORTHEAST,PUSH,STANDARD,461,9,2,143.46,65.05,0.6362,0.1902,2,5,0,132,0.5419,0.3869,1,0,1,62.11,0,0,0.081802
HP003605,2026-01-01,RET-202601,SOUTH,PUSH,PREMIUM,614,4,4,367.75,93.63,0.443,0.1728,0,4,1,34,0.566,0.372,1,0,0,0.0,0,0,0.12483
HP003289,2026-04-01,RET-202604,MIDWEST,EMAIL,PLUS,2059,31,0,0.0,23.33,0.4817,0.1531,3,7,0,46,0.45,0.4334,1,0,0,0.0,1,0,0.052293
HP004637,2025-10-01,RET-202510,SOUTH,EMAIL,STANDARD,351,22,0,0.0,57.22,0.1202,0.0302,0,2,0,13,0.6465,0.4073,1,0,0,0.0,0,0,0.043953
HP002984,2025-09-01,RET-202509,WEST,EMAIL,STANDARD,222,10,1,75.42,73.36,0.0695,0.0054,1,7,0,36,0.0434,0.4778,1,0,0,0.0,0,0,0.046595
HP005490,2026-08-01,RET-202608,NORTHEAST,SMS,PREMIUM,1298,6,6,599.15,84.51,0.6416,0.1793,1,10,2,31,0.1021,0.4931,1,0,0,0.0,1,0,0.223057
HP005397,2025-09-01,RET-202509,WEST,EMAIL,PLUS,1703,5,0,0.0,47.81,0.6793,0.2273,6,12,2,40,0.1689,0.4642,1,0,0,0.0,1,0,0.113166
HP000309,2026-08-01,RET-202608,MIDWEST,EMAIL,STANDARD,1647,13,1,64.78,69.58,0.0452,0.0077,4,7,1,23,0.5849,0.3915,1,0,0,0.0,0,0,0.059545
HP001259,2026-08-01,RET-202608,NORTHEAST,EMAIL,PREMIUM,1125,20,3,110.18,41.13,0.3502,0.1209,3,12,1,18,0.079,0.4215,1,0,0,0.0,1,0,0.072519
HP002268,2026-01-01,RET-202601,NORTHEAST,PUSH,PLUS,2092,9,5,273.76,56.8,0.1742,0.0606,1,4,0,48,0.1465,0.4639,1,0,1,46.63,1,1,0.054906
HP002704,2025-12-01,RET-202512,NORTHEAST,EMAIL,STANDARD,1276,5,4,262.92,56.24,0.7136,0.4323,3,5,1,46,0.3476,0.4504,1,0,0,0.0,0,0,0.190312
HP004977,2025-09-01,RET-202509,SOUTH,EMAIL,PLUS,1921,27,4,279.52,75.62,0.2332,0.0818,4,6,0,13,0.4853,0.404,1,0,0,0.0,0,0,0.066405
HP005555,2026-03-01,RET-202603,MIDWEST,EMAIL,PREMIUM,262,11,4,174.43,50.45,0.7453,0.4242,7,3,0,19,0.6296,0.3813,1,0,0,0.0,1,0,0.177741
HP003485,2026-07-01,RET-202607,MIDWEST,PUSH,PLUS,1442,51,3,277.13,85.35,0.2574,0.0546,0,12,0,10,0.6369,0.3697,1,0,0,0.0,0,0,0.015389
HP003296,2026-06-01,RET-202606,WEST,EMAIL,PLUS,1008,4,4,211.09,54.12,0.2892,0.0936,2,8,1,31,0.541,0.4345,1,0,0,0.0,0,0,0.080918
HP002146,2026-05-01,RET-202605,MIDWEST,EMAIL,PLUS,1415,8,3,140.05,53.91,0.7737,0.5232,5,6,4,16,0.2981,0.4174,1,0,0,0.0,1,0,0.221262
HP004333,2025-09-01,RET-202509,MIDWEST,PUSH,STANDARD,639,23,1,56.18,71.8,0.3497,0.0871,2,9,0,108,0.8427,0.3295,1,0,0,0.0,1,0,0.107883
HP001381,2026-03-01,RET-202603,SOUTH,EMAIL,PLUS,275,6,2,179.0,74.73,0.3208,0.134,4,8,2,58,0.3129,0.3933,1,0,0,0.0,0,0,0.085496
HP004919,2026-01-01,RET-202601,MIDWEST,EMAIL,STANDARD,1945,6,2,141.51,70.94,0.4256,0.1527,3,2,0,47,0.1489,0.4543,1,0,0,0.0,0,0,0.0832
HP002929,2026-06-01,RET-202606,NORTHEAST,PUSH,STANDARD,621,12,1,60.04,64.18,0.2779,0.0867,4,11,0,67,0.5499,0.4025,1,0,0,0.0,0,0,0.05455
HP002416,2026-07-01,RET-202607,SOUTH,PUSH,STANDARD,1848,37,2,157.3,78.93,0.4771,0.1271,2,8,1,70,0.3258,0.443,1,0,0,0.0,1,0,0.047959
HP001309,2026-03-01,RET-202603,MIDWEST,EMAIL,PLUS,932,18,2,75.1,41.18,0.5196,0.1304,2,4,0,39,0.6135,0.3767,1,0,0,0.0,1,0,0.067111
HP002347,2026-05-01,RET-202605,NORTHEAST,EMAIL,STANDARD,1216,33,1,91.48,78.74,0.3404,0.0387,1,7,0,41,0.4883,0.454,1,0,0,0.0,0,0,0.043725
HP004164,2026-01-01,RET-202601,MIDWEST,EMAIL,PLUS,1207,11,4,335.76,84.72,0.2854,0.0627,5,3,0,44,0.3434,0.4309,1,0,1,94.4,1,0,0.07214
HP005341,2026-04-01,RET-202604,MIDWEST,EMAIL,PLUS,2027,15,2,109.81,50.25,0.3357,0.1281,5,10,2,27,0.8162,0.3805,1,0,1,55.47,0,0,0.089323
HP002509,2025-10-01,RET-202510,NORTHEAST,PUSH,STANDARD,1457,49,1,70.55,70.43,0.1985,0.0405,3,8,0,70,0.1932,0.4178,1,0,0,0.0,0,0,0.034353
HP005910,2026-02-01,RET-202602,SOUTH,EMAIL,PREMIUM,2043,19,3,241.71,86.69,0.9037,0.4724,5,8,4,78,0.6998,0.3748,1,0,0,0.0,1,1,0.393642
HP001899,2026-07-01,RET-202607,WEST,PUSH,PREMIUM,2104,5,4,374.27,91.3,0.5589,0.281,1,12,6,14,0.3481,0.4124,1,0,0,0.0,0,0,0.082442
HP000054,2026-07-01,RET-202607,MIDWEST,EMAIL,PLUS,1861,8,4,143.89,29.97,0.8071,0.3761,9,10,6,92,0.3719,0.4455,1,0,0,0.0,0,0,0.215996
HP000955,2026-04-01,RET-202604,WEST,PUSH,PLUS,2098,6,4,108.5,30.38,,0.0402,0,10,1,54,0.2381,0.4575,1,0,0,0.0,0,0,0.051611
HP000056,2025-11-01,RET-202511,NORTHEAST,SMS,STANDARD,156,16,1,155.81,141.93,0.7868,0.2845,4,5,0,45,0.7135,0.3486,1,0,0,0.0,1,0,0.217065
HP004630,2026-01-01,RET-202601,WEST,SMS,STANDARD,501,18,4,148.5,,0.3343,0.0813,1,11,1,27,0.2053,0.4818,1,0,0,0.0,1,0,0.056459
HP004616,2026-04-01,RET-202604,WEST,PUSH,STANDARD,1109,6,3,148.4,50.73,0.244,0.0625,3,2,0,76,0.3531,0.4813,1,0,0,0.0,0,0,0.058113
HP004601,2026-03-01,RET-202603,NORTHEAST,EMAIL,STANDARD,571,103,1,73.47,60.83,0.5367,0.1491,0,7,0,22,0.4232,0.4344,1,0,0,0.0,1,1,0.023125
HP000703,2026-06-01,RET-202606,SOUTH,EMAIL,STANDARD,1588,17,1,83.26,70.66,0.1179,0.0105,1,3,0,42,0.0789,0.4216,1,0,0,0.0,1,0,0.040256
HP003448,2025-09-01,RET-202509,SOUTH,EMAIL,STANDARD,803,14,2,105.14,55.13,0.1248,0.0216,1,12,1,8,0.2309,0.4367,1,0,0,0.0,0,0,0.026347
HP001950,2026-08-01,RET-202608,SOUTH,EMAIL,PLUS,548,16,0,0.0,103.49,0.3225,0.0919,4,7,2,34,0.5906,0.3828,1,0,0,0.0,0,0,0.072479
HP002992,2026-05-01,RET-202605,MIDWEST,EMAIL,STANDARD,883,74,0,0.0,58.97,0.0047,0.0001,0,7,0,40,0.2643,0.4313,1,0,0,0.0,0,0,0.020226
HP002739,2026-08-01,RET-202608,SOUTH,EMAIL,PLUS,1629,5,0,0.0,51.07,0.125,0.0218,2,12,1,74,0.81,0.3787,1,0,0,0.0,0,0,0.112549
HP002089,2026-04-01,RET-202604,NORTHEAST,SMS,PREMIUM,459,36,3,112.74,40.61,0.6427,0.2313,3,12,2,20,0.5763,0.412,1,0,0,0.0,1,1,0.087441
HP001181,2026-05-01,RET-202605,SOUTH,EMAIL,PLUS,1646,44,0,0.0,84.57,0.1094,0.0222,1,12,1,3,0.5326,0.4472,1,0,0,0.0,0,0,0.017579
HP004782,2025-09-01,RET-202509,MIDWEST,EMAIL,STANDARD,965,2,1,42.19,54.2,0.2384,0.0782,3,7,2,15,0.786,0.3518,1,0,0,0.0,0,0,0.09826
HP004893,2026-01-01,RET-202601,WEST,SMS,STANDARD,1895,19,0,0.0,60.66,0.0573,0.0048,0,9,0,41,0.125,0.4539,1,0,0,0.0,0,0,0.031489
HP005254,2026-02-01,RET-202602,NORTHEAST,EMAIL,PLUS,1979,5,1,101.66,85.17,0.1799,0.0394,1,4,0,53,0.4417,0.4592,1,0,0,0.0,0,0,0.055535
HP001454,2026-04-01,RET-202604,WEST,EMAIL,PLUS,785,17,4,199.38,45.96,0.6687,0.2287,2,12,2,83,0.1191,0.4221,1,0,0,0.0,0,0,0.101002
HP005638,2026-08-01,RET-202608,SOUTH,SMS,PLUS,1118,24,3,94.07,37.75,0.4694,0.2053,0,7,1,19,0.4777,0.3963,1,0,0,0.0,1,0,0.054771
HP005863,2025-09-01,RET-202509,NORTHEAST,PUSH,STANDARD,352,13,4,437.24,98.81,0.1559,0.0412,2,7,0,58,0.5585,0.4015,1,0,1,169.58,0,0,0.061582
HP000611,2026-08-01,RET-202608,NORTHEAST,EMAIL,STANDARD,1012,23,1,98.6,104.48,0.148,0.026,3,3,1,9,0.388,0.435,1,0,0,0.0,0,0,0.06131
HP002151,2026-06-01,RET-202606,WEST,SMS,PLUS,985,6,4,236.82,62.0,0.6531,0.2878,3,11,2,37,0.3712,0.407,1,0,0,0.0,1,0,0.114924
HP000095,2025-09-01,RET-202509,NORTHEAST,EMAIL,STANDARD,1228,109,4,484.82,,0.1328,0.0085,0,6,0,52,0.1598,0.4762,1,0,0,0.0,0,0,0.019915
HP003528,2025-09-01,RET-202509,SOUTH,EMAIL,PLUS,1068,6,7,483.97,63.23,0.2532,0.0735,2,4,1,21,0.6949,0.35,1,0,0,0.0,0,0,0.116362
HP005656,2026-04-01,RET-202604,WEST,PUSH,PREMIUM,717,5,5,260.69,48.99,,0.2321,2,3,3,12,0.5139,0.402,1,0,0,0.0,0,0,0.262755
HP004356,2026-06-01,RET-202606,SOUTH,PUSH,PREMIUM,2131,4,7,1050.09,154.81,0.1368,0.0464,3,3,0,32,0.5236,0.4054,1,0,1,135.17,1,0,0.167912
HP005424,2026-05-01,RET-202605,NORTHEAST,EMAIL,STANDARD,843,90,1,33.94,39.34,0.1645,0.0218,1,12,2,62,0.3265,0.4301,1,0,0,0.0,0,0,0.026035
HP001882,2025-12-01,RET-202512,SOUTH,PUSH,STANDARD,1140,87,1,67.88,55.53,0.1637,0.0313,4,4,0,74,0.3141,0.4193,1,0,0,0.0,0,0,0.030818
HP004767,2026-05-01,RET-202605,NORTHEAST,EMAIL,STANDARD,953,31,2,133.35,,0.4359,0.1126,4,8,0,46,0.2063,0.428,1,0,0,0.0,0,0,0.05216
HP000185,2025-10-01,RET-202510,WEST,EMAIL,PLUS,152,29,4,450.17,119.91,0.2744,0.103,4,10,2,67,0.3144,0.4091,1,0,0,0.0,0,0,0.074915
HP005222,2026-05-01,RET-202605,MIDWEST,SMS,STANDARD,1365,22,0,0.0,80.85,0.0299,0.0052,3,12,0,58,0.4829,0.3835,1,0,0,0.0,0,0,0.039369
HP004194,2026-07-01,RET-202607,WEST,SMS,PREMIUM,1719,1,7,807.12,129.54,0.7139,0.3829,4,8,2,100,0.6585,0.3852,1,0,0,0.0,0,0,0.522867
HP001733,2026-04-01,RET-202604,WEST,EMAIL,STANDARD,729,60,0,0.0,53.1,0.1361,0.0209,0,3,0,36,0.5827,0.3953,1,0,0,0.0,0,0,0.027646
HP004154,2026-03-01,RET-202603,WEST,EMAIL,STANDARD,250,16,2,307.04,135.86,0.3715,0.1363,2,2,0,15,0.7273,0.3501,1,0,1,171.09,1,0,0.06813
HP002654,2026-08-01,RET-202608,WEST,EMAIL,PLUS,1394,12,2,198.76,93.61,0.4108,0.1302,3,12,2,15,0.3832,0.4553,1,0,0,0.0,1,0,0.034423
HP005486,2026-01-01,RET-202601,MIDWEST,PUSH,STANDARD,2008,25,1,75.65,82.11,0.3462,0.1243,4,10,2,29,0.666,0.3675,1,0,1,74.56,1,0,0.066808
HP001816,2026-07-01,RET-202607,NORTHEAST,PUSH,STANDARD,1672,12,2,222.44,103.16,0.054,0.0108,0,8,0,24,0.726,0.3597,1,0,0,0.0,0,0,0.042521
HP001512,2026-04-01,RET-202604,NORTHEAST,EMAIL,STANDARD,1704,18,2,117.39,48.33,0.7056,0.2811,3,10,2,85,0.5425,0.4111,1,0,0,0.0,0,0,0.115152
HP000539,2026-08-01,RET-202608,NORTHEAST,EMAIL,STANDARD,1569,15,0,0.0,56.4,0.631,0.1887,1,9,2,94,0.4646,0.4262,1,0,1,58.84,1,1,0.08633
HP001739,2026-03-01,RET-202603,MIDWEST,SMS,PREMIUM,1737,8,4,258.96,54.76,0.7829,0.4747,4,7,4,27,0.4105,0.4122,1,0,0,0.0,1,0,0.236113
HP005215,2026-01-01,RET-202601,SOUTH,PUSH,STANDARD,1591,-4,2,82.25,35.99,0.1233,0.0153,1,9,0,91,0.1379,0.4862,1,0,0,0.0,0,0,0.020094
HP000960,2026-07-01,RET-202607,NORTHEAST,PUSH,STANDARD,1847,43,0,0.0,74.06,0.3056,0.0689,1,5,0,79,0.4012,0.3858,1,0,0,0.0,0,0,0.032247
HP004666,2025-12-01,RET-202512,SOUTH,SMS,PLUS,400,11,1,47.39,49.01,0.3261,0.0818,1,10,2,72,0.229,0.4621,1,0,0,0.0,0,0,0.072501
HP003300,2026-06-01,RET-202606,MIDWEST,EMAIL,PREMIUM,379,30,1,125.11,126.66,0.4176,0.1258,0,6,2,51,0.5447,0.3981,1,0,0,0.0,0,0,0.075101
HP003286,2025-09-01,RET-202509,SOUTH,SMS,PLUS,1665,15,5,473.78,92.48,0.3629,0.0824,6,5,0,12,0.159,0.4653,1,0,0,0.0,0,0,0.068781
HP000057,2026-06-01,RET-202606,MIDWEST,PUSH,STANDARD,2197,48,2,89.48,47.5,0.4483,0.1315,3,7,1,41,0.1409,0.4919,1,0,0,0.0,0,0,0.043088
HP002093,2026-02-01,RET-202602,WEST,PUSH,PLUS,599,83,2,113.1,56.29,0.0515,0.0044,1,7,1,41,0.1248,0.4733,1,0,0,0.0,0,0,0.023652
HP005561,2025-10-01,RET-202510,WEST,PUSH,PREMIUM,1626,15,6,623.52,102.65,0.68,0.2405,3,3,2,37,0.7879,0.4035,1,0,0,0.0,0,0,0.572596
HP002924,2025-12-01,RET-202512,SOUTH,EMAIL,STANDARD,341,29,1,36.34,29.86,0.2584,0.0572,1,6,0,5,0.7113,0.3866,1,0,0,0.0,1,0,0.06436
HP001318,2026-07-01,RET-202607,NORTHEAST,SMS,PREMIUM,1635,58,0,0.0,44.65,0.1408,0.0238,2,2,0,41,0.3577,0.4458,1,0,0,0.0,0,0,0.033296
HP004834,2026-06-01,RET-202606,MIDWEST,EMAIL,PREMIUM,1658,59,3,156.04,55.9,0.421,0.14,1,6,1,33,0.3917,0.42,1,0,0,0.0,1,0,0.058772
HP002428,2025-11-01,RET-202511,SOUTH,EMAIL,STANDARD,1062,16,4,218.08,49.06,0.2473,0.0573,3,12,2,46,0.3004,0.439,1,0,0,0.0,0,0,0.093665
HP002713,2026-03-01,RET-202603,MIDWEST,SMS,PLUS,1170,22,0,0.0,69.51,0.3914,0.0783,1,11,1,14,0.5141,0.3762,1,0,0,0.0,1,0,0.022737
HP002983,2026-06-01,RET-202606,SOUTH,EMAIL,PLUS,679,79,1,40.25,43.9,0.1498,0.0156,0,4,0,143,0.237,0.4372,1,0,0,0.0,0,0,0.021078
HP005997,2026-06-01,RET-202606,NORTHEAST,PUSH,PLUS,457,21,3,226.73,89.94,0.6252,0.2431,5,9,3,84,0.5065,0.4133,1,0,0,0.0,1,0,0.114652
HP001342,2025-12-01,RET-202512,WEST,EMAIL,PLUS,355,30,2,84.73,47.27,0.2123,0.0534,0,10,2,48,0.7692,0.3358,1,0,0,0.0,0,0,0.189241
HP004723,2025-11-01,RET-202511,MIDWEST,EMAIL,PLUS,791,4,5,519.72,112.04,0.7893,0.4336,2,11,3,37,0.5728,0.4457,1,0,0,0.0,1,0,0.225159
HP001873,2026-07-01,RET-202607,NORTHEAST,EMAIL,PLUS,1310,89,3,100.5,44.63,0.2344,0.0426,4,3,1,64,0.2661,0.4493,1,0,0,0.0,1,1,0.037863
HP003107,2026-05-01,RET-202605,MIDWEST,EMAIL,STANDARD,1407,14,2,138.71,68.47,0.6922,0.2534,3,6,1,84,0.2058,0.4383,1,0,0,0.0,1,0,0.101105
HP005990,2026-02-01,RET-202602,WEST,EMAIL,PREMIUM,1797,55,4,246.95,60.4,0.2574,0.1036,3,10,3,28,0.848,0.3627,1,0,0,0.0,0,0,0.087556
HP003740,2026-02-01,RET-202602,WEST,EMAIL,PLUS,774,34,2,205.16,86.84,0.6876,0.2535,5,3,0,28,0.1652,0.4623,1,0,0,0.0,1,0,0.064019
HP000989,2025-10-01,RET-202510,MIDWEST,EMAIL,STANDARD,1071,16,2,115.26,53.13,0.4172,0.1315,0,2,0,31,0.8082,0.3861,1,0,0,0.0,1,0,0.064367
HP002517,2026-08-01,RET-202608,NORTHEAST,EMAIL,STANDARD,1353,14,3,365.94,125.72,0.5422,0.2226,4,5,4,122,0.8584,0.3764,1,0,1,152.22,0,0,0.330232
HP001517,2026-08-01,RET-202608,MIDWEST,SMS,PREMIUM,1220,14,7,400.55,66.72,0.5719,0.1425,4,10,0,136,0.2323,0.4154,1,0,0,0.0,1,0,0.091446
HP000708,2025-12-01,RET-202512,WEST,PUSH,STANDARD,690,16,2,84.69,40.64,0.132,0.0296,1,10,1,28,0.7406,0.3569,1,0,0,0.0,1,0,0.104343
HP002960,2025-09-01,RET-202509,NORTHEAST,EMAIL,PLUS,1866,54,3,271.58,108.07,0.1974,0.0473,2,9,1,45,0.2747,0.4349,1,0,0,0.0,1,0,0.045586
HP000409,2025-09-01,RET-202509,WEST,PUSH,PLUS,457,37,1,81.81,97.87,0.2605,0.0753,1,9,3,50,0.3686,0.4097,1,0,0,0.0,1,0,0.054016
HP003645,2026-02-01,RET-202602,MIDWEST,EMAIL,STANDARD,1821,3,0,0.0,25.01,0.7799,0.4512,6,12,4,79,0.5735,0.3751,1,0,0,0.0,0,0,0.169275
HP001869,2025-10-01,RET-202510,MIDWEST,PUSH,STANDARD,1763,14,1,38.45,36.21,0.1515,0.0175,0,9,1,10,0.4807,0.434,1,0,0,0.0,0,0,0.021968
HP002727,2025-09-01,RET-202509,NORTHEAST,PUSH,PREMIUM,780,4,6,1130.93,189.86,0.8096,0.3979,5,12,3,89,0.3058,0.461,1,0,0,0.0,0,0,0.35525
HP000017,2025-10-01,RET-202510,SOUTH,SMS,PLUS,725,4,3,188.66,71.28,0.4727,0.1039,3,2,0,12,0.0828,0.4973,1,0,0,0.0,0,0,0.064532
HP001379,2026-08-01,RET-202608,WEST,EMAIL,PLUS,1133,71,1,107.45,92.5,0.0514,0.0042,1,5,1,49,0.2347,0.4241,1,0,0,0.0,0,0,0.028739
HP002592,2025-11-01,RET-202511,NORTHEAST,PUSH,PREMIUM,249,23,7,398.06,47.36,0.1255,0.0326,4,6,1,97,0.4772,0.407,1,0,0,0.0,1,1,0.116813
HP005653,2025-12-01,RET-202512,WEST,EMAIL,PLUS,1202,6,4,377.57,90.96,0.2789,0.0683,3,5,0,28,0.3016,0.4555,1,0,0,0.0,0,0,0.129971
HP002680,2026-04-01,RET-202604,MIDWEST,EMAIL,STANDARD,1088,66,1,32.22,34.4,0.0969,0.0137,0,4,0,49,0.6527,0.4062,1,0,0,0.0,0,0,0.053156
HP004571,2025-12-01,RET-202512,WEST,SMS,PREMIUM,441,6,15,1193.47,74.28,0.5804,0.3358,2,11,4,77,0.6065,0.3782,1,0,1,91.71,0,0,0.620634
HP000419,2026-06-01,RET-202606,NORTHEAST,SMS,PREMIUM,2046,39,0,0.0,47.11,0.5819,0.1351,5,8,2,56,0.2843,0.4452,1,0,0,0.0,0,0,0.067471
HP001782,2026-08-01,RET-202608,NORTHEAST,PUSH,PREMIUM,1744,10,6,366.98,60.06,0.3399,0.1003,5,3,0,17,0.2615,0.4398,1,0,0,0.0,1,1,0.084487
HP003543,2025-12-01,RET-202512,NORTHEAST,PUSH,PLUS,489,30,1,60.02,70.04,0.437,0.1621,1,11,2,41,0.6548,0.3724,1,0,0,0.0,0,0,0.138227
HP002458,2025-09-01,RET-202509,WEST,SMS,STANDARD,1999,46,1,119.51,115.69,0.1317,0.0252,0,6,2,40,0.1849,0.4851,1,0,0,0.0,0,0,0.03869
HP001695,2026-06-01,RET-202606,WEST,EMAIL,STANDARD,1507,36,0,0.0,35.5,0.6046,0.2051,6,8,3,53,0.5733,0.3504,1,0,0,0.0,0,0,0.082415
HP000408,2026-02-01,RET-202602,MIDWEST,SMS,PLUS,841,8,5,203.33,37.39,0.4127,0.1679,3,3,0,31,0.3409,0.4408,1,0,0,0.0,1,0,0.089987
HP005902,2026-01-01,RET-202601,MIDWEST,EMAIL,PLUS,1526,18,1,56.47,64.08,0.9339,0.5086,3,10,3,43,0.2962,0.4296,1,0,0,0.0,1,0,0.143672
HP003142,2025-12-01,RET-202512,NORTHEAST,SMS,PREMIUM,882,15,1,147.7,162.07,0.2215,0.0555,2,4,0,71,0.5127,0.395,1,0,0,0.0,0,0,0.07945
HP005262,2026-05-01,RET-202605,SOUTH,PUSH,PLUS,1655,57,4,226.67,52.17,0.2886,0.0674,2,6,2,55,0.6038,0.3739,1,0,0,0.0,0,0,0.053678
HP005826,2026-07-01,RET-202607,WEST,EMAIL,PLUS,1956,11,2,39.72,21.67,0.2819,0.0879,1,10,0,23,0.5457,0.4328,1,0,0,0.0,1,0,0.057627
HP001254,2026-01-01,RET-202601,SOUTH,EMAIL,STANDARD,1814,47,3,345.03,115.16,0.0237,0.0016,1,10,0,25,0.3644,0.4141,1,0,0,0.0,0,0,0.037755
HP003483,2026-05-01,RET-202605,NORTHEAST,PUSH,STANDARD,2211,6,2,67.26,37.37,0.3355,0.1247,4,4,2,49,0.1667,0.5065,1,0,1,33.55,1,0,0.088625
HP005624,2026-06-01,RET-202606,SOUTH,EMAIL,STANDARD,816,23,1,43.61,39.11,0.5443,0.0913,2,10,0,56,0.2021,0.4591,1,0,0,0.0,0,0,0.050253
HP005513,2026-04-01,RET-202604,SOUTH,EMAIL,PLUS,1125,8,5,335.97,61.74,,0.2935,3,8,1,56,0.3806,0.5164,1,0,1,98.38,0,0,0.132229
HP000016,2026-04-01,RET-202604,NORTHEAST,EMAIL,STANDARD,2096,13,3,63.54,22.91,0.6961,0.2376,1,2,0,24,0.1951,0.4478,1,0,0,0.0,1,0,0.085868
HP003067,2026-03-01,RET-202603,SOUTH,EMAIL,PLUS,1617,28,1,66.29,61.25,0.3151,0.0448,0,8,0,56,0.1212,0.4744,1,0,1,88.47,0,0,0.037236
HP002322,2026-05-01,RET-202605,WEST,EMAIL,PREMIUM,1812,23,3,205.93,75.39,0.324,0.114,1,6,2,63,0.3883,0.4085,1,0,0,0.0,1,0,0.091459
HP003451,2026-06-01,RET-202606,SOUTH,PUSH,STANDARD,1333,126,1,48.58,46.23,0.0511,0.0039,0,4,1,92,0.1392,0.4624,1,0,0,0.0,0,0,0.013855
HP002109,2025-09-01,RET-202509,NORTHEAST,PUSH,PLUS,305,1,1,78.46,69.36,0.8065,0.4143,5,8,2,24,0.2762,0.4623,1,0,0,0.0,0,0,0.142017
HP005410,2025-12-01,RET-202512,MIDWEST,EMAIL,PLUS,1097,4,2,88.46,48.85,0.4069,0.1903,5,2,1,39,0.7857,0.3443,1,0,1,47.95,0,0,0.337901
HP000670,2026-04-01,RET-202604,WEST,SMS,PLUS,944,17,6,385.97,68.39,0.7767,0.4414,5,4,1,9,0.4339,0.4486,1,0,0,0.0,1,0,0.153628
HP004257,2026-03-01,RET-202603,SOUTH,SMS,STANDARD,393,19,2,94.19,49.0,0.4105,0.1824,1,11,1,114,0.7595,0.394,1,0,1,56.36,1,0,0.146056
HP003651,2025-12-01,RET-202512,SOUTH,EMAIL,PLUS,1247,10,2,263.25,108.44,0.1586,0.0231,0,10,0,60,0.1045,0.4548,1,0,0,0.0,0,0,0.056629
HP004661,2026-08-01,RET-202608,WEST,SMS,PREMIUM,2044,48,6,674.07,118.39,0.2012,0.0736,1,3,0,40,0.6385,0.393,1,0,0,0.0,0,0,0.055035
HP000680,2026-01-01,RET-202601,MIDWEST,PUSH,PREMIUM,929,6,8,494.07,63.99,0.6127,0.3054,2,5,1,94,0.528,0.4189,1,0,0,0.0,0,0,0.185089
HP004224,2026-01-01,RET-202601,SOUTH,EMAIL,PREMIUM,1074,13,8,595.08,63.81,0.654,0.372,3,3,1,72,0.6723,0.4047,1,0,0,0.0,0,0,0.561651
HP004781,2026-04-01,RET-202604,NORTHEAST,SMS,STANDARD,654,81,1,77.37,87.54,0.0632,0.0107,0,7,0,55,0.5694,0.3913,1,0,0,0.0,0,0,0.020403
HP003199,2025-11-01,RET-202511,NORTHEAST,EMAIL,PREMIUM,397,27,4,428.29,112.7,0.2467,0.0614,0,9,1,33,0.5274,0.3549,1,0,0,0.0,0,0,0.090191
HP005189,2026-05-01,RET-202605,SOUTH,PUSH,PLUS,494,28,6,401.54,65.72,0.2778,0.0971,2,2,1,37,0.3724,0.4338,1,0,0,0.0,0,0,0.085562
HP002437,2025-10-01,RET-202510,SOUTH,PUSH,PLUS,1956,26,5,241.95,57.67,0.7288,0.3259,3,6,1,54,0.4531,0.4856,1,0,1,55.04,0,0,0.096585
HP004155,2026-04-01,RET-202604,MIDWEST,SMS,PREMIUM,1107,22,4,336.13,87.8,0.7975,0.4206,3,7,2,37,0.4895,0.4217,1,0,0,0.0,1,0,0.134472
HP003164,2025-11-01,RET-202511,NORTHEAST,EMAIL,PLUS,496,6,2,239.58,97.21,0.1536,0.0442,1,3,1,16,0.6962,0.3832,1,0,0,0.0,0,0,0.107965
HP004093,2025-10-01,RET-202510,MIDWEST,SMS,STANDARD,1376,18,2,121.68,52.57,0.7887,0.3505,4,2,0,13,0.3303,0.4635,1,0,0,0.0,1,1,0.097035
HP003087,2026-08-01,RET-202608,WEST,EMAIL,STANDARD,1156,17,3,111.98,40.69,0.1206,0.019,2,10,0,82,0.642,0.3978,1,0,0,0.0,0,0,0.10341
HP001564,2026-03-01,RET-202603,WEST,SMS,PLUS,1776,15,2,85.27,42.1,0.3839,0.1243,2,11,1,51,0.1522,0.4403,1,0,0,0.0,0,0,0.055158
HP005095,2026-03-01,RET-202603,NORTHEAST,PUSH,STANDARD,850,17,3,164.59,55.51,0.4034,0.1448,1,9,1,95,0.3485,0.4571,1,0,0,0.0,0,0,0.060396
HP002321,2026-02-01,RET-202602,WEST,EMAIL,PLUS,1358,22,5,198.32,38.71,0.6003,0.3015,5,6,0,120,0.4632,0.42,1,0,0,0.0,1,0,0.092399
HP004114,2026-04-01,RET-202604,SOUTH,SMS,PLUS,843,130,2,199.82,103.13,0.1113,0.0158,1,10,0,53,0.4853,0.3742,1,0,0,0.0,0,0,0.014766
HP004845,2026-03-01,RET-202603,NORTHEAST,EMAIL,STANDARD,2084,69,0,0.0,81.55,0.1044,0.0069,3,3,0,34,0.0824,0.4888,1,0,0,0.0,0,0,0.025829
HP002576,2026-08-01,RET-202608,WEST,SMS,PLUS,1585,12,3,237.77,89.13,0.2582,0.0986,1,8,2,34,0.551,0.369,1,0,0,0.0,0,0,0.066506
HP002842,2026-04-01,RET-202604,NORTHEAST,EMAIL,STANDARD,854,8,0,0.0,52.22,0.4909,0.0816,2,4,0,29,0.1763,0.4296,1,0,0,0.0,1,0,0.054553
HP002785,2026-07-01,RET-202607,NORTHEAST,EMAIL,PREMIUM,628,4,11,1681.74,171.03,0.5427,0.317,5,8,2,20,0.7631,0.3736,1,0,0,0.0,0,0,0.419566
HP002830,2025-11-01,RET-202511,WEST,EMAIL,PLUS,611,16,2,109.6,46.93,0.2449,0.0589,1,6,0,98,0.2157,0.4563,1,0,0,0.0,1,0,0.097048
HP000572,2025-10-01,RET-202510,SOUTH,SMS,PLUS,928,8,3,320.64,127.11,0.6513,0.2508,4,9,0,12,0.7323,0.4205,1,0,0,0.0,0,0,0.054954
HP001527,2026-05-01,RET-202605,MIDWEST,EMAIL,PLUS,418,40,4,495.78,102.39,0.4674,0.153,1,7,1,14,0.602,0.4014,1,0,0,0.0,0,0,0.064081
HP004982,2026-07-01,RET-202607,NORTHEAST,SMS,PLUS,1995,10,3,240.98,86.52,0.2083,0.0285,1,6,0,56,0.0621,0.4451,1,0,0,0.0,1,0,0.043683
HP003898,2026-07-01,RET-202607,MIDWEST,EMAIL,PREMIUM,1562,7,3,228.09,79.83,0.442,0.1415,6,2,1,18,0.0891,0.5001,1,0,0,0.0,0,0,0.13264
HP003447,2026-03-01,RET-202603,MIDWEST,EMAIL,STANDARD,702,10,2,142.96,67.55,0.4256,0.1311,2,8,0,59,0.5733,0.4352,1,0,0,0.0,0,0,0.069455
HP002436,2026-04-01,RET-202604,SOUTH,EMAIL,PLUS,1053,23,3,182.52,55.77,0.6556,0.1757,2,8,2,17,0.5106,0.4185,1,0,0,0.0,1,0,0.086554
HP004008,2025-10-01,RET-202510,SOUTH,EMAIL,STANDARD,324,10,2,79.99,,0.4861,0.2098,5,3,0,35,0.7858,0.3346,1,0,0,0.0,1,0,0.200875
HP005251,2025-10-01,RET-202510,MIDWEST,EMAIL,PREMIUM,1575,2,5,286.87,,0.8522,0.6542,9,4,3,13,0.2658,0.4254,1,0,0,0.0,1,1,0.384438
HP002897,2026-05-01,RET-202605,NORTHEAST,EMAIL,STANDARD,1794,44,1,37.83,,0.4738,0.1235,2,4,0,6,0.441,0.4305,1,0,0,0.0,0,0,0.045158
HP001129,2026-08-01,RET-202608,WEST,EMAIL,STANDARD,1417,30,3,143.19,51.65,0.6511,0.2002,1,12,3,34,0.8539,0.3976,1,0,0,0.0,1,1,0.153206
HP002817,2025-10-01,RET-202510,SOUTH,EMAIL,PLUS,1571,34,3,200.26,65.26,0.3328,0.1051,3,3,0,79,0.1883,0.4798,1,0,0,0.0,0,0,0.054072
HP005574,2026-03-01,RET-202603,WEST,EMAIL,STANDARD,2096,98,1,21.59,22.33,0.057,0.005,1,9,0,33,0.5116,0.4126,1,0,0,0.0,0,0,0.021456
HP002291,2025-12-01,RET-202512,MIDWEST,SMS,STANDARD,803,11,3,217.12,75.28,0.4399,0.1192,1,8,0,49,0.1453,0.4882,1,0,0,0.0,0,0,0.069764
HP005654,2025-11-01,RET-202511,SOUTH,EMAIL,PLUS,934,70,0,0.0,53.01,0.1048,0.0144,1,2,0,16,0.6428,0.3789,1,0,0,0.0,0,0,0.037814
HP005157,2026-06-01,RET-202606,MIDWEST,EMAIL,STANDARD,1261,79,5,426.53,66.89,0.4674,0.1756,1,7,2,139,0.3536,0.4377,1,0,0,0.0,0,0,0.049298
HP003068,2026-05-01,RET-202605,SOUTH,SMS,PREMIUM,935,12,5,938.75,204.8,0.5886,0.185,1,11,0,47,0.1388,0.4937,1,0,0,0.0,1,0,0.180265
HP005056,2026-04-01,RET-202604,NORTHEAST,EMAIL,STANDARD,1252,104,3,93.27,32.2,0.5375,0.164,5,10,3,33,0.4688,0.4067,1,0,0,0.0,0,0,0.043684
HP002142,2026-07-01,RET-202607,SOUTH,EMAIL,PLUS,517,11,4,180.32,36.25,0.274,0.0714,2,4,0,71,0.3864,0.4372,1,0,0,0.0,1,0,0.062561
HP004977,2026-05-01,RET-202605,SOUTH,EMAIL,PLUS,2161,37,4,325.15,81.2,0.1545,0.0392,1,12,0,42,0.4214,0.4239,1,0,0,0.0,1,0,0.045568
HP003263,2026-01-01,RET-202601,NORTHEAST,EMAIL,PREMIUM,1031,16,2,53.23,30.51,0.3902,0.1257,3,4,0,26,0.5256,0.3897,1,0,0,0.0,1,0,0.084317
HP001891,2026-03-01,RET-202603,SOUTH,SMS,PLUS,1939,33,4,90.57,20.77,,0.3763,2,9,2,18,0.5292,0.4066,1,0,0,0.0,1,0,0.089535
HP003314,2025-12-01,RET-202512,NORTHEAST,EMAIL,PREMIUM,2071,29,3,204.24,60.52,0.7855,0.3218,4,10,2,34,0.5466,0.3948,1,0,0,0.0,1,0,0.155503
HP005781,2026-07-01,RET-202607,NORTHEAST,EMAIL,STANDARD,465,3,2,65.97,33.8,0.3008,0.0644,1,7,1,8,0.7311,0.4078,1,0,1,38.64,1,0,0.073857
HP005745,2026-07-01,RET-202607,WEST,PUSH,STANDARD,1413,17,0,0.0,26.54,0.5148,0.1606,1,9,3,70,0.8334,0.3627,1,0,0,0.0,1,0,0.163029
HP000880,2025-09-01,RET-202509,NORTHEAST,EMAIL,PLUS,857,9,3,508.21,135.6,0.8521,0.4909,3,11,8,70,0.7146,0.4042,1,0,1,190.16,1,1,0.414172
HP005725,2026-02-01,RET-202602,NORTHEAST,EMAIL,PLUS,682,1,2,122.77,68.87,0.55,0.1971,2,11,0,117,0.1581,0.4917,1,0,0,0.0,0,0,0.089513
HP000019,2026-06-01,RET-202606,MIDWEST,PUSH,STANDARD,985,14,0,0.0,46.88,0.4201,0.1448,4,9,2,19,0.3328,0.4684,1,0,0,0.0,0,0,0.063145
HP002245,2025-12-01,RET-202512,SOUTH,EMAIL,PREMIUM,1208,6,7,1004.44,157.74,0.718,0.2209,2,2,0,64,0.3479,0.454,1,0,1,131.71,1,0,0.324886
HP005381,2026-02-01,RET-202602,MIDWEST,EMAIL,STANDARD,1115,5,1,42.58,39.23,0.3102,0.0634,2,5,0,26,0.2636,0.4092,1,0,0,0.0,0,0,0.058135
HP004018,2026-06-01,RET-202606,NORTHEAST,SMS,STANDARD,1796,59,0,0.0,40.35,0.045,0.0017,1,3,0,19,0.2597,0.4836,1,0,0,0.0,0,0,0.023306
HP004821,2026-08-01,RET-202608,SOUTH,EMAIL,STANDARD,989,109,0,0.0,33.42,0.0861,0.0143,2,3,0,88,0.8271,0.3841,1,0,0,0.0,0,0,0.039284
HP000242,2026-07-01,RET-202607,SOUTH,EMAIL,PLUS,523,13,2,193.2,75.68,0.5602,0.1716,2,7,2,19,0.4705,0.4058,1,0,0,0.0,1,0,0.104964
HP003734,2026-01-01,RET-202601,SOUTH,PUSH,PLUS,977,41,5,534.52,100.26,0.4664,0.1698,2,8,1,69,0.7815,0.366,1,0,0,0.0,0,0,0.127823
HP000672,2026-01-01,RET-202601,SOUTH,PUSH,STANDARD,1206,55,2,237.69,111.84,0.2512,0.0681,2,9,1,12,0.4838,0.4369,1,0,0,0.0,0,0,0.018854
HP004150,2025-09-01,RET-202509,MIDWEST,EMAIL,PREMIUM,119,5,7,307.34,42.36,0.8199,0.5234,5,2,0,45,0.5695,0.3685,1,0,0,0.0,1,1,0.232782
HP001906,2025-09-01,RET-202509,NORTHEAST,EMAIL,STANDARD,582,21,2,171.12,82.9,0.5412,0.1296,5,11,0,34,0.3411,0.3791,1,0,0,0.0,0,0,0.070606
HP004594,2025-09-01,RET-202509,MIDWEST,EMAIL,PLUS,988,14,3,184.5,57.49,0.5507,0.2614,3,4,1,169,0.6319,0.4016,1,0,0,0.0,1,0,0.13671
HP004161,2025-11-01,RET-202511,SOUTH,EMAIL,PLUS,1062,24,2,180.32,94.54,0.5297,0.1654,1,8,0,19,0.3633,0.4593,1,0,0,0.0,0,0,0.075732
HP001047,2025-11-01,RET-202511,SOUTH,EMAIL,STANDARD,1236,92,0,0.0,19.53,0.1896,0.0185,1,9,0,23,0.2689,0.4619,1,0,0,0.0,0,0,0.027837
HP003819,2026-08-01,RET-202608,NORTHEAST,EMAIL,PLUS,943,5,3,267.16,91.68,0.9298,0.6226,4,2,1,147,0.6383,0.4158,1,0,1,76.63,1,1,0.230601
HP003790,2025-12-01,RET-202512,NORTHEAST,SMS,PLUS,1087,15,0,0.0,69.61,0.2131,0.0557,0,12,2,66,0.8016,0.3472,1,0,0,0.0,0,0,0.122023
HP002640,2026-05-01,RET-202605,WEST,EMAIL,PREMIUM,2078,14,5,221.36,38.23,0.4718,0.1836,5,12,1,85,0.2407,0.4681,1,0,0,0.0,0,0,0.128182
HP001804,2026-01-01,RET-202601,WEST,SMS,PREMIUM,464,9,3,335.84,124.8,0.4231,0.1465,1,12,1,79,0.3077,0.4019,1,0,0,0.0,1,0,0.080795
HP003489,2026-08-01,RET-202608,SOUTH,EMAIL,PLUS,1983,12,6,523.05,77.37,0.0718,0.011,2,8,0,21,0.7013,0.3801,1,0,0,0.0,0,0,0.067425
HP000321,2026-05-01,RET-202605,NORTHEAST,SMS,STANDARD,1787,5,1,134.01,134.53,0.2785,0.0947,1,6,0,37,0.5753,0.3926,1,0,0,0.0,1,0,0.053685
HP004384,2026-06-01,RET-202606,MIDWEST,SMS,PLUS,2153,35,0,0.0,64.94,0.371,0.072,2,3,0,8,0.6143,0.4055,1,0,0,0.0,1,1,0.040494
HP001637,2026-06-01,RET-202606,NORTHEAST,EMAIL,STANDARD,1372,10,2,135.03,67.18,0.1725,0.0391,3,6,0,21,0.5805,0.3843,1,0,0,0.0,0,0,0.060045
HP004953,2026-06-01,RET-202606,MIDWEST,PUSH,PLUS,1515,26,3,174.23,63.8,0.4208,0.1496,1,5,0,3,0.4558,0.4148,1,0,0,0.0,1,0,0.050583
HP004861,2026-06-01,RET-202606,NORTHEAST,SMS,STANDARD,1421,45,3,227.94,75.18,0.2146,0.0468,0,11,1,29,0.5771,0.3956,1,0,0,0.0,1,1,0.036973
HP004474,2026-06-01,RET-202606,SOUTH,EMAIL,PLUS,845,13,2,188.69,97.31,0.5229,0.2364,0,8,4,121,0.7446,0.3437,1,0,1,154.58,0,0,0.218373
HP000233,2026-03-01,RET-202603,WEST,EMAIL,PLUS,1393,21,0,0.0,112.91,0.0719,0.0115,2,4,0,18,0.5166,0.3937,1,0,0,0.0,0,0,0.045406
HP000962,2026-06-01,RET-202606,MIDWEST,SMS,PREMIUM,572,27,5,435.74,,0.5097,0.1673,6,5,2,19,0.1825,0.4934,1,0,0,0.0,1,0,0.109538
HP000627,2025-11-01,RET-202511,NORTHEAST,EMAIL,STANDARD,1165,180,0,0.0,28.68,0.0266,0.0016,0,3,0,72,0.1745,0.4672,1,0,0,0.0,0,0,0.009506
HP002256,2025-12-01,RET-202512,NORTHEAST,EMAIL,PREMIUM,1597,24,5,543.74,116.67,0.4535,0.2284,7,7,5,42,0.7542,0.3786,1,0,0,0.0,0,0,0.400942
HP004108,2025-10-01,RET-202510,MIDWEST,EMAIL,PLUS,310,13,3,91.93,28.95,0.3137,0.0721,2,6,0,16,0.2224,0.4648,1,0,0,0.0,0,0,0.062389
HP004628,2025-12-01,RET-202512,MIDWEST,PUSH,PLUS,1203,46,0,0.0,64.15,0.5476,0.174,3,2,0,48,0.4781,0.3828,1,0,0,0.0,0,0,0.055804
HP003471,2026-02-01,RET-202602,SOUTH,SMS,PREMIUM,1082,35,2,282.71,137.42,0.2413,0.0667,1,9,1,27,0.6205,0.3722,1,0,0,0.0,0,0,0.060077
HP005172,2026-02-01,RET-202602,NORTHEAST,EMAIL,STANDARD,2013,17,1,43.11,46.29,0.5998,0.2495,3,12,1,67,0.3753,0.4219,1,0,0,0.0,0,0,0.092279
HP004695,2026-02-01,RET-202602,MIDWEST,EMAIL,PREMIUM,1098,23,3,289.13,104.58,0.3457,0.075,1,5,0,11,0.2541,0.4575,1,0,0,0.0,0,0,0.066291
HP002073,2026-05-01,RET-202605,NORTHEAST,EMAIL,STANDARD,1341,38,2,108.59,49.21,0.4988,0.1594,1,10,1,21,0.1303,0.468,1,0,0,0.0,1,0,0.049398
HP001043,2026-05-01,RET-202605,SOUTH,EMAIL,STANDARD,921,9,2,77.58,35.92,0.0785,0.0062,2,4,0,20,0.4231,0.4214,1,0,0,0.0,0,0,0.053395
HP001373,2026-03-01,RET-202603,WEST,SMS,PLUS,2040,29,2,120.84,58.24,0.4644,0.1434,3,9,2,36,0.6141,0.3438,1,0,0,0.0,1,0,0.067795
HP003249,2025-11-01,RET-202511,WEST,SMS,PREMIUM,409,6,9,720.28,68.58,0.3914,0.2575,9,4,2,86,0.817,0.3775,1,0,1,56.11,0,0,0.752823
HP003556,2026-03-01,RET-202603,WEST,EMAIL,PLUS,996,14,6,450.46,85.03,0.7655,0.4435,4,12,2,10,0.5522,0.3877,1,0,0,0.0,1,0,0.083812
HP005606,2026-03-01,RET-202603,MIDWEST,SMS,PLUS,1945,12,2,105.57,57.18,0.2346,0.0768,3,6,2,41,0.8372,0.3376,1,0,0,0.0,1,0,0.152154
HP002741,2025-10-01,RET-202510,SOUTH,SMS,STANDARD,1591,22,3,69.78,24.27,0.3874,0.1385,2,10,1,24,0.4166,0.4292,1,0,0,0.0,0,0,0.064111
HP003683,2025-09-01,RET-202509,MIDWEST,EMAIL,PLUS,957,49,1,75.75,67.55,0.1334,0.0297,1,10,0,64,0.3015,0.4277,1,0,0,0.0,0,0,0.036249
HP003081,2026-07-01,RET-202607,SOUTH,PUSH,PLUS,1862,12,2,80.99,,0.2994,0.0815,0,11,1,24,0.1497,0.4442,1,0,0,0.0,0,0,0.043631
HP004768,2026-08-01,RET-202608,WEST,EMAIL,STANDARD,2042,8,1,35.85,32.74,0.6732,0.2516,7,11,3,29,0.3602,0.4083,1,0,0,0.0,1,0,0.122661
HP005891,2026-02-01,RET-202602,WEST,EMAIL,PLUS,-20,34,2,92.7,48.62,0.5877,0.1907,1,3,0,28,0.2976,0.4611,1,0,0,0.0,0,0,0.054014
HP005531,2026-06-01,RET-202606,west,EMAIL,STANDARD,1952,37,0,0.0,59.39,0.3664,0.0594,2,7,1,150,0.2623,0.4083,1,0,0,0.0,0,0,0.044743
HP001000,2026-08-01,RET-202608,SOUTH,EMAIL,PLUS,1064,53,1,131.04,126.42,0.0488,0.0025,1,11,0,48,0.1279,0.4464,1,0,0,0.0,0,0,0.027415
HP002514,2025-12-01,RET-202512,SOUTH,EMAIL,STANDARD,492,15,0,0.0,111.02,0.1581,0.0109,2,12,0,19,0.114,0.4728,1,0,0,0.0,0,0,0.056397
HP002231,2025-11-01,RET-202511,SOUTH,EMAIL,STANDARD,1799,21,6,427.26,67.7,0.6668,0.2589,5,2,1,46,0.5394,0.4098,1,0,0,0.0,0,0,0.225443
HP001053,2026-08-01,RET-202608,SOUTH,EMAIL,STANDARD,1787,35,3,420.9,121.78,0.6885,0.2335,2,9,1,69,0.2667,0.4479,1,0,0,0.0,1,0,0.063903
HP002682,2026-04-01,RET-202604,SOUTH,EMAIL,PLUS,2158,16,1,66.34,59.55,0.8237,0.4254,4,9,4,34,0.2654,0.4134,1,0,0,0.0,1,0,0.148147
HP001797,2026-04-01,RET-202604,NORTHEAST,PUSH,PREMIUM,492,5,3,159.39,55.99,0.1124,0.0244,3,8,1,40,0.1269,0.4799,1,0,0,0.0,0,0,0.07129
HP002591,2025-09-01,RET-202509,NORTHEAST,EMAIL,PLUS,907,111,3,258.44,85.33,0.0605,0.0041,0,11,0,12,0.1194,0.4323,1,0,0,0.0,0,0,0.00823
HP000992,2026-05-01,RET-202605,MIDWEST,SMS,PREMIUM,1240,7,3,501.72,137.48,0.8154,,2,12,1,71,0.4536,0.4267,1,0,0,0.0,0,0,0.134901
HP002249,2026-02-01,RET-202602,WEST,SMS,STANDARD,1369,23,2,129.94,57.66,0.4757,0.1055,0,9,0,21,0.2167,0.4707,1,0,0,0.0,0,0,0.04224
HP001190,2026-01-01,RET-202601,WEST,EMAIL,STANDARD,529,37,2,114.77,60.67,0.3654,0.0782,1,5,0,33,0.4739,0.4314,1,0,0,0.0,0,0,0.048164
HP005657,2025-12-01,RET-202512,SOUTH,EMAIL,PLUS,1750,32,2,240.31,159.84,0.4609,0.1919,4,4,1,3,0.7475,0.3472,1,0,0,0.0,0,0,0.107962
HP004024,2026-03-01,RET-202603,NORTHEAST,SMS,PLUS,678,36,2,307.43,159.23,0.2788,0.0409,1,2,0,83,0.289,0.4143,1,0,0,0.0,0,0,0.037675
HP001433,2026-08-01,RET-202608,MIDWEST,SMS,STANDARD,735,55,4,254.66,56.49,0.443,0.0965,2,11,0,32,0.3446,0.4017,1,0,0,0.0,0,0,0.038446
HP002907,2026-05-01,RET-202605,MIDWEST,PUSH,PREMIUM,608,9,10,1408.66,125.42,0.7774,0.4861,3,11,7,45,0.4711,0.4152,1,0,0,0.0,0,0,0.474895
HP003410,2026-07-01,RET-202607,SOUTH,EMAIL,PLUS,2299,23,0,0.0,40.41,0.2956,0.0463,2,12,0,36,0.2137,0.4147,1,0,0,0.0,1,0,0.042312
HP002618,2026-01-01,RET-202601,WEST,PUSH,PREMIUM,590,4,3,180.2,,0.5604,0.1825,3,3,0,46,0.5199,0.3899,1,0,0,0.0,0,0,0.118057
HP001127,2026-08-01,RET-202608,SOUTH,EMAIL,PREMIUM,1097,7,4,164.28,44.77,0.8288,0.452,3,5,1,59,0.0844,0.4839,1,0,0,0.0,0,0,0.167108
HP003579,2026-06-01,RET-202606,WEST,EMAIL,PLUS,438,32,5,463.3,93.5,0.5321,0.1757,3,11,1,22,0.0916,0.5175,1,0,0,0.0,1,0,0.065467
HP003223,2025-12-01,RET-202512,SOUTH,EMAIL,PREMIUM,508,39,2,208.09,96.9,0.7012,0.1804,1,6,1,34,0.4259,0.4351,1,0,1,77.79,1,1,0.101766
HP001580,2025-10-01,RET-202510,NORTHEAST,EMAIL,PLUS,1996,24,4,555.79,130.0,0.4927,0.2718,4,4,0,45,0.5976,0.3907,1,0,0,0.0,1,1,0.087144
HP000067,2026-05-01,RET-202605,NORTHEAST,EMAIL,STANDARD,1171,29,2,129.37,66.3,0.2682,0.0654,2,5,1,67,0.3063,0.4285,1,0,0,0.0,1,0,0.056488
HP004976,2026-07-01,RET-202607,WEST,EMAIL,STANDARD,1328,39,4,190.44,54.3,0.5428,0.1385,0,3,0,36,0.1673,0.4678,1,0,0,0.0,0,0,0.043809
HP004222,2026-07-01,RET-202607,MIDWEST,EMAIL,PREMIUM,1559,16,1,67.97,70.27,0.167,0.048,3,12,0,12,0.4466,0.4124,1,0,0,0.0,0,0,0.030519
HP002446,2026-06-01,RET-202606,NORTHEAST,SMS,STANDARD,1131,62,3,101.63,38.25,0.0953,0.0127,1,7,0,22,0.3605,0.4468,1,0,1,39.88,0,0,0.028166
HP003362,2026-06-01,RET-202606,MIDWEST,SMS,PLUS,1399,131,2,119.65,61.41,0.0478,0.0045,2,2,0,72,0.2285,0.457,1,0,0,0.0,0,0,0.013318
HP004820,2026-04-01,RET-202604,SOUTH,SMS,PREMIUM,2092,9,6,1015.43,152.62,0.5741,0.2377,6,4,0,47,0.3197,0.4293,1,0,0,0.0,1,0,0.240475
HP001738,2025-09-01,RET-202509,WEST,SMS,PREMIUM,244,24,0,0.0,96.59,,0.2153,2,2,0,34,0.8215,0.3688,1,0,0,0.0,0,0,0.142647
HP004653,2026-05-01,RET-202605,SOUTH,EMAIL,PLUS,1753,3,4,127.64,35.69,0.6184,0.2669,2,12,2,6,0.6743,0.381,1,0,0,0.0,0,0,0.066928
HP005791,2026-08-01,RET-202608,NORTHEAST,EMAIL,PLUS,1103,77,2,150.21,73.33,0.33,0.1312,0,7,1,80,0.6003,0.3565,1,0,0,0.0,0,0,0.033023
HP003337,2025-11-01,RET-202511,MIDWEST,EMAIL,PREMIUM,131,21,0,0.0,41.04,0.4115,0.0774,4,11,0,31,0.1061,0.4167,1,0,0,0.0,0,0,0.081344
HP005876,2025-11-01,RET-202511,WEST,EMAIL,STANDARD,724,9,5,188.04,42.39,0.2891,0.0851,1,7,1,25,0.5125,0.4438,1,0,0,0.0,1,0,0.151458
HP004758,2025-10-01,RET-202510,west,EMAIL,PLUS,611,9,7,752.95,94.26,0.741,0.518,3,8,4,55,0.7197,0.4234,1,0,0,0.0,1,0,0.409267
HP005349,2025-12-01,RET-202512,MIDWEST,SMS,PLUS,1090,18,0,0.0,51.63,0.3949,0.1086,1,3,1,23,0.4245,0.4305,1,0,0,0.0,0,0,0.080411
HP002616,2025-10-01,RET-202510,NORTHEAST,EMAIL,STANDARD,796,141,2,144.04,82.84,0.1909,0.0162,0,8,0,55,0.5259,0.4349,1,0,0,0.0,0,0,0.014926
HP000513,2025-09-01,RET-202509,WEST,PUSH,STANDARD,447,63,1,49.73,45.06,0.0505,0.0079,1,12,1,4,0.5142,0.3718,1,0,0,0.0,0,0,0.01458
HP005685,2026-06-01,RET-202606,SOUTH,PUSH,PLUS,439,54,3,144.79,45.57,0.0668,0.0076,1,7,0,62,0.2638,0.4251,1,0,0,0.0,0,0,0.029106
HP003464,2026-04-01,RET-202604,WEST,SMS,STANDARD,2075,123,1,33.97,31.59,0.1484,0.0162,1,2,0,123,0.6319,0.3484,1,0,0,0.0,0,0,0.01593
HP004141,2026-04-01,RET-202604,NORTHEAST,SMS,STANDARD,1800,13,6,447.72,77.27,0.6313,0.3157,4,5,4,57,0.0843,0.482,1,0,0,0.0,1,1,0.191614
HP005017,2026-05-01,RET-202605,WEST,EMAIL,PREMIUM,1875,-4,3,172.64,50.64,,0.0835,2,12,2,48,0.8182,0.3332,1,0,0,0.0,0,0,0.189013
HP005441,2026-03-01,RET-202603,MIDWEST,EMAIL,STANDARD,2101,180,0,0.0,65.8,0.0249,0.0022,0,3,0,53,0.4955,0.4173,1,0,0,0.0,0,0,0.007938
HP005730,2026-03-01,RET-202603,WEST,PUSH,PLUS,578,7,2,47.76,25.26,0.5246,0.225,3,5,0,37,0.4309,0.3957,1,0,0,0.0,1,0,0.085621
HP001303,2026-07-01,RET-202607,MIDWEST,PUSH,PREMIUM,1918,3,4,462.21,109.8,0.3966,0.1642,6,4,0,40,0.5063,0.4122,1,0,0,0.0,1,0,0.11796
HP002692,2026-03-01,RET-202603,NORTHEAST,SMS,STANDARD,635,7,2,87.29,33.62,0.4647,0.1306,3,10,1,59,0.0951,0.4587,1,0,0,0.0,0,0,0.062734
HP001203,2026-08-01,RET-202608,NORTHEAST,EMAIL,STANDARD,1413,2,0,0.0,47.57,0.3321,0.0584,0,9,0,5,0.2653,0.4358,1,0,0,0.0,1,0,0.021339
HP000747,2025-09-01,RET-202509,NORTHEAST,SMS,PLUS,541,6,3,169.68,61.22,0.8076,0.3409,0,7,1,19,0.2044,0.4775,1,0,0,0.0,0,0,0.101398
HP001277,2026-03-01,RET-202603,NORTHEAST,SMS,PLUS,1051,31,1,152.44,130.33,0.3603,0.1458,6,9,4,37,0.7361,0.3609,1,0,1,120.06,0,0,0.152859
HP004155,2026-05-01,RET-202605,MIDWEST,SMS,PREMIUM,1137,20,5,553.55,122.01,,0.4639,5,3,1,73,0.3685,0.5046,1,0,0,0.0,0,0,0.322597
HP000719,2026-06-01,RET-202606,WEST,EMAIL,PLUS,2063,18,5,268.88,42.91,0.505,0.1224,2,10,0,53,0.4176,0.422,1,0,1,28.08,0,0,0.070243
HP001525,2026-03-01,RET-202603,NORTHEAST,SMS,STANDARD,1411,39,1,66.1,67.06,0.3754,0.0655,1,9,0,41,0.2574,0.4907,1,0,0,0.0,0,0,0.036088
HP000393,2026-02-01,RET-202602,NORTHEAST,SMS,PREMIUM,964,12,6,338.86,59.28,0.2297,0.0436,1,11,0,29,0.2671,0.4573,1,0,0,0.0,0,0,0.072523
HP001232,2026-01-01,RET-202601,NORTHEAST,SMS,PLUS,981,13,0,0.0,43.95,0.4964,,0,11,1,81,0.0293,0.5058,1,0,0,0.0,1,0,0.043245
HP001921,2026-07-01,RET-202607,MIDWEST,PUSH,PREMIUM,1728,19,3,261.36,75.56,0.4957,0.0916,1,5,0,88,0.5376,0.4039,1,0,0,0.0,0,0,0.067184
HP003236,2026-06-01,RET-202606,NORTHEAST,PUSH,PREMIUM,1347,8,6,720.35,117.11,0.3739,0.094,1,4,0,43,0.556,0.4138,1,0,0,0.0,1,0,0.160602
HP003409,2026-08-01,RET-202608,NORTHEAST,SMS,STANDARD,1975,13,1,41.97,45.15,0.3918,0.0907,2,10,4,120,0.6317,0.4024,1,0,0,0.0,0,0,0.075311
HP004968,2026-02-01,RET-202602,WEST,PUSH,PREMIUM,1909,6,3,257.18,84.91,,0.2365,0,8,1,13,0.7296,0.3794,1,0,0,0.0,1,1,0.119949
HP002185,2026-03-01,RET-202603,NORTHEAST,EMAIL,PLUS,1566,2,3,246.34,73.67,0.6671,0.1541,3,5,1,67,0.1073,0.507,1,0,0,0.0,1,0,0.111466
HP005826,2026-05-01,RET-202605,WEST,EMAIL,PLUS,1896,28,4,417.87,96.31,0.3715,0.1313,0,5,2,4,0.6708,0.3755,1,0,0,0.0,1,0,0.078914
HP001444,2026-04-01,RET-202604,WEST,SMS,PLUS,1793,6,4,189.47,60.3,0.3948,0.1694,6,5,0,24,0.4399,0.4226,1,0,0,0.0,1,0,0.094267
HP001579,2025-12-01,RET-202512,MIDWEST,PUSH,PREMIUM,1104,52,4,339.9,95.32,0.251,0.0729,4,10,1,58,0.5926,0.3602,1,0,0,0.0,0,0,0.080054
HP004368,2026-02-01,RET-202602,SOUTH,EMAIL,STANDARD,754,14,6,233.71,44.07,0.7441,0.3266,4,12,2,31,0.606,0.3422,1,0,0,0.0,0,0,0.156648
HP000290,2025-10-01,RET-202510,MIDWEST,SMS,PREMIUM,1343,16,3,275.9,89.93,0.8352,0.4786,1,8,4,9,0.7141,0.3955,1,0,1,86.2,1,1,0.21328
HP003022,2026-06-01,RET-202606,WEST,EMAIL,STANDARD,710,66,3,128.63,,0.3851,0.0978,2,3,0,44,0.3021,0.4044,1,0,0,0.0,0,0,0.036588
HP001932,2026-01-01,RET-202601,NORTHEAST,SMS,PLUS,1803,10,5,216.16,42.08,0.2631,0.1055,2,11,3,41,0.3229,0.4046,1,0,0,0.0,0,0,0.081384
HP000412,2026-03-01,RET-202603,WEST,EMAIL,PLUS,1814,58,2,170.72,81.72,0.1388,0.0165,3,3,0,9,0.1608,0.4868,1,0,0,0.0,0,0,0.033421
HP002378,2026-02-01,RET-202602,NORTHEAST,SMS,PLUS,572,23,7,974.23,150.36,0.3629,0.0913,2,4,0,148,0.3952,0.4286,1,0,0,0.0,1,0,0.064729
HP003194,2026-02-01,RET-202602,WEST,PUSH,PREMIUM,1970,19,2,123.1,73.66,0.5427,0.3161,7,8,6,12,0.546,0.3858,1,0,1,68.98,1,1,0.214445
HP004255,2026-02-01,RET-202602,NORTHEAST,SMS,PLUS,1634,21,2,180.52,84.55,0.2172,0.0531,2,6,1,24,0.3718,0.4583,1,0,0,0.0,0,0,0.054514
HP002708,2026-04-01,RET-202604,MIDWEST,SMS,PLUS,461,12,2,202.97,103.74,0.7123,0.2964,7,2,0,14,0.3641,0.4438,1,0,0,0.0,1,0,0.097087
HP002039,2026-06-01,RET-202606,SOUTH,SMS,STANDARD,607,96,1,51.76,45.68,,0.007,2,4,0,41,0.1192,0.5084,1,0,0,0.0,1,0,0.017342
HP001058,2025-11-01,RET-202511,MIDWEST,EMAIL,STANDARD,259,24,2,65.04,26.98,0.1853,0.039,2,9,0,88,0.3125,0.4501,1,0,0,0.0,0,0,0.063844
HP004114,2025-12-01,RET-202512,SOUTH,SMS,PLUS,723,78,1,79.16,80.55,0.332,0.0484,2,3,0,35,0.5605,0.4054,1,0,0,0.0,0,0,0.036473
HP004864,2026-02-01,RET-202602,SOUTH,EMAIL,STANDARD,410,14,0,0.0,60.27,0.0613,0.0156,1,8,2,77,0.8137,0.3586,1,0,0,0.0,0,0,0.120035
HP004957,2025-11-01,RET-202511,WEST,PUSH,PLUS,848,27,1,101.68,111.15,0.5898,0.2567,3,6,2,43,0.5684,0.4136,1,0,0,0.0,1,0,0.151605
HP000199,2026-07-01,RET-202607,SOUTH,EMAIL,STANDARD,1089,180,1,85.44,86.17,0.0401,0.0031,2,10,1,72,0.3469,0.4136,1,0,0,0.0,0,0,0.009841
HP004099,2025-11-01,RET-202511,SOUTH,EMAIL,PLUS,2058,14,3,451.75,136.14,0.5811,0.2018,4,3,0,10,0.2355,0.4607,1,0,0,0.0,1,0,0.118269
HP005777,2025-10-01,RET-202510,SOUTH,EMAIL,PLUS,123,12,3,165.88,68.69,0.0305,0.0025,1,3,0,28,0.143,0.454,1,0,0,0.0,0,0,0.051063
HP002154,2026-05-01,RET-202605,WEST,EMAIL,STANDARD,1733,6,3,137.13,50.74,0.2588,0.072,5,10,3,87,0.6435,0.3902,1,0,0,0.0,1,0,0.17595
HP002879,2025-12-01,RET-202512,NORTHEAST,PUSH,PLUS,738,11,2,158.65,75.0,0.272,0.0546,1,10,0,30,0.7551,0.3623,1,0,0,0.0,0,0,0.072788
HP002943,2025-10-01,RET-202510,SOUTH,SMS,STANDARD,614,53,0,0.0,34.52,0.2228,0.0227,0,3,0,29,0.0927,0.4672,1,0,0,0.0,1,0,0.024812
HP001401,2025-12-01,RET-202512,SOUTH,EMAIL,PLUS,1001,3,9,1032.18,120.66,0.7358,0.2409,1,7,0,26,0.1404,0.4719,1,0,0,0.0,1,0,0.161454
HP002442,2026-07-01,RET-202607,NORTHEAST,EMAIL,PLUS,1401,55,1,139.01,152.88,0.0947,0.0096,1,12,1,12,0.4089,0.4268,1,0,0,0.0,0,0,0.015354
HP001123,2025-11-01,RET-202511,SOUTH,SMS,PREMIUM,648,10,3,340.02,121.68,0.0775,0.0048,0,2,0,29,0.0994,0.4687,1,0,0,0.0,1,0,0.064893
HP001978,2026-01-01,RET-202601,SOUTH,EMAIL,STANDARD,235,12,6,838.57,119.11,0.4064,0.0789,2,10,1,29,0.4869,0.4442,1,0,1,92.0,1,0,0.086828
HP001247,2026-08-01,RET-202608,MIDWEST,PUSH,PREMIUM,1476,13,5,429.21,106.0,0.767,0.2882,4,11,3,21,0.0678,0.4994,1,0,0,0.0,1,0,0.142941
HP000612,2026-04-01,RET-202604,SOUTH,PUSH,PLUS,1019,8,2,100.21,50.41,,0.4758,5,2,0,26,0.4199,0.426,1,0,0,0.0,0,0,0.117895
HP002607,2026-02-01,RET-202602,NORTHEAST,EMAIL,STANDARD,1177,29,1,26.27,27.98,0.3392,0.1177,2,9,0,40,0.5051,0.4089,1,0,0,0.0,1,0,0.052691
HP003546,2025-10-01,RET-202510,MIDWEST,EMAIL,PLUS,960,10,3,249.12,74.89,0.6003,0.2631,3,9,1,59,0.5021,0.4263,1,0,0,0.0,0,0,0.12191
HP002947,2026-06-01,RET-202606,WEST,SMS,PREMIUM,1641,57,3,517.73,157.68,0.1222,0.0264,0,2,1,93,0.4496,0.3998,1,0,0,0.0,0,0,0.055152
HP001754,2026-03-01,RET-202603,MIDWEST,EMAIL,STANDARD,539,41,0,0.0,70.85,0.0738,0.0081,1,6,0,115,0.2097,0.4999,1,0,0,0.0,0,0,0.032301
HP005640,2026-04-01,RET-202604,WEST,EMAIL,STANDARD,1939,3,1,34.6,31.32,0.7428,0.2804,3,2,0,58,0.2865,0.4385,1,0,0,0.0,1,0,0.098864
HP004369,2026-01-01,RET-202601,SOUTH,SMS,PREMIUM,1652,38,1,45.91,56.84,0.2087,0.0511,5,4,0,58,0.1905,0.454,1,0,0,0.0,1,0,0.049487
HP001460,2025-11-01,RET-202511,WEST,PUSH,PLUS,483,22,4,263.04,66.75,0.351,0.1231,2,6,0,53,0.6869,0.3275,1,0,0,0.0,1,0,0.209827
HP003464,2026-07-01,RET-202607,WEST,SMS,STANDARD,2165,54,2,55.36,31.72,0.0606,0.0092,1,2,0,57,0.8695,0.3541,1,0,0,0.0,0,0,0.063581
HP005333,2026-03-01,RET-202603,WEST,EMAIL,STANDARD,1232,15,1,34.23,35.62,0.4643,0.107,1,4,2,21,0.4009,0.46,1,0,0,0.0,0,0,0.087965
HP005370,2026-06-01,RET-202606,WEST,EMAIL,STANDARD,456,12,2,171.29,77.55,0.4718,0.1262,1,6,0,13,0.093,0.5153,1,0,0,0.0,1,0,0.054502
HP001747,2025-12-01,RET-202512,SOUTH,PUSH,PLUS,591,17,1,49.23,47.74,0.5441,0.2115,3,9,1,79,0.5298,0.3869,1,0,0,0.0,1,1,0.108053
HP005324,2025-09-01,RET-202509,NORTHEAST,EMAIL,PREMIUM,1582,44,3,199.26,57.47,0.3242,0.103,1,6,0,14,0.7767,0.3818,1,0,0,0.0,0,0,0.069283
HP003590,2025-11-01,RET-202511,NORTHEAST,SMS,PLUS,582,26,1,49.75,51.02,0.4689,0.102,0,11,1,164,0.5123,0.4116,1,0,0,0.0,1,0,0.0603
HP000867,2025-09-01,RET-202509,WEST,EMAIL,STANDARD,881,16,2,97.72,52.89,0.1549,0.0263,1,10,1,26,0.5554,0.3993,1,0,0,0.0,0,0,0.062382
HP002663,2026-05-01,RET-202605,SOUTH,EMAIL,PLUS,2088,24,2,52.19,26.52,0.2856,0.0585,2,2,0,43,0.182,0.4462,1,0,0,0.0,0,0,0.047518
HP000208,2025-09-01,RET-202509,NORTHEAST,PUSH,STANDARD,1856,63,1,141.75,133.11,0.2387,0.0366,0,2,0,22,0.78,0.3385,1,0,0,0.0,0,0,0.030669
HP005911,2025-09-01,RET-202509,MIDWEST,EMAIL,PLUS,1598,27,1,50.81,60.92,0.302,0.0487,2,5,1,66,0.162,0.5041,1,0,0,0.0,0,0,0.057286
HP005404,2025-09-01,RET-202509,WEST,EMAIL,STANDARD,180,42,4,328.0,92.67,0.0556,0.007,4,6,1,43,0.676,0.3958,1,0,0,0.0,0,0,0.118331
HP003785,2026-04-01,RET-202604,WEST,SMS,PLUS,1513,61,2,119.04,60.3,0.4091,0.1181,1,11,3,38,0.7495,0.3995,1,0,0,0.0,0,0,0.090926
HP003802,2026-04-01,RET-202604,MIDWEST,PUSH,STANDARD,485,14,3,185.31,51.77,0.0759,0.0129,1,3,0,18,0.5508,0.3593,1,0,0,0.0,0,0,0.048478
HP005254,2026-03-01,RET-202603,NORTHEAST,EMAIL,PLUS,2009,5,3,169.32,59.48,0.3008,0.0675,4,9,2,62,0.5817,0.3893,1,0,0,0.0,1,0,0.091049
HP001493,2026-08-01,RET-202608,WEST,EMAIL,PLUS,1642,9,1,59.31,67.13,0.3953,0.1133,1,4,1,102,0.3778,0.4333,1,0,0,0.0,0,0,0.068838
HP004564,2026-08-01,RET-202608,SOUTH,EMAIL,PLUS,619,31,5,339.89,58.52,0.7958,0.1965,1,12,0,47,0.6429,0.3537,1,0,0,0.0,1,0,0.132894
HP004220,2025-12-01,RET-202512,NORTHEAST,EMAIL,STANDARD,1586,10,0,0.0,48.75,0.0788,0.0152,2,11,0,7,0.772,0.3737,1,0,0,0.0,0,0,0.034046
HP001058,2025-09-01,RET-202509,MIDWEST,EMAIL,STANDARD,199,13,2,127.73,69.66,0.1036,0.0225,1,4,0,16,0.3207,0.3647,1,0,0,0.0,0,0,0.053434
HP004197,2026-01-01,RET-202601,SOUTH,SMS,PLUS,974,6,0,0.0,42.06,0.1486,0.0281,1,4,0,68,0.3214,0.4514,1,0,0,0.0,0,0,0.044531
HP000408,2025-11-01,RET-202511,MIDWEST,SMS,PLUS,751,24,4,174.53,40.46,0.6747,0.3469,7,10,1,46,0.2823,0.453,1,0,1,69.64,1,0,0.113061
HP002393,2026-01-01,RET-202601,MIDWEST,EMAIL,PLUS,1818,12,3,137.57,45.65,0.4085,0.1269,3,7,1,10,0.6897,0.4187,1,0,0,0.0,1,0,0.088529
HP004396,2025-11-01,RET-202511,NORTHEAST,SMS,PLUS,1375,3,2,156.96,73.48,0.4633,0.1573,1,10,0,37,0.0996,0.4483,1,0,1,84.03,1,1,0.090355
HP000056,2025-10-01,RET-202510,NORTHEAST,SMS,STANDARD,126,13,2,146.11,73.31,0.2037,0.0698,3,2,1,16,0.4661,0.4376,1,0,0,0.0,0,0,0.088859
HP004729,2026-03-01,RET-202603,MIDWEST,EMAIL,STANDARD,445,31,1,79.84,65.54,,0.0038,2,7,0,36,0.2073,0.5389,1,0,0,0.0,0,0,0.038797
HP000326,2025-11-01,RET-202511,NORTHEAST,EMAIL,STANDARD,1675,65,0,0.0,64.13,0.1891,0.027,2,3,0,4,0.3298,0.4312,1,0,0,0.0,0,0,0.038865
HP005671,2026-07-01,RET-202607,WEST,EMAIL,STANDARD,820,20,3,294.68,110.72,0.507,0.1239,2,6,1,69,0.2959,0.4059,1,0,0,0.0,0,0,0.0687
HP005915,2026-02-01,RET-202602,NORTHEAST,EMAIL,STANDARD,309,44,1,47.98,53.82,0.465,0.1653,1,7,0,72,0.4093,0.4298,1,0,0,0.0,1,0,0.045645
HP004094,2025-12-01,RET-202512,MIDWEST,EMAIL,PLUS,452,35,4,504.59,109.72,0.3117,0.1005,2,11,0,35,0.4664,0.4147,1,0,0,0.0,1,0,0.072103
HP004724,2026-03-01,RET-202603,SOUTH,PUSH,PLUS,1206,40,4,291.69,72.78,0.2039,0.0425,1,5,0,57,0.2127,0.5001,1,0,0,0.0,1,0,0.038457
HP004325,2026-05-01,RET-202605,SOUTH,EMAIL,PLUS,1626,18,2,70.56,39.77,0.7563,0.2276,2,9,1,23,0.4514,0.4362,1,0,0,0.0,1,0,0.096953
HP003670,2026-06-01,RET-202606,NORTHEAST,PUSH,PREMIUM,561,7,6,608.54,122.56,0.4316,0.0775,1,8,0,35,0.1054,0.4956,1,0,0,0.0,0,0,0.142817
HP004383,2025-11-01,RET-202511,SOUTH,SMS,PLUS,582,4,4,460.74,92.46,0.5806,0.0978,1,11,0,29,0.3044,0.4378,1,0,0,0.0,0,0,0.085411
HP004118,2026-04-01,RET-202604,WEST,EMAIL,STANDARD,2172,9,2,89.54,50.28,0.2996,0.1148,2,12,2,6,0.6144,0.3772,1,0,0,0.0,0,0,0.036997
HP005633,2025-09-01,RET-202509,SOUTH,EMAIL,PLUS,151,12,6,259.64,45.56,0.1513,0.0667,7,9,2,19,0.4195,0.3888,1,0,0,0.0,1,0,0.103506
HP002618,2025-11-01,RET-202511,WEST,PUSH,PREMIUM,530,18,6,685.92,113.04,0.6483,0.2274,4,10,1,27,0.2701,0.4295,1,0,0,0.0,1,0,0.383516
HP001880,2026-02-01,RET-202602,MIDWEST,EMAIL,PLUS,224,57,4,178.73,44.44,0.3973,0.1067,4,3,0,24,0.7312,0.3537,1,0,0,0.0,1,0,0.054659
HP005986,2026-03-01,RET-202603,SOUTH,EMAIL,PLUS,1175,56,2,73.95,38.59,0.5247,0.1363,5,11,0,51,0.0668,0.4816,1,0,0,0.0,1,0,0.043237
HP005082,2025-09-01,RET-202509,SOUTH,SMS,STANDARD,1102,29,0,0.0,55.88,0.084,0.0135,1,4,0,108,0.4798,0.3977,1,0,0,0.0,0,0,0.038274
HP002450,2025-11-01,RET-202511,MIDWEST,PUSH,PLUS,1924,15,5,211.83,47.7,0.1824,0.0359,1,11,0,19,0.2203,0.4643,1,0,0,0.0,0,0,0.067061
HP005257,2025-11-01,RET-202511,WEST,EMAIL,STANDARD,1818,37,3,177.1,51.28,0.3952,0.041,1,10,0,16,0.231,0.4514,1,0,0,0.0,0,0,0.042014
HP001366,2026-08-01,RET-202608,SOUTH,EMAIL,STANDARD,1534,24,2,180.25,94.69,0.1407,0.0145,5,10,0,3,0.1325,0.5034,1,0,0,0.0,0,0,0.021437
HP005194,2026-05-01,RET-202605,NORTHEAST,SMS,PLUS,1561,38,1,77.49,73.91,0.2598,0.0429,2,9,1,53,0.4778,0.3813,1,0,0,0.0,1,0,0.041972
HP004113,2026-06-01,RET-202606,MIDWEST,EMAIL,PLUS,1887,4,2,212.87,116.07,0.4581,0.1235,3,5,0,48,0.3036,0.4548,1,0,0,0.0,1,0,0.06759
HP000521,2025-10-01,RET-202510,SOUTH,EMAIL,STANDARD,644,8,3,251.53,80.91,0.2067,0.0517,4,10,2,8,0.0563,0.5185,1,0,0,0.0,0,0,0.035914
HP000324,2025-12-01,RET-202512,NORTHEAST,PUSH,STANDARD,1798,72,0,0.0,,0.1673,0.0162,0,12,0,74,0.0911,0.5013,1,0,0,0.0,0,0,0.024833
HP001385,2026-05-01,RET-202605,WEST,PUSH,PLUS,414,8,5,506.27,109.1,0.1086,0.0208,1,10,0,51,0.1261,0.419,1,0,0,0.0,1,0,0.049873
HP000234,2026-06-01,RET-202606,NORTHEAST,EMAIL,PLUS,1883,30,5,214.36,41.14,0.1911,0.0357,5,7,0,44,0.0686,0.4781,1,0,0,0.0,0,0,0.052222
HP000070,2026-05-01,RET-202605,NORTHEAST,SMS,PLUS,970,14,1,42.1,44.1,0.4174,0.1253,1,8,0,51,0.6472,0.4234,1,0,0,0.0,0,0,0.101064
HP001211,2025-12-01,RET-202512,MIDWEST,EMAIL,STANDARD,1160,2,2,69.54,43.89,0.5932,0.3219,3,7,4,70,0.4635,0.3835,1,0,0,0.0,0,0,0.220148
HP000403,2025-12-01,RET-202512,SOUTH,EMAIL,PLUS,1553,21,4,165.45,46.57,0.4256,0.1411,1,5,2,53,0.763,0.3522,1,0,0,0.0,1,0,0.225853
HP004707,2026-08-01,RET-202608,SOUTH,EMAIL,PLUS,1518,28,1,54.7,60.83,0.7979,0.2126,3,7,1,33,0.2379,0.5034,1,0,0,0.0,0,0,0.066018
HP002724,2026-04-01,RET-202604,NORTHEAST,PUSH,PREMIUM,427,9,2,115.47,80.59,0.8482,0.5206,4,12,2,32,0.3249,0.4262,1,0,0,0.0,1,1,0.159493
HP000526,2026-06-01,RET-202606,MIDWEST,EMAIL,PLUS,420,9,4,211.16,57.51,0.4751,0.1452,4,9,0,58,0.2623,0.4267,1,0,0,0.0,0,0,0.074176
HP005744,2026-08-01,RET-202608,WEST,SMS,PREMIUM,2014,5,3,237.8,90.68,0.8219,0.487,3,2,0,47,0.6306,0.3906,1,0,0,0.0,1,1,0.14943
HP002913,2026-03-01,RET-202603,MIDWEST,EMAIL,PLUS,2003,19,2,183.66,119.09,0.3338,0.1202,3,3,0,87,0.1823,0.4388,1,0,1,198.48,1,1,0.056263
HP004337,2025-11-01,RET-202511,WEST,PUSH,PLUS,232,15,1,134.37,114.17,0.1203,0.0374,1,6,1,13,0.4246,0.4119,1,0,0,0.0,1,0,0.097649
HP003492,2025-10-01,RET-202510,SOUTH,SMS,PREMIUM,849,120,4,310.61,96.06,0.0661,0.006,0,10,0,19,0.1809,0.437,1,0,0,0.0,0,0,0.019547
HP001778,2026-02-01,RET-202602,NORTHEAST,EMAIL,PLUS,572,32,1,40.06,47.53,0.2051,0.0316,1,11,0,20,0.1628,0.5061,1,0,0,0.0,0,0,0.039287
HP004791,2026-06-01,RET-202606,MIDWEST,EMAIL,PREMIUM,1167,24,4,304.11,77.2,0.702,0.2727,3,8,0,123,0.1619,0.4965,1,0,0,0.0,1,0,0.089314
HP000177,2026-02-01,RET-202602,SOUTH,EMAIL,STANDARD,803,34,3,89.03,35.22,0.2895,0.0706,1,6,0,59,0.6345,0.3804,1,0,0,0.0,0,0,0.052783
HP005212,2025-10-01,RET-202510,MIDWEST,PUSH,STANDARD,895,19,1,30.91,33.71,0.1639,0.0232,0,9,0,21,0.8067,0.3288,1,0,0,0.0,0,0,0.045134
HP004983,2026-04-01,RET-202604,SOUTH,EMAIL,PLUS,979,82,3,142.25,53.18,0.1395,0.0152,0,4,1,29,0.5891,0.3995,1,0,0,0.0,0,0,0.032953
HP003302,2026-05-01,RET-202605,SOUTH,EMAIL,STANDARD,1340,63,2,104.75,67.91,0.1368,0.0129,1,9,0,47,0.214,0.4947,1,0,0,0.0,0,0,0.029038
HP002605,2026-01-01,RET-202601,WEST,SMS,PLUS,2112,8,2,81.11,40.76,0.5027,0.1518,1,4,1,26,0.5253,0.3909,1,0,0,0.0,1,0,0.096698
HP000532,2025-11-01,RET-202511,SOUTH,EMAIL,STANDARD,1045,28,3,165.94,42.78,0.341,0.1042,2,6,2,46,0.2686,0.3931,1,0,0,0.0,1,0,0.094042
HP001370,2026-04-01,RET-202604,MIDWEST,PUSH,STANDARD,773,24,2,131.33,59.54,0.1822,0.0201,0,5,0,50,0.2812,0.4738,1,0,0,0.0,0,0,0.035616
HP005716,2026-07-01,RET-202607,MIDWEST,EMAIL,PLUS,1675,7,2,209.76,105.86,0.543,0.2147,2,4,1,25,0.5976,0.4274,1,0,0,0.0,1,0,0.114643
HP005455,2026-08-01,RET-202608,SOUTH,EMAIL,PLUS,1531,5,2,157.03,82.82,0.3779,0.0924,2,5,0,45,0.4144,0.4057,1,0,0,0.0,1,0,0.062398
HP005811,2025-10-01,RET-202510,SOUTH,SMS,STANDARD,632,90,0,0.0,35.83,0.0359,0.005,0,12,0,53,0.3115,0.4263,1,0,0,0.0,0,0,0.017272
HP005699,2025-11-01,RET-202511,NORTHEAST,PUSH,STANDARD,757,29,1,75.98,74.18,0.3831,0.1104,2,12,3,45,0.4979,0.4059,1,0,0,0.0,0,0,0.076706
HP004749,2026-01-01,RET-202601,NORTHEAST,EMAIL,PLUS,969,41,3,168.12,62.57,0.5605,0.0886,1,6,0,51,0.0943,0.485,1,0,0,0.0,0,0,0.046229
HP003760,2026-03-01,RET-202603,NORTHEAST,EMAIL,STANDARD,437,59,0,0.0,39.58,0.0423,0.0042,0,3,0,69,0.6335,0.3482,1,0,0,0.0,0,0,0.027545
HP004287,2025-10-01,RET-202510,SOUTH,PUSH,PLUS,1814,57,3,261.93,78.41,0.0785,,1,9,0,30,0.3531,0.4335,1,0,0,0.0,0,0,0.032337
HP005950,2025-12-01,RET-202512,MIDWEST,EMAIL,PREMIUM,872,14,5,342.33,71.53,0.2023,0.0463,1,8,0,71,0.0936,0.4718,1,0,0,0.0,0,0,0.090819
HP004096,2025-10-01,RET-202510,SOUTH,EMAIL,PLUS,617,36,1,89.93,105.98,0.3735,0.1596,4,4,1,50,0.7979,0.366,1,0,0,0.0,0,0,0.144475
HP000674,2026-07-01,RET-202607,MIDWEST,EMAIL,PLUS,1247,15,3,134.53,,0.3914,0.1077,4,5,0,89,0.3674,0.4776,1,0,0,0.0,0,0,0.064535
HP004015,2026-07-01,RET-202607,SOUTH,SMS,PREMIUM,1826,12,3,436.31,159.29,0.2222,,2,12,3,13,0.7895,0.318,1,0,0,0.0,1,1,0.043972
HP000521,2026-07-01,RET-202607,SOUTH,EMAIL,STANDARD,914,9,0,0.0,134.53,0.3353,0.0748,3,4,1,84,0.2312,0.4049,1,0,0,0.0,1,0,0.06517
HP005129,2026-01-01,RET-202601,NORTHEAST,EMAIL,PLUS,886,10,3,199.67,71.49,0.2465,0.0338,2,11,1,32,0.1001,0.4486,1,0,0,0.0,0,0,0.061439
HP004028,2025-09-01,RET-202509,WEST,PUSH,PREMIUM,1669,19,9,475.74,50.83,0.7161,,7,8,1,95,0.0523,0.4663,1,0,0,0.0,1,0,0.179518
HP001141,2026-02-01,RET-202602,WEST,SMS,STANDARD,1827,14,2,110.52,56.03,0.0846,0.0135,3,10,0,67,0.4377,0.4463,1,0,0,0.0,0,0,0.049384
HP001974,2026-02-01,RET-202602,WEST,EMAIL,PLUS,1649,11,0,0.0,105.79,0.1544,0.0395,4,9,1,38,0.7478,0.3951,1,0,0,0.0,0,0,0.124328
HP001355,2026-04-01,RET-202604,NORTHEAST,EMAIL,PLUS,1065,79,1,109.5,133.5,0.1139,0.0141,2,2,0,29,0.5046,0.4327,1,0,0,0.0,0,0,0.027335
HP003096,2026-01-01,RET-202601,WEST,SMS,PLUS,1548,35,2,281.34,128.39,0.2356,0.0413,5,12,0,20,0.3614,0.4986,1,0,0,0.0,0,0,0.045147
HP005520,2025-12-01,RET-202512,MIDWEST,SMS,PREMIUM,1988,18,10,540.45,56.38,0.7224,0.2539,2,3,1,42,0.264,0.5095,1,0,0,0.0,0,0,0.22974
HP005382,2026-04-01,RET-202604,SOUTH,EMAIL,PLUS,2105,18,0,0.0,80.06,0.1069,0.031,2,3,1,53,0.4411,0.416,1,0,0,0.0,0,0,0.062374
HP003132,2025-12-01,RET-202512,NORTHEAST,EMAIL,PLUS,1536,29,4,239.83,68.31,0.3284,0.0787,3,8,1,142,0.3995,0.4432,1,0,0,0.0,0,0,0.085118
HP002416,2026-03-01,RET-202603,SOUTH,PUSH,STANDARD,1728,40,2,270.86,118.25,0.2515,0.0649,2,7,1,16,0.3413,0.4205,1,0,0,0.0,1,0,0.044435
HP001047,2025-09-01,RET-202509,SOUTH,EMAIL,STANDARD,1176,55,1,28.86,26.4,,0.0043,2,10,0,42,0.1929,0.4593,1,0,0,0.0,1,0,0.032908
HP000248,2026-06-01,RET-202606,MIDWEST,EMAIL,PREMIUM,803,21,5,351.76,69.23,0.3111,,5,4,0,44,0.5476,0.4019,1,0,0,0.0,0,0,0.091173
HP003183,2025-12-01,RET-202512,MIDWEST,PUSH,PREMIUM,278,18,7,320.03,57.09,0.8124,0.469,6,2,0,105,0.3319,0.4629,1,0,0,0.0,1,1,0.20684
HP001997,2025-12-01,RET-202512,MIDWEST,EMAIL,STANDARD,1919,14,4,287.61,68.71,0.4449,0.1966,3,2,1,24,0.3486,0.4158,1,0,0,0.0,0,0,0.177717
HP004142,2025-09-01,RET-202509,NORTHEAST,EMAIL,PLUS,1264,15,5,598.68,94.41,,0.0204,4,8,0,30,0.1427,0.4599,1,0,0,0.0,0,0,0.064575
HP003913,2026-01-01,RET-202601,SOUTH,EMAIL,STANDARD,1562,54,1,151.37,107.46,0.1805,0.027,2,9,0,29,0.6786,0.3776,1,0,0,0.0,0,0,0.039445
HP004971,2026-08-01,RET-202608,MIDWEST,SMS,PREMIUM,1451,11,3,371.05,152.09,0.1282,0.0189,2,5,0,35,0.3832,0.438,1,0,0,0.0,0,0,0.06034
HP003775,2025-12-01,RET-202512,SOUTH,EMAIL,STANDARD,1882,24,3,185.27,74.47,0.1228,0.0222,2,3,0,21,0.381,0.447,1,0,0,0.0,0,0,0.065771
HP000813,2026-01-01,RET-202601,MIDWEST,EMAIL,PLUS,1996,5,5,519.67,105.89,0.4249,0.1267,5,3,0,47,0.1506,0.4612,1,0,0,0.0,0,0,0.082585
HP001080,2026-07-01,RET-202607,MIDWEST,EMAIL,PLUS,1810,46,5,408.73,83.64,0.1598,0.0247,2,8,0,72,0.3124,0.4169,1,0,0,0.0,0,0,0.043022
HP000274,2025-11-01,RET-202511,MIDWEST,EMAIL,STANDARD,434,42,2,155.07,76.22,0.1505,0.0277,0,7,0,29,0.2498,0.4851,1,0,0,0.0,0,0,0.044375
HP001520,2025-10-01,RET-202510,WEST,SMS,STANDARD,684,16,0,0.0,46.99,0.1221,0.0111,3,11,0,18,0.2556,0.443,1,0,0,0.0,1,0,0.043585
HP004904,2026-06-01,RET-202606,NORTHEAST,SMS,PLUS,698,14,4,389.15,106.07,0.7495,0.3406,2,11,0,180,0.7343,0.364,1,0,0,0.0,1,0,0.189526
HP005432,2026-03-01,RET-202603,MIDWEST,EMAIL,PLUS,1951,34,1,28.66,32.45,0.1045,0.0215,0,8,0,67,0.6233,0.3688,1,0,1,31.91,0,0,0.038112
HP005240,2026-03-01,RET-202603,SOUTH,PUSH,PLUS,484,11,4,157.86,35.9,0.2336,0.0801,3,10,3,27,0.3574,0.4872,1,0,0,0.0,0,0,0.077973
HP000415,2026-04-01,RET-202604,WEST,EMAIL,PREMIUM,2115,14,6,669.55,105.7,0.5115,0.2142,6,11,3,37,0.7812,0.3006,1,0,0,0.0,0,0,0.494146
HP005047,2025-11-01,RET-202511,WEST,SMS,STANDARD,1516,86,0,0.0,108.47,0.0361,0.0036,0,2,0,29,0.4076,0.4112,1,0,1,130.15,1,1,0.034812
HP004402,2026-02-01,RET-202602,WEST,EMAIL,PREMIUM,282,13,6,918.88,110.79,0.7214,0.3976,6,8,2,25,0.3388,0.449,1,0,0,0.0,1,1,0.349236
HP000347,2026-04-01,RET-202604,MIDWEST,PUSH,PLUS,1503,24,3,111.18,38.34,0.494,0.1043,1,5,0,33,0.1192,0.4888,1,0,0,0.0,1,0,0.046754
HP001006,2025-10-01,RET-202510,MIDWEST,EMAIL,PLUS,588,31,6,446.86,75.87,0.5993,0.233,3,6,1,21,0.5317,0.3828,1,0,0,0.0,1,0,0.099609
HP002480,2026-08-01,RET-202608,MIDWEST,PUSH,PLUS,653,35,2,103.78,56.85,0.5495,0.1688,0,3,0,6,0.8008,0.3538,1,0,0,0.0,0,0,0.045499
HP003898,2025-11-01,RET-202511,MIDWEST,EMAIL,PREMIUM,1322,32,4,131.65,40.04,0.8093,0.2878,5,4,0,25,0.1154,0.444,1,0,0,0.0,0,0,0.120879
HP005740,2025-12-01,RET-202512,MIDWEST,EMAIL,STANDARD,1734,4,2,22.83,12.22,0.7973,0.2904,3,8,2,11,0.691,0.3712,1,0,0,0.0,1,0,0.186448
HP005161,2026-04-01,RET-202604,NORTHEAST,SMS,PLUS,448,15,6,400.64,62.12,0.3982,0.0968,2,11,1,104,0.3999,0.4222,1,0,0,0.0,1,0,0.071267
HP004826,2026-03-01,RET-202603,MIDWEST,EMAIL,STANDARD,1207,4,1,54.23,46.47,0.0856,,2,6,0,36,0.5853,0.379,1,0,0,0.0,0,0,0.057764
HP003167,2026-04-01,RET-202604,SOUTH,PUSH,PLUS,1425,73,6,294.75,53.55,0.5888,0.3206,6,9,2,29,0.7484,0.4091,1,0,0,0.0,1,0,0.073067
HP004326,2026-08-01,RET-202608,MIDWEST,EMAIL,STANDARD,2061,65,1,87.49,74.13,0.117,0.0179,1,12,1,55,0.468,0.4094,1,0,0,0.0,0,0,0.030486
HP004753,2026-06-01,RET-202606,NORTHEAST,PUSH,STANDARD,819,46,2,111.29,62.83,0.3314,0.0998,0,2,0,5,0.4616,0.4083,1,0,0,0.0,1,0,0.033256
HP005304,2025-09-01,RET-202509,SOUTH,PUSH,PLUS,933,25,4,230.36,48.58,0.1207,0.0218,0,4,1,22,0.4504,0.4068,1,0,0,0.0,0,0,0.055574
HP000540,2026-01-01,RET-202601,SOUTH,SMS,PLUS,1201,4,4,305.73,78.03,0.1097,0.0085,2,10,0,43,0.1315,0.5032,1,0,0,0.0,0,0,0.053581
HP004276,2026-08-01,RET-202608,WEST,EMAIL,STANDARD,937,59,0,0.0,46.19,0.2302,0.0526,0,8,0,23,0.7718,0.3228,1,0,0,0.0,0,0,0.029865
HP004343,2025-10-01,RET-202510,NORTHEAST,EMAIL,PREMIUM,1356,10,6,317.28,48.7,0.8436,0.4697,5,8,4,70,0.3298,0.4061,1,0,0,0.0,1,0,0.278207
HP000787,2026-05-01,RET-202605,NORTHEAST,EMAIL,STANDARD,1637,31,3,146.06,61.61,0.0781,0.0051,1,11,0,8,0.1727,0.4614,1,0,0,0.0,0,0,0.018818
HP000902,2025-09-01,RET-202509,WEST,PUSH,PLUS,97,8,3,100.73,31.93,0.708,0.219,3,8,2,45,0.4501,0.4484,1,0,0,0.0,1,0,0.124651
HP001359,2025-10-01,RET-202510,MIDWEST,PUSH,STANDARD,362,7,1,28.02,32.1,0.1653,0.0112,0,9,0,23,0.1093,0.4683,1,0,0,0.0,0,0,0.039982
HP004634,2025-12-01,RET-202512,WEST,EMAIL,PREMIUM,807,24,4,204.65,46.77,0.4693,0.1784,3,2,1,83,0.7461,0.3528,1,0,0,0.0,0,0,0.405203
HP002108,2026-03-01,RET-202603,MIDWEST,EMAIL,PREMIUM,1312,44,5,537.08,108.8,0.1422,0.0215,1,5,0,118,0.3502,0.419,1,0,0,0.0,0,0,0.055506
HP002129,2025-11-01,RET-202511,WEST,EMAIL,PLUS,1721,43,3,190.79,73.14,0.1722,0.0208,1,3,0,74,0.2778,0.4,1,0,0,0.0,0,0,0.077353
HP005875,2025-11-01,RET-202511,MIDWEST,EMAIL,STANDARD,877,-4,4,396.91,84.62,0.4767,0.1064,3,5,3,81,0.1014,0.4372,1,0,0,0.0,1,0,0.150335
HP000061,2025-11-01,RET-202511,WEST,PUSH,PLUS,1055,62,2,134.89,54.23,0.1034,0.0122,2,8,0,31,0.3165,0.4496,1,0,1,65.89,0,0,0.056675
HP002955,2025-12-01,RET-202512,SOUTH,PUSH,STANDARD,322,77,1,35.67,36.33,0.366,0.0856,0,9,2,10,0.5917,0.3995,1,0,0,0.0,1,0,0.019011
HP004727,2025-10-01,RET-202510,WEST,SMS,STANDARD,1332,37,0,0.0,24.09,0.0876,0.0104,0,7,1,42,0.7127,0.3486,1,0,0,0.0,0,0,0.073229
HP003115,2026-07-01,RET-202607,WEST,EMAIL,PREMIUM,1987,4,4,220.62,46.22,0.5275,0.2006,1,8,2,7,0.7146,0.3589,1,0,0,0.0,1,0,0.155967
HP004712,2026-06-01,RET-202606,MIDWEST,PUSH,PLUS,1189,16,5,221.42,43.11,0.3914,0.1271,2,5,0,25,0.7155,0.3972,1,0,1,61.68,0,0,0.068235
HP003631,2026-03-01,RET-202603,MIDWEST,SMS,STANDARD,1824,43,1,82.27,105.36,0.1905,0.0427,1,6,1,26,0.5819,0.4217,1,0,0,0.0,0,0,0.041718
HP002182,2026-01-01,RET-202601,NORTHEAST,SMS,STANDARD,1310,63,0,0.0,26.24,,0.0109,1,9,0,28,0.3743,0.4653,1,0,0,0.0,0,0,0.025118
HP002548,2026-04-01,RET-202604,SOUTH,EMAIL,PLUS,981,9,4,682.75,184.32,,0.2353,1,8,0,46,0.366,0.4591,1,0,0,0.0,1,1,0.103484
HP001382,2026-01-01,RET-202601,MIDWEST,SMS,STANDARD,2008,11,3,96.59,30.06,0.4687,0.2019,5,6,3,68,0.3841,0.3997,1,0,1,54.41,0,0,0.136152
HP001818,2026-02-01,RET-202602,NORTHEAST,EMAIL,PLUS,1411,14,1,44.31,46.44,0.2126,0.0385,3,9,0,17,0.3698,0.4228,1,0,0,0.0,0,0,0.054468
HP003941,2026-07-01,RET-202607,MIDWEST,EMAIL,PLUS,2153,45,2,105.26,43.25,0.723,0.1981,1,2,0,25,0.4572,0.431,1,0,0,0.0,1,0,0.050545
HP003148,2026-03-01,RET-202603,MIDWEST,EMAIL,PREMIUM,1210,6,3,176.01,50.7,0.2845,0.0573,1,8,0,25,0.5279,0.401,1,0,0,0.0,1,0,0.080995
HP004900,2025-11-01,RET-202511,NORTHEAST,SMS,PLUS,1196,7,5,560.84,106.81,0.3812,0.0975,4,12,4,38,0.0803,0.4889,1,0,0,0.0,1,0,0.113597
HP002050,2026-03-01,RET-202603,WEST,EMAIL,PLUS,400,13,2,122.7,70.81,0.189,0.0283,3,2,0,60,0.2271,0.3984,1,0,0,0.0,0,0,0.053847
HP002609,2025-09-01,RET-202509,MIDWEST,SMS,PLUS,525,73,3,218.31,75.4,0.2946,0.0477,0,4,1,43,0.7671,0.3485,1,0,1,77.14,1,1,0.075629
HP003430,2025-12-01,RET-202512,MIDWEST,PUSH,PLUS,610,23,4,445.8,76.82,0.6913,0.3788,1,9,3,47,0.8333,0.4238,1,0,1,101.6,0,0,0.243907
HP003943,2025-09-01,RET-202509,MIDWEST,EMAIL,PREMIUM,509,13,2,116.18,71.56,0.6302,0.2335,4,9,3,28,0.382,0.4715,1,0,0,0.0,1,1,0.165156
HP000598,2026-03-01,RET-202603,WEST,EMAIL,PLUS,616,41,1,79.93,71.94,0.5511,0.2083,2,3,0,43,0.5556,0.4448,1,0,0,0.0,1,0,0.05403
HP003868,2026-04-01,RET-202604,MIDWEST,SMS,PREMIUM,581,16,2,233.66,145.92,0.5885,0.2112,5,4,0,56,0.7734,0.3654,1,0,0,0.0,0,0,0.203031
HP003499,2026-05-01,RET-202605,MIDWEST,SMS,PLUS,512,30,6,823.83,137.99,0.3998,0.1359,0,10,0,111,0.1435,0.4817,1,0,0,0.0,0,0,0.045929
HP003418,2025-11-01,RET-202511,NORTHEAST,SMS,STANDARD,1332,45,2,119.78,55.21,0.1948,0.0552,0,5,0,49,0.7024,0.3954,1,0,0,0.0,1,0,0.08714
HP003247,2025-10-01,RET-202510,MIDWEST,EMAIL,STANDARD,364,25,0,0.0,132.56,0.1968,0.019,0,5,0,15,0.2349,0.431,1,0,0,0.0,0,0,0.037894
HP002341,2025-12-01,RET-202512,SOUTH,SMS,PLUS,1056,12,5,380.93,72.51,0.4821,0.1204,4,9,0,82,0.2343,0.4696,1,0,0,0.0,1,0,0.088628
HP001945,2026-08-01,RET-202608,NORTHEAST,EMAIL,STANDARD,1396,2,1,27.11,32.65,0.744,0.3464,2,6,2,91,0.3883,0.4261,1,0,0,0.0,0,0,0.13221
HP001656,2026-07-01,RET-202607,SOUTH,EMAIL,PLUS,1111,12,2,95.65,41.34,0.2047,0.0262,1,10,0,38,0.488,0.435,1,0,0,0.0,0,0,0.052185
HP002250,2026-08-01,RET-202608,NORTHEAST,SMS,STANDARD,1411,14,0,0.0,72.51,0.0484,0.0032,0,4,0,107,0.4327,0.4114,1,0,0,0.0,0,0,0.033414
HP004940,2025-12-01,RET-202512,MIDWEST,EMAIL,PLUS,1345,15,4,152.54,45.27,0.2834,0.0829,1,7,1,15,0.557,0.3291,1,0,0,0.0,1,0,0.09454
HP005173,2025-12-01,RET-202512,NORTHEAST,EMAIL,PLUS,1489,30,4,775.12,167.35,0.1118,0.0197,1,8,0,71,0.6629,0.413,1,0,0,0.0,0,0,0.126099
HP001489,2026-07-01,RET-202607,SOUTH,PUSH,PREMIUM,1842,18,1,61.91,50.28,0.3023,0.1276,6,9,3,13,0.8912,0.3645,1,0,0,0.0,1,0,0.050233
HP002970,2026-05-01,RET-202605,WEST,SMS,PLUS,881,6,2,52.12,27.86,0.3426,0.0883,2,4,0,20,0.1935,0.4485,1,0,0,0.0,1,0,0.052582
HP004987,2026-05-01,RET-202605,WEST,SMS,PLUS,727,15,1,32.49,34.69,0.5096,0.1298,0,10,1,51,0.1666,0.4707,1,0,0,0.0,1,0,0.04628
HP002148,2025-11-01,RET-202511,WEST,EMAIL,PREMIUM,1940,41,3,84.69,26.89,0.8838,0.4734,6,7,2,50,0.5366,0.3865,1,0,0,0.0,1,0,0.250889
HP002551,2026-07-01,RET-202607,WEST,SMS,STANDARD,507,51,1,46.26,46.22,0.175,0.0327,1,3,1,69,0.4309,0.4005,1,0,0,0.0,0,0,0.040259
HP001619,2026-04-01,RET-202604,NORTHEAST,SMS,STANDARD,1201,52,3,235.15,83.64,0.2056,0.0497,0,11,0,96,0.2207,0.4413,1,0,1,55.02,0,0,0.028957
HP002226,2025-12-01,RET-202512,NORTHEAST,SMS,STANDARD,1290,5,2,69.86,38.06,,0.0248,1,3,0,4,0.5557,0.3763,1,0,0,0.0,0,0,0.067205
HP004527,2026-05-01,RET-202605,SOUTH,EMAIL,STANDARD,1217,76,0,0.0,75.07,0.1217,0.0164,0,6,0,6,0.8192,0.3648,1,0,0,0.0,0,0,0.025066
HP005792,2025-10-01,RET-202510,SOUTH,EMAIL,PLUS,1991,28,2,178.15,92.28,0.1499,0.0208,1,7,0,26,0.1065,0.4934,1,0,0,0.0,1,0,0.04325
HP004995,2026-06-01,RET-202606,MIDWEST,EMAIL,PREMIUM,1246,8,2,155.33,80.06,0.8476,0.4875,4,11,3,14,0.1136,0.4546,1,0,0,0.0,1,0,0.088193
HP001918,2026-07-01,RET-202607,MIDWEST,EMAIL,PLUS,972,57,2,152.24,70.36,0.5417,0.1209,6,6,0,77,0.2697,0.4189,1,0,0,0.0,0,0,0.044304
HP004326,2026-06-01,RET-202606,MIDWEST,EMAIL,STANDARD,2001,25,1,57.43,50.54,0.303,0.0518,0,5,1,32,0.2586,0.4686,1,0,0,0.0,1,0,0.046432
HP000505,2026-01-01,RET-202601,MIDWEST,EMAIL,PLUS,1272,25,0,0.0,78.89,0.4495,0.1036,2,3,0,71,0.3047,0.4536,1,0,0,0.0,0,0,0.05041
HP002215,2026-06-01,RET-202606,WEST,PUSH,PLUS,473,53,1,38.79,41.36,0.734,0.1831,3,4,1,34,0.3153,0.4418,1,0,0,0.0,1,0,0.051631
HP004565,2025-12-01,RET-202512,WEST,SMS,PLUS,1004,30,6,215.06,39.15,0.7563,0.3222,0,7,2,62,0.1923,0.5135,1,0,0,0.0,1,1,0.147399
HP003060,2026-07-01,RET-202607,MIDWEST,PUSH,PLUS,2089,18,2,124.79,75.68,0.1374,0.0293,2,8,0,30,0.5882,0.381,1,0,0,0.0,0,0,0.046678
HP004026,2026-07-01,RET-202607,NORTHEAST,SMS,PLUS,1771,117,1,84.33,83.24,0.031,0.0035,1,7,0,79,0.7317,0.3823,1,0,0,0.0,0,0,0.031198
HP004485,2026-01-01,RET-202601,WEST,EMAIL,PREMIUM,1106,15,5,462.06,86.11,0.6203,,0,9,4,45,0.2948,0.4632,1,0,0,0.0,0,0,0.154686
HP002651,2025-12-01,RET-202512,WEST,PUSH,PLUS,1565,99,1,108.17,115.46,0.1232,0.0149,0,7,0,115,0.4255,0.3913,1,0,0,0.0,0,0,0.033349
HP002846,2026-01-01,RET-202601,SOUTH,SMS,STANDARD,764,15,0,0.0,42.45,0.4387,0.1439,2,5,1,40,0.4159,0.4207,1,0,0,0.0,0,0,0.063062
HP001658,2026-02-01,RET-202602,SOUTH,EMAIL,PLUS,921,81,0,0.0,44.49,0.0646,0.0069,0,7,1,34,0.3817,0.4225,1,0,0,0.0,0,0,0.02385
HP000525,2025-09-01,RET-202509,SOUTH,EMAIL,STANDARD,1094,42,2,89.01,36.19,0.1623,0.0334,8,12,0,40,0.705,0.3978,1,0,0,0.0,0,0,0.107576
HP003114,2026-02-01,RET-202602,NORTHEAST,EMAIL,PREMIUM,924,11,1,82.18,91.52,0.2524,0.0405,2,11,0,57,0.6026,0.3536,1,0,1,96.37,1,0,0.073977
HP005414,2026-01-01,RET-202601,NORTHEAST,EMAIL,STANDARD,791,20,2,90.7,52.81,,0.0272,0,5,0,54,0.5959,0.4293,1,0,0,0.0,0,0,0.047666
HP003925,2026-05-01,RET-202605,SOUTH,EMAIL,STANDARD,1790,36,1,34.54,28.37,0.1216,0.0321,5,7,0,73,0.6842,0.4305,1,0,0,0.0,0,0,0.090974
HP001910,2026-05-01,RET-202605,MIDWEST,EMAIL,PLUS,1091,9,2,132.72,66.4,0.3712,0.0748,4,2,0,54,0.1434,0.4004,1,0,0,0.0,1,0,0.059922
HP003710,2025-11-01,RET-202511,WEST,PUSH,STANDARD,2031,8,4,273.94,66.27,0.0266,0.0032,0,2,0,63,0.5156,0.3922,1,0,0,0.0,0,0,0.092034
HP002285,2026-06-01,RET-202606,SOUTH,SMS,STANDARD,2247,163,0,0.0,67.19,0.0205,0.0013,2,8,0,51,0.3521,0.4423,1,0,0,0.0,0,0,0.008972
HP005481,2025-10-01,RET-202510,MIDWEST,SMS,STANDARD,267,12,4,160.3,39.87,0.9657,,6,5,2,26,0.2872,0.4505,1,0,0,0.0,1,0,0.203345
HP000304,2026-07-01,RET-202607,MIDWEST,SMS,PLUS,958,24,3,162.68,49.67,0.8544,0.4897,8,8,2,44,0.4207,0.3855,1,0,0,0.0,0,0,0.111896
HP005205,2026-03-01,RET-202603,SOUTH,EMAIL,STANDARD,1770,52,2,58.91,31.05,0.0846,0.0186,2,9,0,41,0.3308,0.4766,1,0,0,0.0,0,0,0.035607
HP004539,2025-10-01,RET-202510,NORTHEAST,EMAIL,PLUS,1386,13,2,224.41,92.45,0.5512,0.1056,2,9,0,63,0.1569,0.4694,1,0,0,0.0,1,0,0.063937
HP003130,2026-08-01,RET-202608,SOUTH,EMAIL,PLUS,1161,12,1,90.82,83.41,0.5975,0.1485,2,9,3,29,0.5054,0.3847,1,0,0,0.0,0,0,0.085416
HP005496,2025-10-01,RET-202510,WEST,EMAIL,STANDARD,956,22,1,21.8,22.86,0.3314,0.1086,2,8,3,47,0.6192,0.388,1,0,0,0.0,1,0,0.084463
HP005356,2025-11-01,RET-202511,WEST,EMAIL,STANDARD,991,54,1,78.28,83.55,0.0916,0.0116,2,8,0,21,0.4253,0.3876,1,0,0,0.0,0,0,0.066955
HP000353,2026-07-01,RET-202607,MIDWEST,EMAIL,PLUS,884,19,3,233.83,81.87,0.2402,0.0405,4,6,0,15,0.3708,0.4361,1,0,0,0.0,0,0,0.056462
HP000863,2026-02-01,RET-202602,WEST,SMS,PREMIUM,733,9,6,341.92,52.64,0.4026,0.143,2,5,1,27,0.3255,0.4011,1,0,0,0.0,1,0,0.106766
HP004211,2026-05-01,RET-202605,SOUTH,EMAIL,STANDARD,380,24,0,0.0,86.31,0.3047,0.0646,2,6,0,93,0.6668,0.3935,1,0,0,0.0,1,0,0.095175
HP002534,2026-08-01,RET-202608,NORTHEAST,EMAIL,PREMIUM,492,34,5,807.27,170.22,0.1845,0.0308,0,3,0,66,0.1416,0.4348,1,0,0,0.0,0,0,0.095992
HP001411,2025-11-01,RET-202511,NORTHEAST,SMS,PREMIUM,1157,9,5,635.1,119.97,0.6834,0.2886,0,12,6,85,0.5225,0.4022,1,0,1,130.9,1,0,0.362985
HP005769,2026-07-01,RET-202607,WEST,EMAIL,PLUS,737,8,0,0.0,46.13,0.1142,0.0086,1,2,0,34,0.1309,0.4911,1,0,0,0.0,0,0,0.041718
HP001967,2025-10-01,RET-202510,MIDWEST,SMS,PLUS,1003,16,5,400.68,68.33,0.3522,0.1041,1,10,1,17,0.3358,0.4337,1,0,0,0.0,0,0,0.067518
HP000220,2025-10-01,RET-202510,NORTHEAST,EMAIL,PLUS,1540,11,0,0.0,70.55,0.1887,0.0653,6,5,2,18,0.649,0.3316,1,0,0,0.0,0,0,0.09479
HP003675,2025-11-01,RET-202511,WEST,PUSH,PLUS,1779,30,5,267.74,43.27,0.5075,0.1872,4,5,1,148,0.3853,0.4224,1,0,1,35.81,1,0,0.145108
HP000890,2026-08-01,RET-202608,MIDWEST,EMAIL,PREMIUM,1890,54,3,321.46,115.31,0.0431,0.0015,0,12,0,63,0.6203,0.4177,1,0,0,0.0,0,0,0.03996
HP004589,2025-12-01,RET-202512,MIDWEST,EMAIL,PLUS,293,29,3,292.24,98.97,0.4628,0.0999,2,6,1,42,0.3262,0.4402,1,0,0,0.0,1,0,0.083839
HP001588,2026-08-01,RET-202608,MIDWEST,EMAIL,PREMIUM,423,28,2,351.42,148.29,0.1573,0.0294,1,4,1,35,0.7053,0.3699,1,0,0,0.0,0,0,0.135494
HP005987,2026-07-01,RET-202607,WEST,SMS,PLUS,1728,27,1,104.41,103.56,0.3181,0.0812,2,12,0,48,0.4475,0.4426,1,0,0,0.0,0,0,0.042732
HP001257,2026-07-01,RET-202607,WEST,SMS,PLUS,1682,23,5,365.93,67.31,,0.0965,1,10,1,31,0.2179,0.4859,1,0,0,0.0,0,0,0.053374
HP005459,2026-07-01,RET-202607,MIDWEST,EMAIL,PLUS,957,46,1,35.71,33.55,0.4453,0.0956,0,2,0,12,0.6281,0.3619,1,0,0,0.0,1,0,0.03813
HP004596,2026-06-01,RET-202606,SOUTH,EMAIL,PLUS,1107,10,0,0.0,58.52,0.1041,0.0103,0,7,0,30,0.4542,0.4259,1,0,1,61.01,0,0,0.041156
HP001896,2025-10-01,RET-202510,SOUTH,SMS,PLUS,1038,15,1,60.96,74.07,0.4958,0.2048,7,10,1,19,0.312,0.4805,1,0,0,0.0,1,0,0.090642
HP003512,2026-07-01,RET-202607,WEST,EMAIL,STANDARD,1918,4,1,62.07,53.88,0.097,0.0193,3,11,0,29,0.8018,0.3372,1,0,0,0.0,0,0,0.061594
HP000001,2025-10-01,RET-202510,MIDWEST,PUSH,PREMIUM,335,5,4,395.97,97.89,0.9756,0.6735,6,10,4,36,0.2398,0.441,1,0,0,0.0,1,0,0.264047
HP000003,2025-09-01,RET-202509,SOUTH,SMS,STANDARD,1808,128,0,0.0,92.44,0.0626,0.0064,0,3,0,56,0.3804,0.4627,1,0,0,0.0,0,0,0.012427
HP005875,2025-11-01,RET-202511,MIDWEST,EMAIL,STANDARD,877,8,4,396.91,84.62,0.4767,0.1064,3,5,3,81,0.1014,0.4372,1,0,0,0.0,1,0,0.150335
HP003030,2025-12-01,RET-202512,MIDWEST,SMS,STANDARD,1417,56,4,438.85,75.0,0.5889,0.1744,3,7,0,38,0.6607,0.3865,1,0,0,0.0,0,0,0.12424
HP002336,2025-11-01,RET-202511,MIDWEST,PUSH,STANDARD,1053,11,0,0.0,20.02,0.1698,0.074,2,11,1,78,0.5032,0.3926,1,0,0,0.0,0,0,0.068474
HP000492,2026-02-01,RET-202602,NORTHEAST,EMAIL,STANDARD,1843,5,4,363.27,84.91,0.7687,0.4175,6,10,3,36,0.5205,0.37,1,0,0,0.0,0,0,0.186686
HP000760,2026-01-01,RET-202601,NORTHEAST,EMAIL,STANDARD,1125,45,1,45.17,43.45,0.262,0.0917,3,7,2,84,0.6686,0.3946,1,0,0,0.0,0,0,0.115179
HP005546,2025-11-01,RET-202511,SOUTH,EMAIL,PLUS,1180,20,1,75.43,78.0,0.3395,0.093,3,6,0,29,0.4604,0.4351,1,0,0,0.0,0,0,0.074481
HP003993,2026-05-01,RET-202605,NORTHEAST,PUSH,PLUS,463,46,3,476.77,158.84,0.1976,0.0335,3,10,2,65,0.562,0.3839,1,0,0,0.0,0,0,0.048528
HP001019,2025-11-01,RET-202511,SOUTH,EMAIL,STANDARD,1266,47,3,159.13,63.53,0.3721,0.1401,6,11,5,3,0.4075,0.4101,1,0,0,0.0,0,0,0.051446
HP003407,2025-09-01,RET-202509,MIDWEST,EMAIL,PREMIUM,1869,43,3,186.25,65.98,0.263,0.069,1,2,1,24,0.5042,0.4162,1,0,0,0.0,0,0,0.095106
HP001793,2025-12-01,RET-202512,SOUTH,PUSH,STANDARD,381,10,0,0.0,84.82,0.0285,0.0047,1,10,1,18,0.6904,0.3719,1,0,1,56.44,0,0,0.063537
HP004253,2026-02-01,RET-202602,MIDWEST,EMAIL,PREMIUM,382,3,6,277.75,48.11,0.954,0.7069,8,10,5,18,0.1561,0.4735,1,0,0,0.0,1,1,0.332847
HP005247,2025-09-01,RET-202509,SOUTH,SMS,STANDARD,359,69,1,58.38,55.35,0.1088,0.0106,2,9,0,30,0.1993,0.4159,1,0,0,0.0,0,0,0.026311
HP004111,2026-07-01,RET-202607,MIDWEST,EMAIL,PLUS,678,37,7,429.52,65.55,0.6494,0.2911,1,12,2,95,0.6051,0.3404,1,0,0,0.0,1,0,0.089747
HP004015,2025-12-01,RET-202512,SOUTH,SMS,PREMIUM,1616,9,3,334.03,113.81,0.3738,0.1099,1,5,0,70,0.6165,0.4291,1,0,0,0.0,1,0,0.099854
HP005385,2025-11-01,RET-202511,MIDWEST,EMAIL,PLUS,924,31,4,194.36,40.2,0.2688,0.0451,2,12,0,3,0.2244,0.4496,1,0,0,0.0,0,0,0.031568
HP001139,2026-06-01,RET-202606,NORTHEAST,EMAIL,PREMIUM,1666,22,2,151.07,70.26,0.2194,0.0422,4,2,0,20,0.4174,0.3975,1,0,0,0.0,1,0,0.066744
HP003755,2026-08-01,RET-202608,WEST,EMAIL,PLUS,1013,20,3,200.56,,0.4198,0.171,3,10,3,8,0.8325,0.345,1,0,0,0.0,1,1,0.056083
HP001266,2026-04-01,RET-202604,SOUTH,EMAIL,PREMIUM,1450,0,3,128.23,46.3,0.5993,0.1926,3,4,0,40,0.2936,0.4641,1,0,0,0.0,1,0,0.12506
HP001106,2026-07-01,RET-202607,NORTHEAST,EMAIL,PLUS,544,29,5,243.82,58.5,0.6983,0.4534,5,2,1,64,0.834,0.3687,1,0,0,0.0,1,0,0.272631
HP000498,2025-10-01,RET-202510,MIDWEST,SMS,PREMIUM,1424,6,12,611.02,51.68,0.8321,0.5965,5,11,5,50,0.4311,0.4329,1,0,0,0.0,0,0,0.527022
HP003208,2026-03-01,RET-202603,NORTHEAST,SMS,STANDARD,1156,22,3,65.18,21.39,0.3358,0.0904,0,8,1,47,0.6243,0.356,1,0,0,0.0,0,0,0.053718
HP002021,2026-08-01,RET-202608,WEST,EMAIL,PLUS,1843,9,4,111.77,29.69,0.882,0.535,7,10,4,3,0.494,0.4068,1,0,0,0.0,1,0,0.106512
HP000377,2026-02-01,RET-202602,MIDWEST,EMAIL,STANDARD,1208,27,1,46.39,65.01,0.2045,0.0698,2,5,0,89,0.2173,0.4567,1,0,0,0.0,0,0,0.04524
HP004976,2026-01-01,RET-202601,WEST,EMAIL,STANDARD,1148,25,1,44.0,37.5,0.2306,0.0669,4,2,0,50,0.0978,0.4662,1,0,0,0.0,1,0,0.048155
HP003803,2026-05-01,RET-202605,west,EMAIL,PREMIUM,1912,7,2,181.52,86.4,0.1134,0.0128,1,3,0,112,0.4376,0.3962,1,0,0,0.0,0,0,0.066527
HP001040,2025-10-01,RET-202510,MIDWEST,PUSH,PLUS,399,1,10,431.75,45.06,0.5677,0.3011,8,5,0,62,0.4979,0.3863,1,0,0,0.0,1,0,0.170851
HP002246,2026-05-01,RET-202605,NORTHEAST,EMAIL,PLUS,982,7,1,39.57,41.14,0.2439,0.0762,4,9,0,86,0.1976,0.4091,1,0,0,0.0,1,1,0.056834
HP000233,2025-09-01,RET-202509,WEST,EMAIL,PLUS,1213,16,2,196.2,112.62,0.1272,0.0243,2,9,1,66,0.3283,0.4562,1,0,0,0.0,0,0,0.060682
HP003488,2026-02-01,RET-202602,WEST,PUSH,PLUS,2100,9,1,62.0,72.22,0.2816,0.0441,2,3,0,40,0.3104,0.4161,1,0,0,0.0,0,0,0.049541
HP001641,2026-05-01,RET-202605,SOUTH,EMAIL,PLUS,535,11,3,156.27,44.08,0.2593,0.0507,4,10,0,59,0.4826,0.4475,1,0,0,0.0,0,0,0.06549
HP004422,2026-04-01,RET-202604,WEST,SMS,PLUS,735,17,0,0.0,53.44,0.3758,0.0994,5,7,0,20,0.0811,0.4379,1,0,0,0.0,0,0,0.046413
HP004140,2025-09-01,RET-202509,MIDWEST,EMAIL,PLUS,738,61,1,90.13,95.7,0.1777,0.0197,1,10,0,43,0.5459,0.3656,1,0,0,0.0,0,0,0.035183
HP003198,2026-08-01,RET-202608,SOUTH,PUSH,PLUS,1542,3,7,411.45,70.06,0.1819,0.0357,2,11,0,19,0.2947,0.4268,1,0,0,0.0,0,0,0.063881
HP004913,2025-09-01,RET-202509,NORTHEAST,EMAIL,PLUS,1636,47,1,47.3,50.7,0.3927,0.0651,4,7,0,48,0.4799,0.4074,1,0,0,0.0,0,0,0.048668
HP000740,2026-08-01,RET-202608,NORTHEAST,SMS,PLUS,492,17,0,0.0,38.22,0.1368,0.0277,1,4,0,12,0.2501,0.4645,1,0,1,43.41,1,0,0.035796
HP001777,2025-09-01,RET-202509,SOUTH,SMS,STANDARD,1627,75,1,89.41,102.61,0.5518,0.199,0,5,0,42,0.7292,0.3509,1,0,0,0.0,0,0,0.064326
HP000541,2025-10-01,RET-202510,NORTHEAST,PUSH,PLUS,1093,18,0,0.0,84.85,0.2773,0.0602,1,10,2,46,0.6288,0.3534,1,0,0,0.0,1,0,0.058094
HP004288,2026-02-01,RET-202602,NORTHEAST,SMS,PLUS,1510,17,0,0.0,69.24,0.1577,0.0286,1,8,1,108,0.3287,0.4428,1,0,1,63.04,0,0,0.04461
HP004431,2026-07-01,RET-202607,SOUTH,EMAIL,STANDARD,1724,14,1,59.63,53.79,0.2429,0.0324,0,9,1,71,0.5133,0.4644,1,0,0,0.0,1,0,0.049365
HP004045,2025-10-01,RET-202510,SOUTH,SMS,STANDARD,289,12,2,51.26,23.87,0.2699,0.0506,2,9,0,35,0.8019,0.3431,1,0,0,0.0,0,0,0.11613
HP004761,2026-03-01,RET-202603,SOUTH,EMAIL,STANDARD,564,24,2,95.2,45.8,0.4868,0.171,10,3,1,24,0.2405,0.4345,1,0,0,0.0,1,1,0.092939
HP003803,2026-08-01,RET-202608,WEST,EMAIL,PREMIUM,2002,31,2,126.94,64.13,0.1118,0.0131,0,9,0,28,0.2341,0.4666,1,0,0,0.0,0,0,0.042946
HP000582,2026-03-01,RET-202603,NORTHEAST,EMAIL,STANDARD,1721,12,2,82.83,40.02,0.2405,,0,6,2,27,0.6077,0.4324,1,0,0,0.0,1,0,0.070406
HP000830,2025-12-01,RET-202512,MIDWEST,SMS,STANDARD,174,12,1,41.23,38.92,0.6376,0.1706,2,9,2,52,0.1996,0.4414,1,0,0,0.0,0,0,0.108359
HP000143,2026-08-01,RET-202608,SOUTH,EMAIL,STANDARD,1829,30,1,46.34,54.26,0.2387,0.0484,4,6,1,51,0.4639,0.4255,1,0,0,0.0,0,0,0.054532
HP003403,2025-12-01,RET-202512,MIDWEST,EMAIL,PLUS,1093,22,1,38.44,39.04,0.6507,0.3112,6,4,2,25,0.3804,0.4886,1,0,0,0.0,1,0,0.148843
HP003965,2026-05-01,RET-202605,NORTHEAST,PUSH,STANDARD,1753,67,0,0.0,49.89,0.0706,0.005,0,6,0,50,0.2211,0.4236,1,0,0,0.0,0,0,0.019456
HP005028,2026-08-01,RET-202608,MIDWEST,EMAIL,PLUS,1900,16,1,67.31,69.6,0.1489,0.0404,2,6,0,24,0.4773,0.4001,1,0,0,0.0,1,0,0.048834
HP002424,2026-08-01,RET-202608,SOUTH,EMAIL,STANDARD,890,53,0,0.0,117.96,0.1458,0.0156,2,2,0,111,0.3198,0.4181,1,0,0,0.0,1,0,0.030202
HP003686,2025-09-01,RET-202509,WEST,SMS,PLUS,125,33,3,211.31,70.41,0.123,0.0223,2,8,1,18,0.6896,0.3906,1,0,0,0.0,0,0,0.055121
HP001424,2026-01-01,RET-202601,WEST,EMAIL,STANDARD,752,50,0,0.0,70.98,0.1636,0.0121,1,11,0,67,0.167,0.5185,1,0,0,0.0,0,0,0.030862
HP000636,2026-07-01,RET-202607,MIDWEST,PUSH,PLUS,2113,13,4,404.2,100.23,0.7198,0.3144,1,6,2,49,0.6519,0.4192,1,0,0,0.0,0,0,0.223425
HP000126,2026-07-01,RET-202607,WEST,EMAIL,STANDARD,1396,110,0,0.0,51.67,0.1592,0.0155,0,9,1,147,0.7559,0.4032,1,0,0,0.0,0,0,0.037288
HP004338,2025-11-01,RET-202511,SOUTH,EMAIL,PLUS,675,13,5,385.46,75.38,0.84,0.4585,8,3,2,18,0.4124,0.4111,1,0,0,0.0,0,0,0.30855
HP004421,2026-02-01,RET-202602,WEST,SMS,PLUS,1447,64,1,54.1,61.38,0.1286,0.015,4,10,0,48,0.6849,0.3935,1,0,0,0.0,0,0,0.062837
HP001840,2025-10-01,RET-202510,WEST,EMAIL,STANDARD,1325,11,0,0.0,80.57,0.5115,0.1546,2,5,1,65,0.6554,0.3508,1,0,0,0.0,0,0,0.184398
HP005929,2026-04-01,RET-202604,SOUTH,PUSH,PREMIUM,2197,11,2,215.79,81.7,0.1234,0.0261,2,11,1,9,0.4576,0.3971,1,0,0,0.0,0,0,0.031873
HP005673,2026-05-01,RET-202605,WEST,EMAIL,PREMIUM,1590,49,2,155.16,72.38,0.6726,0.2053,2,6,1,37,0.498,0.4107,1,0,0,0.0,1,0,0.076001
HP001513,2026-06-01,RET-202606,SOUTH,EMAIL,STANDARD,1455,16,5,648.05,117.96,0.2232,0.041,1,12,2,41,0.271,0.4253,1,0,1,82.14,0,0,0.065435
HP001881,2026-08-01,RET-202608,MIDWEST,EMAIL,STANDARD,2102,9,1,81.33,67.26,0.4539,0.0888,2,10,0,13,0.2157,0.4816,1,0,0,0.0,0,0,0.025808
HP004995,2025-10-01,RET-202510,MIDWEST,EMAIL,PREMIUM,1006,5,2,92.1,43.21,0.7946,0.4236,3,8,2,76,0.2857,0.48,1,0,0,0.0,1,0,0.184335
HP004820,2025-09-01,RET-202509,SOUTH,SMS,PREMIUM,1882,3,5,605.24,126.73,0.7782,0.3586,4,12,2,55,0.3055,0.416,1,0,1,184.49,1,0,0.312233
HP004479,2026-05-01,RET-202605,NORTHEAST,EMAIL,PLUS,2003,24,4,197.94,51.08,0.6627,0.2462,2,9,3,29,0.6056,0.3794,1,0,0,0.0,1,0,0.104079
HP002467,2025-12-01,RET-202512,SOUTH,EMAIL,STANDARD,1202,24,1,79.29,70.01,0.183,0.0424,2,3,0,55,0.6687,0.3584,1,0,0,0.0,1,0,0.124569
HP000570,2026-03-01,RET-202603,SOUTH,EMAIL,PLUS,1125,20,2,109.24,52.67,0.3937,0.1487,4,9,2,76,0.5404,0.4111,1,0,0,0.0,1,1,0.081392
HP005615,2025-09-01,RET-202509,SOUTH,SMS,STANDARD,116,13,2,288.46,118.96,0.1194,0.0159,0,7,1,32,0.251,0.4624,1,0,0,0.0,0,0,0.047532
HP001281,2025-10-01,RET-202510,WEST,EMAIL,PLUS,889,14,1,81.7,68.28,0.2309,0.048,2,10,0,52,0.6111,0.3945,1,0,0,0.0,1,0,0.060424
HP000370,2026-03-01,RET-202603,WEST,PUSH,PREMIUM,1835,5,2,165.63,93.01,0.5383,0.1941,1,12,4,52,0.1562,0.4245,1,0,0,0.0,1,0,0.12024
HP001048,2026-04-01,RET-202604,WEST,EMAIL,PLUS,422,11,1,208.44,197.71,0.0858,0.0154,1,3,0,75,0.6031,0.4031,1,0,0,0.0,0,0,0.051468
HP002222,2026-07-01,RET-202607,SOUTH,EMAIL,STANDARD,2294,22,4,238.19,50.69,0.4002,0.108,1,11,1,62,0.3152,0.3933,1,0,0,0.0,0,0,0.061103
HP003878,2026-04-01,RET-202604,NORTHEAST,SMS,STANDARD,828,44,2,40.39,25.87,0.4681,0.1226,0,5,1,50,0.6867,0.3744,1,0,0,0.0,1,0,0.089862
HP003483,2025-12-01,RET-202512,NORTHEAST,PUSH,STANDARD,2061,27,0,0.0,39.51,0.5918,0.2251,5,10,0,33,0.5333,0.4157,1,0,0,0.0,1,0,0.075454
HP005177,2026-04-01,RET-202604,WEST,EMAIL,PLUS,1305,9,5,216.0,57.27,0.2678,0.0652,1,6,1,68,0.3945,0.4125,1,0,1,45.13,0,0,0.07674
HP001852,2025-12-01,RET-202512,SOUTH,SMS,PLUS,370,52,3,163.55,62.01,0.1876,0.0289,2,4,0,17,0.3687,0.455,1,0,0,0.0,1,0,0.046025
HP000561,2025-11-01,RET-202511,NORTHEAST,EMAIL,PLUS,1944,55,2,287.23,124.4,0.2704,0.074,3,9,0,21,0.3339,0.4061,1,0,0,0.0,1,1,0.052376
HP001009,2025-12-01,RET-202512,SOUTH,PUSH,PREMIUM,1535,19,3,114.22,40.95,0.1796,0.0442,4,6,2,35,0.2942,0.4419,1,0,0,0.0,1,0,0.109803
HP002552,2026-01-01,RET-202601,WEST,SMS,PREMIUM,1127,37,6,458.47,81.54,0.7055,0.2806,4,5,3,27,0.2188,0.4666,1,0,1,115.18,0,0,0.145455
HP000660,2025-12-01,RET-202512,SOUTH,EMAIL,PLUS,1198,79,3,114.06,47.92,0.1244,0.0322,1,12,1,47,0.5066,0.4286,1,0,0,0.0,0,0,0.042267
HP005761,2025-11-01,RET-202511,WEST,PUSH,STANDARD,797,61,1,61.2,68.16,0.2985,0.0341,0,3,0,36,0.2837,0.4441,1,0,0,0.0,0,0,0.049713
HP002236,2025-12-01,RET-202512,MIDWEST,EMAIL,STANDARD,350,32,1,28.02,31.52,0.1024,0.0192,2,8,1,4,0.3465,0.4053,1,0,0,0.0,0,0,0.060339
HP003268,2026-01-01,RET-202601,WEST,EMAIL,PLUS,1861,3,1,35.2,39.73,0.2838,0.0736,1,4,0,34,0.3011,0.4408,1,0,0,0.0,1,0,0.058009
HP002335,2026-07-01,RET-202607,NORTHEAST,EMAIL,STANDARD,372,10,6,286.29,42.4,0.5301,0.1378,2,12,2,45,0.3089,0.3968,1,0,0,0.0,0,0,0.089592
HP002726,2026-06-01,RET-202606,MIDWEST,SMS,STANDARD,2225,39,1,66.14,61.85,0.1164,0.0185,3,11,0,7,0.2376,0.4701,1,0,1,78.31,0,0,0.015563
HP004210,2026-04-01,RET-202604,NORTHEAST,PUSH,STANDARD,1519,16,4,313.37,72.26,0.6407,0.3067,4,5,2,54,0.6911,0.3803,1,0,0,0.0,0,0,0.253952
HP005455,2025-12-01,RET-202512,SOUTH,EMAIL,PLUS,1291,15,1,56.2,63.47,0.4356,0.104,4,11,3,65,0.5555,0.4677,1,0,0,0.0,0,0,0.107112
HP000439,2026-04-01,RET-202604,WEST,PUSH,PREMIUM,1532,7,8,680.73,80.64,0.3794,0.1735,3,2,1,15,0.3991,0.4118,1,0,0,0.0,0,0,0.328374
HP002347,2025-09-01,RET-202509,NORTHEAST,EMAIL,STANDARD,976,87,1,127.54,93.57,0.161,0.0186,2,12,1,37,0.4858,0.3806,1,0,0,0.0,0,0,0.030142
HP005612,2025-12-01,RET-202512,SOUTH,SMS,PLUS,814,32,1,36.14,34.05,0.054,0.0069,3,7,1,27,0.6184,0.4246,1,0,0,0.0,0,0,0.060363
HP003762,2025-11-01,RET-202511,MIDWEST,EMAIL,PLUS,1925,26,6,486.52,80.41,0.4534,0.1979,4,6,2,53,0.3993,0.4375,1,0,0,0.0,1,0,0.135208
HP002836,2025-11-01,RET-202511,MIDWEST,SMS,STANDARD,1325,17,5,148.88,29.89,0.2486,0.0584,1,4,0,32,0.3414,0.4335,1,0,0,0.0,1,0,0.070965
HP001568,2026-05-01,RET-202605,NORTHEAST,EMAIL,STANDARD,2016,5,2,168.62,89.36,0.0547,0.0075,3,2,0,72,0.4398,0.3993,1,0,0,0.0,0,0,0.057354
HP004581,2025-09-01,RET-202509,WEST,SMS,PREMIUM,1172,10,5,209.78,48.35,0.8891,,10,2,1,82,0.5104,0.4128,1,0,0,0.0,1,1,0.290355
HP000814,2026-06-01,RET-202606,WEST,EMAIL,PLUS,1257,11,5,310.95,68.5,0.3861,0.1502,3,11,1,32,0.253,0.4649,1,0,0,0.0,0,0,0.096106
HP004106,2026-02-01,RET-202602,WEST,PUSH,STANDARD,1876,27,3,366.94,103.82,0.4527,0.1307,0,2,0,11,0.5726,0.3821,1,0,0,0.0,1,0,0.048712
HP002362,2025-12-01,RET-202512,SOUTH,EMAIL,PREMIUM,1711,30,8,462.16,55.65,0.7112,0.2711,4,7,2,10,0.2079,0.4158,1,0,0,0.0,0,0,0.17855
HP003559,2026-08-01,RET-202608,NORTHEAST,EMAIL,STANDARD,1123,151,2,143.1,72.29,0.1147,0.0291,0,5,1,13,0.9215,0.3247,1,0,0,0.0,1,1,0.016204
HP002425,2026-07-01,RET-202607,NORTHEAST,EMAIL,STANDARD,1629,64,2,58.43,27.58,0.0356,0.003,0,2,0,63,0.1823,0.447,1,0,0,0.0,0,0,0.023859
HP003345,2026-01-01,RET-202601,MIDWEST,PUSH,PLUS,1696,13,2,74.16,38.7,0.4444,0.1697,2,7,1,4,0.5896,0.4147,1,0,0,0.0,1,0,0.089423
HP002486,2026-03-01,RET-202603,SOUTH,EMAIL,STANDARD,860,16,1,74.29,85.01,0.3403,0.0751,1,6,0,58,0.3645,0.3914,1,0,0,0.0,0,0,0.052057
HP002375,2025-12-01,RET-202512,WEST,SMS,PREMIUM,907,24,5,394.61,101.83,0.339,0.0657,2,8,1,21,0.221,0.4565,1,0,0,0.0,1,0,0.137727
HP002634,2025-09-01,RET-202509,NORTHEAST,SMS,PLUS,1257,13,2,279.02,140.17,0.1747,0.0452,6,2,0,27,0.4265,0.4352,1,0,0,0.0,1,0,0.060068
HP001924,2025-10-01,RET-202510,SOUTH,EMAIL,PLUS,793,47,4,340.05,85.39,0.3584,0.1006,3,11,1,27,0.3344,0.4296,1,0,0,0.0,0,0,0.057525
HP005513,2026-07-01,RET-202607,SOUTH,EMAIL,PLUS,1215,33,6,190.35,32.21,0.9133,0.3924,6,12,3,52,0.1886,0.4708,1,0,0,0.0,1,1,0.11305
HP003352,2026-04-01,RET-202604,SOUTH,EMAIL,STANDARD,329,34,3,78.74,25.95,0.5745,0.2927,6,11,2,7,0.4513,0.4095,1,0,0,0.0,0,0,0.041395
HP001307,2026-04-01,RET-202604,NORTHEAST,PUSH,PLUS,1856,10,5,657.48,125.2,0.4878,0.2201,2,4,1,66,0.5778,0.3976,1,0,0,0.0,0,0,0.118058
HP004807,2026-08-01,RET-202608,MIDWEST,SMS,PREMIUM,557,21,10,1134.34,118.41,0.5924,0.2831,6,10,4,69,0.4592,0.4105,1,0,1,137.26,0,0,0.347405
HP003322,2025-11-01,RET-202511,MIDWEST,SMS,STANDARD,412,38,0,0.0,67.86,0.198,0.0424,1,2,0,29,0.3273,0.4128,1,0,0,0.0,0,0,0.043479
HP000581,2025-10-01,RET-202510,MIDWEST,EMAIL,STANDARD,1916,31,3,210.26,75.4,0.3771,0.1186,1,8,0,7,0.4942,0.4008,1,0,0,0.0,0,0,0.058043
HP003368,2026-04-01,RET-202604,MIDWEST,PUSH,PLUS,1124,28,1,69.01,68.69,0.2705,0.0435,2,4,0,70,0.4643,0.4331,1,0,0,0.0,0,0,0.042234
HP004661,2026-06-01,RET-202606,WEST,SMS,PREMIUM,1984,3,3,183.58,75.13,0.6678,0.2986,5,9,2,18,0.5271,0.4233,1,0,1,81.91,1,1,0.159286
HP004919,2026-08-01,RET-202608,MIDWEST,EMAIL,STANDARD,2155,32,1,45.07,47.48,0.1389,0.0428,4,4,0,71,0.1904,0.4572,1,0,0,0.0,0,0,0.040672
HP000289,2026-01-01,RET-202601,NORTHEAST,SMS,STANDARD,1826,7,4,225.6,50.51,0.3339,0.1034,1,8,0,24,0.5492,0.4057,1,0,0,0.0,1,0,0.065523
HP000198,2026-02-01,RET-202602,WEST,PUSH,STANDARD,1715,1,1,35.28,37.98,0.1114,0.0232,5,8,1,25,0.1272,0.5073,1,0,0,0.0,0,0,0.057606
HP005927,2025-10-01,RET-202510,NORTHEAST,EMAIL,STANDARD,313,49,4,249.39,54.16,0.0796,0.0155,0,8,1,63,0.2761,0.4389,1,0,0,0.0,0,0,0.040623
HP004216,2026-05-01,RET-202605,SOUTH,PUSH,PLUS,1118,37,0,0.0,118.91,0.0363,0.0072,3,2,0,46,0.5632,0.4128,1,0,0,0.0,0,0,0.035108
HP001504,2026-04-01,RET-202604,MIDWEST,EMAIL,PLUS,1786,21,2,75.66,44.23,0.2427,0.0472,3,5,0,59,0.1673,0.458,1,0,0,0.0,1,0,0.049896
HP005516,2026-06-01,RET-202606,SOUTH,EMAIL,STANDARD,598,91,3,169.42,48.27,0.1829,0.0277,0,11,0,6,0.162,0.4023,1,0,0,0.0,1,0,0.00963
HP005366,2025-10-01,RET-202510,NORTHEAST,PUSH,PLUS,693,43,1,44.77,54.47,0.1695,0.0378,0,9,1,7,0.4629,0.4181,1,0,0,0.0,0,0,0.016797
HP002753,2026-02-01,RET-202602,WEST,PUSH,STANDARD,2135,36,1,89.65,94.93,0.1192,0.0276,0,12,1,29,0.5188,0.4194,1,0,0,0.0,0,0,0.035493
HP004698,2026-01-01,RET-202601,SOUTH,SMS,PREMIUM,1142,9,5,293.19,58.25,0.6482,0.2781,3,2,1,40,0.3841,0.4307,1,0,0,0.0,0,0,0.195349
HP003516,2026-02-01,RET-202602,WEST,EMAIL,PLUS,1639,39,0,0.0,88.72,0.6929,0.2182,2,9,0,85,0.2247,0.4456,1,0,0,0.0,0,0,0.050023
HP001322,2026-05-01,RET-202605,MIDWEST,EMAIL,PREMIUM,2007,24,4,598.84,137.25,0.2,0.0548,1,3,1,38,0.9364,0.3341,1,0,0,0.0,0,0,0.320201
HP002988,2026-05-01,RET-202605,MIDWEST,EMAIL,PLUS,2091,3,1,81.33,93.32,0.3286,0.0601,1,12,1,61,0.3925,0.4289,1,0,0,0.0,0,0,0.061527
HP002691,2026-05-01,RET-202605,WEST,EMAIL,STANDARD,474,26,1,92.14,80.9,0.2071,0.0428,5,10,1,6,0.447,0.439,1,0,0,0.0,0,0,0.026307
HP002107,2025-10-01,RET-202510,NORTHEAST,EMAIL,PLUS,678,7,3,123.39,41.73,0.704,0.4246,1,9,3,56,0.6348,0.3896,1,0,0,0.0,0,0,0.167043
HP004155,2025-12-01,RET-202512,MIDWEST,SMS,PREMIUM,987,7,4,936.08,216.08,0.9439,0.5112,4,3,1,22,0.7087,0.3881,1,0,0,0.0,1,1,0.44785
HP002353,2025-10-01,RET-202510,NORTHEAST,EMAIL,PLUS,1456,20,8,500.18,63.49,0.8973,0.462,5,4,2,9,0.4627,0.3995,1,0,0,0.0,1,0,0.244659
HP005595,2025-10-01,RET-202510,MIDWEST,EMAIL,PLUS,170,35,5,332.86,72.87,0.4108,0.1242,1,3,1,12,0.5602,0.4495,1,0,0,0.0,1,0,0.086093
HP000096,2026-03-01,RET-202603,MIDWEST,SMS,PLUS,2059,5,4,213.77,71.93,0.8994,0.5594,5,9,6,48,0.6301,0.4165,1,0,0,0.0,1,0,0.25253
HP002758,2026-05-01,RET-202605,SOUTH,EMAIL,STANDARD,1927,35,0,0.0,35.21,0.5433,0.2098,7,3,1,86,0.2931,0.4866,1,0,0,0.0,1,0,0.074791
HP002773,2026-06-01,RET-202606,SOUTH,SMS,PLUS,2120,27,2,131.12,73.82,0.4745,0.1049,2,5,0,45,0.4045,0.4097,1,0,0,0.0,1,0,0.048036
HP001487,2025-09-01,RET-202509,MIDWEST,EMAIL,PLUS,804,17,7,1059.07,158.14,0.101,0.0227,3,7,1,7,0.458,0.4199,1,0,0,0.0,0,0,0.085221
HP005277,2026-05-01,RET-202605,WEST,PUSH,STANDARD,1030,8,2,169.45,82.37,0.486,0.171,1,9,0,122,0.2913,0.4188,1,0,0,0.0,0,0,0.069654
HP002522,2025-11-01,RET-202511,MIDWEST,EMAIL,PREMIUM,774,40,7,1184.64,171.02,0.2639,0.0586,1,5,0,78,0.3999,0.4734,1,0,0,0.0,1,0,0.169806
HP000204,2026-02-01,RET-202602,NORTHEAST,PUSH,PREMIUM,662,4,3,331.34,99.62,0.6684,0.1558,2,7,0,30,0.2442,0.4848,1,0,0,0.0,1,0,0.105142
HP005286,2026-06-01,RET-202606,WEST,PUSH,STANDARD,1802,180,3,96.9,38.73,0.1023,0.0122,1,11,0,58,0.2761,0.4424,1,0,0,0.0,0,0,0.008595
HP000700,2025-11-01,RET-202511,MIDWEST,SMS,PLUS,983,23,1,72.1,65.83,0.0658,0.0112,0,5,1,42,0.4349,0.397,1,0,0,0.0,1,0,0.05508
HP000038,2026-06-01,RET-202606,WEST,EMAIL,STANDARD,375,18,0,0.0,92.15,0.1501,0.0202,1,8,0,37,0.0957,0.5117,1,0,0,0.0,0,0,0.038703
HP000728,2026-02-01,RET-202602,MIDWEST,PUSH,STANDARD,441,17,3,316.41,98.94,0.1341,0.028,0,5,0,10,0.2812,0.4704,1,0,0,0.0,0,0,0.040811
HP005334,2025-12-01,RET-202512,SOUTH,EMAIL,STANDARD,1296,44,1,160.66,164.46,0.4692,0.0755,0,5,0,73,0.2658,0.4733,1,0,0,0.0,1,0,0.046941
HP000971,2026-06-01,RET-202606,MIDWEST,EMAIL,PLUS,600,26,3,393.68,107.23,0.1161,0.0208,1,5,0,48,0.2822,0.4101,1,0,0,0.0,0,0,0.044178
HP004850,2026-03-01,RET-202603,NORTHEAST,SMS,STANDARD,1516,5,1,30.59,32.94,0.1027,0.0153,1,5,0,57,0.2569,0.4285,1,0,0,0.0,0,0,0.044209
HP000944,2026-07-01,RET-202607,WEST,PUSH,STANDARD,977,10,1,72.64,59.88,0.79,0.3497,1,5,2,68,0.3312,0.4144,1,0,0,0.0,0,0,0.113537
HP001384,2026-07-01,RET-202607,SOUTH,EMAIL,PREMIUM,1636,4,7,675.12,93.82,0.8672,0.4954,5,7,1,98,0.3737,0.4709,1,0,0,0.0,1,1,0.370843
HP001602,2026-08-01,RET-202608,WEST,EMAIL,PLUS,1449,15,4,175.74,49.86,0.147,0.0225,0,3,0,72,0.3109,0.4393,1,0,0,0.0,1,0,0.04614
HP005665,2025-09-01,RET-202509,SOUTH,EMAIL,PLUS,361,39,2,75.88,38.34,0.6824,0.1536,4,3,1,35,0.0501,0.4948,1,0,0,0.0,0,0,0.075718
HP000848,2026-01-01,RET-202601,WEST,EMAIL,PREMIUM,737,2,11,1143.31,94.95,0.8175,0.4221,5,10,5,62,0.2677,0.4632,1,0,0,0.0,1,1,0.503744
HP001502,2026-08-01,RET-202608,MIDWEST,SMS,PLUS,901,1,6,440.83,85.2,0.2931,0.1716,3,9,5,61,0.7189,0.4337,1,0,0,0.0,0,0,0.27606
HP002728,2026-05-01,RET-202605,MIDWEST,EMAIL,PREMIUM,2081,6,8,430.68,74.81,0.602,0.2586,3,7,2,57,0.3533,0.4526,1,0,0,0.0,1,1,0.198392
HP004934,2026-02-01,RET-202602,MIDWEST,EMAIL,PLUS,761,22,1,31.22,27.7,0.5969,0.2254,1,2,1,143,0.505,0.3937,1,0,0,0.0,1,0,0.097875
HP003794,2025-10-01,RET-202510,NORTHEAST,PUSH,STANDARD,1786,2,5,456.11,84.08,0.7457,0.381,3,3,1,37,0.4353,0.4179,1,0,0,0.0,1,0,0.17181
HP003282,2025-12-01,RET-202512,MIDWEST,EMAIL,PLUS,1850,4,3,110.2,46.33,0.1359,0.0142,1,12,1,130,0.2174,0.4935,1,0,0,0.0,0,0,0.077272
HP004461,2025-12-01,RET-202512,SOUTH,PUSH,STANDARD,1227,40,3,148.9,45.6,0.2665,0.0916,2,4,0,40,0.3699,0.4022,1,0,0,0.0,0,0,0.055491
HP002454,2026-05-01,RET-202605,WEST,EMAIL,STANDARD,2028,11,2,176.2,77.36,0.3209,0.1012,1,10,1,60,0.6443,0.3973,1,0,1,74.5,0,0,0.125967
HP002758,2026-06-01,RET-202606,SOUTH,EMAIL,STANDARD,1957,12,1,44.52,44.47,0.8691,0.3027,5,3,0,56,0.3067,0.4172,1,0,0,0.0,1,0,0.099591
HP003273,2025-09-01,RET-202509,SOUTH,SMS,PLUS,708,28,5,454.17,88.23,0.7123,0.163,1,5,1,21,0.2965,0.414,1,0,0,0.0,1,0,0.076734
HP002813,2025-12-01,RET-202512,WEST,SMS,PREMIUM,1229,15,3,136.2,57.06,0.6889,0.3264,3,3,0,64,0.8944,0.3682,1,0,1,69.3,1,0,0.381822
HP002988,2026-04-01,RET-202604,MIDWEST,EMAIL,PLUS,2061,17,1,90.74,86.61,0.3301,,1,7,1,48,0.1168,0.4673,1,0,0,0.0,0,0,0.053188
HP001786,2026-06-01,RET-202606,NORTHEAST,EMAIL,PLUS,1187,41,2,75.34,40.04,0.7878,0.4502,7,12,2,48,0.3297,0.4258,1,0,0,0.0,0,0,0.087177
HP005988,2025-10-01,RET-202510,MIDWEST,EMAIL,STANDARD,1394,22,4,276.19,67.11,0.818,0.3829,0,7,0,79,0.6988,0.385,1,0,0,0.0,1,0,0.16119
HP005309,2025-10-01,RET-202510,NORTHEAST,SMS,PLUS,704,8,5,251.47,58.61,0.5589,0.2179,3,7,1,126,0.5078,0.3498,1,0,1,70.92,0,0,0.121041
HP005139,2026-04-01,RET-202604,NORTHEAST,EMAIL,STANDARD,401,8,2,103.8,59.2,0.298,0.0581,1,6,0,21,0.1392,0.4474,1,0,0,0.0,0,0,0.052962
HP002046,2026-03-01,RET-202603,NORTHEAST,PUSH,PREMIUM,-20,28,4,333.79,85.33,0.2757,0.0444,1,2,0,39,0.0786,0.4829,1,0,0,0.0,0,0,0.053151
HP003930,2026-06-01,RET-202606,WEST,SMS,PLUS,1799,63,1,107.53,108.02,0.1171,0.0115,2,5,0,42,0.5183,0.3903,1,0,0,0.0,0,0,0.02782
HP001501,2026-05-01,RET-202605,SOUTH,SMS,PREMIUM,568,20,4,169.13,38.06,0.2205,0.0362,0,4,1,86,0.1263,0.4403,1,0,0,0.0,0,0,0.062317
HP002903,2025-12-01,RET-202512,NORTHEAST,EMAIL,PLUS,667,15,4,262.14,71.39,0.8158,0.3046,4,7,0,15,0.3392,0.422,1,0,0,0.0,1,1,0.14406
HP003506,2026-01-01,RET-202601,MIDWEST,EMAIL,PLUS,1383,46,2,114.78,59.97,0.2853,0.1045,1,9,0,42,0.2254,0.4257,1,0,0,0.0,0,0,0.040611
HP001750,2025-10-01,RET-202510,WEST,SMS,PLUS,886,29,6,307.69,46.57,0.5754,0.1943,2,10,1,79,0.0439,0.5363,1,0,0,0.0,1,0,0.068705
HP000823,2026-06-01,RET-202606,WEST,SMS,STANDARD,1429,35,1,38.39,34.52,0.2026,0.0474,3,7,1,59,0.5513,0.46,1,0,0,0.0,1,0,0.045936
HP003778,2026-06-01,RET-202606,WEST,PUSH,PLUS,1933,17,3,122.46,44.25,0.2833,0.0495,0,12,0,26,0.569,0.4371,1,0,0,0.0,0,0,0.04544
HP001952,2025-12-01,RET-202512,SOUTH,SMS,PREMIUM,755,21,1,57.76,52.66,0.5894,0.265,8,5,1,38,0.6202,0.3591,1,0,1,76.69,1,0,0.166431
HP002199,2026-04-01,RET-202604,NORTHEAST,PUSH,STANDARD,1911,11,1,87.98,82.5,,0.0403,1,12,1,24,0.4085,0.4231,1,0,0,0.0,0,0,0.049195
HP005049,2026-01-01,RET-202601,SOUTH,EMAIL,PLUS,2039,46,2,68.82,34.96,0.6287,0.1984,4,3,1,81,0.1393,0.4684,1,0,0,0.0,0,0,0.070898
HP004809,2026-06-01,RET-202606,MIDWEST,EMAIL,PLUS,1491,21,2,215.95,89.94,0.6286,0.1438,4,6,0,25,0.3052,0.4569,1,0,0,0.0,1,0,0.063464
HP004363,2026-01-01,RET-202601,SOUTH,EMAIL,STANDARD,333,10,0,0.0,60.57,0.6745,0.2297,2,8,2,29,0.3945,0.4257,1,0,0,0.0,1,1,0.106935
HP004106,2025-12-01,RET-202512,WEST,PUSH,STANDARD,1816,13,3,180.91,51.0,0.3866,0.1012,1,8,0,19,0.859,0.3867,1,0,0,0.0,1,0,0.12138
HP002555,2026-07-01,RET-202607,NORTHEAST,EMAIL,PLUS,1460,30,2,116.57,64.13,0.091,0.0142,0,4,0,23,0.5853,0.336,1,0,0,0.0,0,0,0.038885
HP000073,2026-05-01,RET-202605,SOUTH,SMS,PREMIUM,2076,18,4,355.4,86.61,0.6941,0.1878,1,4,0,36,0.1237,0.4722,1,0,0,0.0,1,0,0.089588
HP002773,2025-10-01,RET-202510,SOUTH,SMS,PLUS,1880,15,1,90.07,76.17,0.0989,0.0254,1,7,1,7,0.4483,0.4211,1,0,0,0.0,0,0,0.05205
HP000485,2026-03-01,RET-202603,WEST,EMAIL,PLUS,1037,39,0,0.0,78.8,0.2045,0.0301,1,3,0,18,0.5553,0.4003,1,0,0,0.0,1,0,0.039075
HP000278,2026-02-01,RET-202602,MIDWEST,EMAIL,PLUS,1271,21,3,406.12,130.37,0.3636,0.0885,1,3,1,26,0.5205,0.4149,1,0,0,0.0,0,0,0.080091
HP002437,2026-06-01,RET-202606,SOUTH,PUSH,PLUS,2196,17,2,191.43,83.67,0.6347,0.2546,3,4,1,77,0.3124,0.4636,1,0,0,0.0,1,0,0.095373
HP005978,2026-04-01,RET-202604,MIDWEST,EMAIL,PLUS,1614,7,1,69.55,76.72,0.0372,,3,9,0,36,0.1772,0.4485,1,0,1,116.04,0,0,0.04924
HP004360,2026-01-01,RET-202601,MIDWEST,PUSH,STANDARD,1035,33,1,36.86,32.4,0.3101,0.0301,1,5,0,72,0.2101,0.4476,1,0,0,0.0,0,0,0.036772
HP005391,2025-09-01,RET-202509,NORTHEAST,EMAIL,STANDARD,1490,28,5,295.08,53.69,0.6588,0.3457,2,7,1,42,0.6611,0.4375,1,0,0,0.0,1,1,0.191918
HP003925,2026-02-01,RET-202602,SOUTH,EMAIL,STANDARD,1700,65,2,101.55,42.53,0.5566,0.1517,4,10,2,21,0.6723,0.3756,1,0,0,0.0,1,0,0.058271
HP002845,2026-04-01,RET-202604,SOUTH,SMS,STANDARD,820,46,0,0.0,52.66,0.3231,0.048,5,10,1,14,0.099,0.5165,1,0,0,0.0,1,0,0.017115
HP000834,2026-06-01,RET-202606,SOUTH,PUSH,PLUS,589,75,2,194.51,110.4,0.458,0.0786,1,2,0,18,0.2194,0.4254,1,0,0,0.0,1,0,0.026496
HP000121,2026-02-01,RET-202602,WEST,PUSH,PLUS,1883,36,3,126.96,48.34,0.2058,0.0369,0,7,0,23,0.5551,0.4212,1,0,0,0.0,0,0,0.038282
HP004243,2026-05-01,RET-202605,MIDWEST,EMAIL,STANDARD,2158,24,2,68.17,29.21,0.1176,0.0125,4,6,1,46,0.3348,0.4853,1,0,0,0.0,0,0,0.056691
HP001526,2026-03-01,RET-202603,WEST,SMS,STANDARD,1761,63,2,91.95,51.92,0.0729,0.0192,0,8,0,28,0.3097,0.4385,1,0,0,0.0,0,0,0.024081
HP000792,2026-01-01,RET-202601,WEST,EMAIL,PLUS,2108,23,2,116.27,56.04,0.1736,0.0359,1,11,0,25,0.2041,0.4322,1,0,0,0.0,0,0,0.046023
HP004812,2026-05-01,RET-202605,WEST,SMS,PLUS,548,23,4,184.13,42.4,0.0651,0.0185,1,8,1,5,0.4833,0.3798,1,0,1,43.89,0,0,0.050799
HP003997,2026-02-01,RET-202602,NORTHEAST,SMS,PLUS,849,31,4,325.88,82.65,0.4311,0.1157,0,8,0,23,0.2252,0.4409,1,0,0,0.0,0,0,0.043347
HP003930,2026-02-01,RET-202602,WEST,SMS,PLUS,1679,50,6,590.94,98.58,0.1431,0.0164,1,12,0,55,0.3973,0.4152,1,0,0,0.0,0,0,0.040144
HP003918,2026-02-01,RET-202602,SOUTH,SMS,STANDARD,1342,14,0,0.0,50.53,0.6593,0.1135,4,7,1,24,0.1225,0.4627,1,0,0,0.0,1,0,0.060526
HP004304,2025-12-01,RET-202512,MIDWEST,EMAIL,PLUS,530,9,1,80.85,77.52,0.6549,0.2289,5,4,0,11,0.4569,0.4163,1,0,1,78.81,1,1,0.12637
HP005858,2026-08-01,RET-202608,MIDWEST,EMAIL,PLUS,1881,6,0,0.0,,0.4636,0.1817,2,6,1,9,0.4737,0.4256,1,0,0,0.0,1,0,0.088617
HP003620,2026-08-01,RET-202608,SOUTH,PUSH,PLUS,1861,17,6,323.36,58.74,0.5702,0.2129,3,4,1,80,0.7972,0.3706,1,0,0,0.0,1,0,0.220082
HP001972,2025-12-01,RET-202512,SOUTH,SMS,STANDARD,1715,5,3,144.59,57.95,0.4334,0.0968,2,4,0,16,0.5767,0.3881,1,0,0,0.0,0,0,0.086558
HP000570,2026-04-01,RET-202604,SOUTH,EMAIL,PLUS,1155,16,1,110.24,100.64,0.6107,,3,8,0,19,0.6141,0.3271,1,0,0,0.0,0,0,0.091084
HP005111,2026-04-01,RET-202604,WEST,SMS,PLUS,713,26,2,136.48,62.44,0.195,0.0537,2,7,0,76,0.1976,0.449,1,0,0,0.0,0,0,0.04098
HP000114,2026-02-01,RET-202602,SOUTH,SMS,PREMIUM,761,3,6,577.51,90.99,0.8441,0.4764,3,2,1,27,0.736,0.391,1,0,0,0.0,1,0,0.438195
HP001260,2025-12-01,RET-202512,WEST,PUSH,PLUS,1530,2,1,41.62,38.64,0.3956,0.1109,2,5,1,40,0.6203,0.373,1,0,0,0.0,1,0,0.140386
HP005253,2026-03-01,RET-202603,WEST,SMS,PLUS,1245,45,3,297.91,89.49,0.2398,0.0517,3,11,2,51,0.3006,0.4527,1,0,0,0.0,1,0,0.046616
HP005268,2026-01-01,RET-202601,SOUTH,EMAIL,STANDARD,458,42,2,120.16,52.55,0.0541,0.006,3,5,0,66,0.2059,0.4599,1,0,0,0.0,0,0,0.039186
HP001608,2026-03-01,RET-202603,SOUTH,EMAIL,STANDARD,1749,28,2,64.16,32.64,0.3023,0.1013,3,4,1,24,0.2913,0.4508,1,0,0,0.0,0,0,0.065321
HP004997,2026-05-01,RET-202605,SOUTH,EMAIL,PLUS,321,8,0,0.0,85.76,0.4669,0.1702,3,9,0,23,0.178,0.429,1,0,0,0.0,0,0,0.072887
HP001588,2026-01-01,RET-202601,MIDWEST,EMAIL,PREMIUM,213,11,3,417.49,156.63,0.4066,0.1017,1,3,1,56,0.6665,0.3459,1,0,0,0.0,0,0,0.208475
HP003303,2026-02-01,RET-202602,MIDWEST,EMAIL,STANDARD,1122,5,4,318.51,73.27,0.1451,0.0123,1,8,0,3,0.4285,0.4022,1,0,0,0.0,1,0,0.062593
HP000593,2026-06-01,RET-202606,NORTHEAST,PUSH,PREMIUM,2015,15,4,101.85,32.33,0.7175,0.3981,7,8,2,16,0.5484,0.4403,1,0,1,34.12,1,1,0.175041
HP005799,2025-11-01,RET-202511,SOUTH,EMAIL,STANDARD,1685,20,2,139.37,61.96,0.3933,0.0972,1,3,0,3,0.5958,0.359,1,0,0,0.0,1,0,0.077108
HP003647,2025-11-01,RET-202511,MIDWEST,SMS,PLUS,1362,17,3,223.4,74.23,0.3277,0.1126,5,12,1,34,0.6466,0.3283,1,0,0,0.0,0,0,0.166991
HP005573,2025-11-01,RET-202511,MIDWEST,EMAIL,PLUS,1445,13,4,336.08,74.95,0.2221,0.0509,3,5,1,68,0.5606,0.3563,1,0,0,0.0,1,0,0.105947
HP005023,2026-08-01,RET-202608,WEST,EMAIL,STANDARD,1125,35,4,394.61,113.02,0.183,0.0291,1,9,1,38,0.3945,0.4644,1,0,0,0.0,0,0,0.049129
HP000695,2025-10-01,RET-202510,SOUTH,SMS,PLUS,1425,24,1,37.73,39.54,0.2556,0.041,0,10,0,9,0.0906,0.4447,1,0,0,0.0,0,0,0.016601
HP005253,2026-08-01,RET-202608,WEST,SMS,PLUS,1395,24,2,103.03,53.2,0.3973,0.0752,1,5,0,22,0.374,0.4331,1,0,0,0.0,1,0,0.04356
HP004843,2025-12-01,RET-202512,WEST,EMAIL,STANDARD,956,27,2,123.04,53.13,0.965,0.6067,6,11,4,39,0.5016,0.3933,1,0,1,43.91,1,0,0.25652
HP005089,2026-01-01,RET-202601,MIDWEST,EMAIL,STANDARD,1173,29,1,34.72,37.1,0.1899,0.0252,2,2,0,41,0.3012,0.4194,1,0,0,0.0,1,0,0.044386
HP003902,2026-01-01,RET-202601,WEST,SMS,PLUS,1973,13,2,72.37,40.03,0.3024,0.0826,2,11,2,25,0.6115,0.3877,1,0,1,51.38,0,0,0.0683
HP004250,2025-11-01,RET-202511,WEST,SMS,PLUS,1888,14,1,37.4,38.27,0.2969,0.0576,0,9,2,6,0.7445,0.3179,1,0,0,0.0,1,0,0.053455
HP002558,2026-03-01,RET-202603,NORTHEAST,SMS,STANDARD,2137,92,0,0.0,59.41,0.0789,0.0083,1,7,0,40,0.15,0.4148,1,0,0,0.0,0,0,0.017153
HP000425,2026-02-01,RET-202602,MIDWEST,PUSH,STANDARD,559,45,2,74.24,41.89,0.2079,0.0326,6,7,0,26,0.3515,0.4632,1,0,0,0.0,0,0,0.040732
HP004012,2026-08-01,RET-202608,MIDWEST,PUSH,PLUS,1869,8,7,377.57,56.97,0.308,0.1004,3,6,0,26,0.2393,0.3904,1,0,0,0.0,0,0,0.067639
HP001664,2026-02-01,RET-202602,WEST,SMS,STANDARD,1191,16,1,89.85,87.51,0.4791,0.1707,4,10,0,26,0.7479,0.3218,1,0,0,0.0,1,0,0.081584
HP005157,2026-07-01,RET-202607,MIDWEST,EMAIL,STANDARD,1291,8,2,77.84,45.47,0.1515,0.0436,4,5,0,50,0.5604,0.481,1,0,0,0.0,0,0,0.06166
HP004341,2025-09-01,RET-202509,NORTHEAST,SMS,PLUS,239,19,2,122.99,60.78,0.091,0.0119,1,4,0,45,0.4867,0.4357,1,0,0,0.0,0,0,0.046948
HP003486,2026-07-01,RET-202607,WEST,EMAIL,PLUS,888,10,3,296.74,95.7,0.7105,0.344,2,2,0,97,0.7671,0.3782,1,0,0,0.0,1,0,0.204344
HP004637,2026-06-01,RET-202606,SOUTH,EMAIL,STANDARD,591,68,1,105.35,99.27,0.1749,0.0347,2,12,2,44,0.2048,0.4667,1,0,0,0.0,0,0,0.032467
HP004792,2026-07-01,RET-202607,MIDWEST,SMS,PLUS,1304,21,5,544.23,115.9,0.426,0.1026,3,2,0,51,0.1125,0.4996,1,0,0,0.0,1,0,0.054456
HP005181,2026-08-01,RET-202608,SOUTH,SMS,STANDARD,1639,31,5,383.83,74.24,0.65,0.2494,4,4,2,47,0.6091,0.3932,1,0,0,0.0,0,0,0.10906
HP005608,2026-06-01,RET-202606,SOUTH,PUSH,PREMIUM,477,62,1,96.07,85.59,0.0402,0.0038,3,5,0,40,0.5289,0.4108,1,0,0,0.0,1,1,0.035758
HP002635,2026-02-01,RET-202602,NORTHEAST,EMAIL,PLUS,1141,14,4,316.5,68.71,0.147,0.0282,1,11,0,48,0.173,0.4605,1,0,0,0.0,0,0,0.053676
HP004047,2026-03-01,RET-202603,SOUTH,EMAIL,STANDARD,1776,27,1,47.18,53.66,0.38,0.0647,0,10,0,18,0.2173,0.4623,1,0,0,0.0,0,0,0.040201
HP001661,2026-04-01,RET-202604,NORTHEAST,EMAIL,STANDARD,1897,45,4,483.68,95.53,0.7846,0.1919,3,6,0,51,0.2449,0.4364,1,0,0,0.0,1,0,0.059625
HP004264,2026-05-01,RET-202605,WEST,EMAIL,PLUS,925,7,1,82.17,72.31,0.2024,0.0422,2,5,2,45,0.3198,0.4192,1,0,0,0.0,0,0,0.076135
HP004571,2026-03-01,RET-202603,WEST,SMS,PREMIUM,531,6,5,641.58,127.31,0.8346,0.4616,3,4,1,7,0.7789,0.3643,1,0,1,137.14,1,0,0.357952
HP003515,2026-03-01,RET-202603,MIDWEST,EMAIL,STANDARD,256,29,4,148.1,33.16,0.6863,0.2246,2,12,2,80,0.7724,0.3429,1,0,0,0.0,1,0,0.166726
HP003698,2026-04-01,RET-202604,SOUTH,SMS,PREMIUM,1711,6,2,141.48,61.74,0.2361,0.0808,0,7,0,40,0.5168,0.3853,1,0,0,0.0,0,0,0.061136
HP005203,2026-04-01,RET-202604,NORTHEAST,EMAIL,PREMIUM,2146,1,8,367.29,51.72,0.7774,0.4733,4,4,0,12,0.222,0.4316,1,0,0,0.0,0,0,0.19993
HP004222,2025-12-01,RET-202512,MIDWEST,EMAIL,PREMIUM,1349,6,1,70.31,70.46,0.3578,0.0939,3,5,1,13,0.604,0.3946,1,0,0,0.0,0,0,0.129304
HP004304,2026-06-01,RET-202606,MIDWEST,EMAIL,PLUS,710,24,1,60.19,48.47,0.6466,0.1949,5,7,0,61,0.3131,0.3849,1,0,0,0.0,0,0,0.063023
HP002605,2026-06-01,RET-202606,WEST,SMS,PLUS,2262,38,2,100.63,56.11,0.2644,0.0843,2,7,0,73,0.4197,0.457,1,0,0,0.0,0,0,0.040098
HP000963,2026-07-01,RET-202607,NORTHEAST,PUSH,STANDARD,1953,11,3,247.78,72.71,0.2508,0.0732,0,11,1,44,0.7861,0.3603,1,0,0,0.0,1,0,0.104482
HP001116,2026-02-01,RET-202602,WEST,EMAIL,PLUS,1427,23,5,165.49,39.02,0.3191,0.1705,5,12,2,16,0.163,0.4588,1,0,1,43.18,0,0,0.038576
HP001093,2026-06-01,RET-202606,MIDWEST,EMAIL,PLUS,1892,30,5,296.45,60.31,0.3887,0.1045,5,2,0,48,0.3492,0.405,1,0,0,0.0,1,0,0.06395
HP001809,2026-02-01,RET-202602,SOUTH,EMAIL,PREMIUM,776,11,6,474.42,68.15,,0.0754,5,10,2,61,0.8907,0.3171,1,0,0,0.0,0,0,0.237599
HP000968,2025-10-01,RET-202510,NORTHEAST,EMAIL,PREMIUM,1610,2,10,516.76,47.8,0.9264,,8,2,1,14,0.2295,0.4423,1,0,0,0.0,1,0,0.39407
HP004600,2026-03-01,RET-202603,NORTHEAST,EMAIL,PLUS,1870,33,0,0.0,74.29,0.0963,0.0089,0,9,0,84,0.1222,0.4422,1,0,0,0.0,0,0,0.030569
HP005144,2026-08-01,RET-202608,SOUTH,EMAIL,PLUS,2290,13,5,429.34,90.09,0.479,0.1672,2,4,0,47,0.439,0.4322,1,0,1,91.75,1,1,0.090895
HP002937,2025-12-01,RET-202512,WEST,EMAIL,STANDARD,1035,24,3,234.39,67.33,,0.0349,3,3,0,14,0.5391,0.4018,1,0,0,0.0,1,0,0.106111
HP002067,2026-02-01,RET-202602,WEST,PUSH,PREMIUM,1290,17,7,1540.54,,0.8346,0.4902,4,12,7,12,0.6606,0.3651,1,0,1,303.53,1,1,0.264865
HP002062,2026-04-01,RET-202604,SOUTH,EMAIL,PLUS,270,1,2,86.51,40.48,0.3743,0.0993,4,12,1,19,0.1217,0.4599,1,0,0,0.0,1,0,0.07127
HP005632,2026-03-01,RET-202603,NORTHEAST,EMAIL,PLUS,1936,15,5,359.49,79.35,0.4676,0.194,2,6,1,30,0.14,0.4002,1,0,0,0.0,0,0,0.101189
HP001680,2026-07-01,RET-202607,SOUTH,EMAIL,PLUS,2134,34,2,339.36,152.82,0.0848,0.009,2,3,0,17,0.6071,0.4113,1,0,0,0.0,0,0,0.043785
HP002986,2025-11-01,RET-202511,NORTHEAST,SMS,PLUS,1706,16,1,38.56,39.56,0.2465,0.0679,5,9,1,21,0.3027,0.475,1,0,0,0.0,1,0,0.073082
HP002845,2026-02-01,RET-202602,SOUTH,SMS,STANDARD,760,48,1,31.67,34.66,0.2003,0.038,2,6,0,23,0.1855,0.5028,1,0,0,0.0,0,0,0.031749
HP003391,2025-11-01,RET-202511,WEST,EMAIL,PLUS,755,9,4,379.55,95.56,0.2442,0.0516,1,7,0,33,0.538,0.4257,1,0,0,0.0,0,0,0.124868
HP005561,2025-10-01,RET-202510,WEST,PUSH,PREMIUM,-20,15,6,623.52,102.65,0.68,0.2405,3,3,2,37,0.7879,0.4035,1,0,0,0.0,0,0,0.572596
HP002775,2026-02-01,RET-202602,NORTHEAST,EMAIL,PLUS,1828,29,1,52.92,63.27,0.5477,0.1424,2,3,0,5,0.4629,0.3943,1,0,1,87.33,0,0,0.056435
HP001430,2026-06-01,RET-202606,SOUTH,EMAIL,PREMIUM,979,10,4,181.92,48.2,0.2114,0.0533,3,9,1,57,0.3945,0.4535,1,0,0,0.0,0,0,0.08832
HP001740,2026-08-01,RET-202608,SOUTH,EMAIL,STANDARD,1947,10,5,254.04,50.48,0.2203,0.0657,1,7,2,47,0.4794,0.4017,1,0,0,0.0,1,0,0.081572
HP002480,2025-11-01,RET-202511,MIDWEST,PUSH,PLUS,383,30,2,181.07,78.33,0.0999,0.0354,2,4,1,45,0.7433,0.3705,1,0,0,0.0,0,0,0.138052
HP002431,2026-04-01,RET-202604,NORTHEAST,EMAIL,PLUS,1935,47,6,198.1,39.62,0.1789,0.0164,2,2,0,37,0.1416,0.46,1,0,0,0.0,0,0,0.044038
HP003178,2026-06-01,RET-202606,MIDWEST,EMAIL,STANDARD,1801,14,1,90.35,89.68,0.0882,0.0053,1,2,0,62,0.193,0.4985,1,0,0,0.0,0,0,0.042438
HP000177,2025-12-01,RET-202512,SOUTH,EMAIL,STANDARD,743,20,1,68.26,69.41,0.1386,0.033,2,3,1,65,0.4285,0.4666,1,0,0,0.0,0,0,0.084964
HP002372,2026-08-01,RET-202608,MIDWEST,EMAIL,PLUS,2098,36,3,361.94,111.16,0.1428,0.0178,0,5,0,48,0.1117,0.4815,1,0,0,0.0,0,0,0.033351
HP005922,2026-05-01,RET-202605,MIDWEST,SMS,PREMIUM,1664,16,0,0.0,103.32,0.3384,0.0855,2,2,0,10,0.0948,0.4633,1,0,0,0.0,0,0,0.052224
HP003717,2025-12-01,RET-202512,SOUTH,SMS,STANDARD,1078,54,1,38.54,35.06,0.4312,0.1208,5,2,0,5,0.4765,0.3928,1,0,0,0.0,1,0,0.053304
HP005607,2026-08-01,RET-202608,NORTHEAST,SMS,PREMIUM,644,17,6,692.76,115.84,0.661,0.2717,9,10,2,3,0.5848,0.4099,1,0,0,0.0,1,0,0.159514
HP004223,2026-03-01,RET-202603,NORTHEAST,EMAIL,PLUS,875,30,5,492.58,99.73,0.1769,0.0402,5,4,0,54,0.615,0.3948,1,0,0,0.0,0,0,0.064433
HP003745,2026-03-01,RET-202603,NORTHEAST,EMAIL,STANDARD,876,68,1,56.48,49.16,0.2226,0.0162,2,8,0,13,0.0708,0.5138,1,0,0,0.0,0,0,0.02765
HP004854,2026-02-01,RET-202602,NORTHEAST,EMAIL,PLUS,1807,6,5,256.95,52.61,0.7147,0.3136,2,9,2,61,0.4693,0.386,1,0,0,0.0,1,1,0.149378
HP003270,2026-05-01,RET-202605,MIDWEST,EMAIL,PLUS,1226,17,2,127.39,66.44,,0.0092,0,8,0,38,0.292,0.4479,1,0,0,0.0,1,0,0.040544
HP001360,2025-09-01,RET-202509,NORTHEAST,EMAIL,PLUS,371,8,1,144.77,136.6,0.3018,0.061,2,12,0,17,0.35,0.4346,1,0,0,0.0,0,0,0.061411
HP003752,2026-04-01,RET-202604,WEST,EMAIL,PREMIUM,957,25,1,56.92,51.22,0.2465,0.0767,1,8,1,41,0.4649,0.3747,1,0,0,0.0,0,0,0.066577
HP003249,2026-04-01,RET-202604,WEST,SMS,PREMIUM,559,15,7,805.23,125.34,0.4691,0.2822,2,10,4,15,0.7785,0.3593,1,0,0,0.0,1,0,0.180161
HP001609,2026-06-01,RET-202606,NORTHEAST,EMAIL,PREMIUM,487,35,8,1712.06,197.31,0.2164,0.0435,1,9,1,44,0.5228,0.4138,1,0,0,0.0,0,0,0.1556
HP001571,2026-03-01,RET-202603,SOUTH,EMAIL,PLUS,1983,101,3,268.92,85.37,0.2702,0.0402,1,6,0,50,0.3111,0.4251,1,0,0,0.0,0,0,0.023865
HP000362,2026-02-01,RET-202602,WEST,SMS,PLUS,1462,5,3,204.74,73.0,0.6084,0.249,4,2,0,26,0.2013,0.4724,1,0,0,0.0,1,0,0.092679
HP004516,2026-02-01,RET-202602,SOUTH,EMAIL,STANDARD,1865,26,4,213.0,43.64,0.2676,0.0772,5,12,3,62,0.5719,0.423,1,0,0,0.0,0,0,0.083505
HP001368,2025-10-01,RET-202510,NORTHEAST,EMAIL,PLUS,1846,35,1,41.08,42.29,0.7921,0.1569,3,5,0,63,0.1257,0.4248,1,0,0,0.0,1,0,0.05659
HP001182,2025-11-01,RET-202511,NORTHEAST,EMAIL,PREMIUM,1198,29,3,293.69,95.35,0.6425,0.3196,0,5,2,79,0.5919,0.4228,1,0,1,69.84,0,0,0.147858
HP000582,2026-02-01,RET-202602,NORTHEAST,EMAIL,STANDARD,1691,27,2,120.54,48.6,0.12,0.0227,0,11,2,36,0.7027,0.2977,1,0,0,0.0,1,0,0.099304
HP003775,2026-08-01,RET-202608,SOUTH,EMAIL,STANDARD,2122,40,2,74.44,39.76,0.1501,0.0231,1,7,1,103,0.6992,0.3871,1,0,1,74.66,0,0,0.089105
HP002416,2026-01-01,RET-202601,SOUTH,PUSH,STANDARD,1668,41,4,225.18,62.27,0.3309,0.0962,2,2,1,48,0.4583,0.4318,1,0,0,0.0,0,0,0.074972
HP002245,2026-03-01,RET-202603,SOUTH,EMAIL,PREMIUM,1298,18,7,434.41,50.46,0.6149,0.2459,1,2,0,100,0.1712,0.4883,1,0,1,50.07,1,0,0.122411
HP003955,2026-02-01,RET-202602,WEST,EMAIL,PREMIUM,958,21,1,73.68,70.09,0.0834,0.0073,1,6,0,34,0.1974,0.4742,1,0,0,0.0,0,0,0.052458
HP001487,2026-05-01,RET-202605,MIDWEST,EMAIL,PLUS,1044,12,6,789.07,,0.572,0.1382,0,8,0,36,0.3665,0.4046,1,0,1,151.24,0,0,0.069085
HP000341,2026-01-01,RET-202601,SOUTH,SMS,PLUS,1781,10,1,51.27,49.04,0.7358,0.3555,5,5,1,62,0.6132,0.4192,1,0,0,0.0,1,0,0.125283
HP001047,2025-10-01,RET-202510,SOUTH,EMAIL,STANDARD,1206,32,4,212.74,54.41,0.0905,0.0097,2,10,1,55,0.0728,0.4555,1,0,0,0.0,1,1,0.051008
HP005159,2026-04-01,RET-202604,WEST,EMAIL,PLUS,481,11,2,170.29,81.29,0.4948,0.1698,2,4,0,57,0.2153,0.4429,1,0,0,0.0,0,0,0.078299
HP001825,2026-03-01,RET-202603,SOUTH,EMAIL,PLUS,457,81,4,171.79,47.56,0.7341,0.2763,6,2,1,41,0.1623,0.474,1,0,0,0.0,1,0,0.074257
HP000807,2026-07-01,RET-202607,WEST,EMAIL,PREMIUM,944,17,3,238.1,78.09,0.3215,0.0955,2,9,0,52,0.7484,0.3775,1,0,0,0.0,0,0,0.148803
HP005866,2026-03-01,RET-202603,MIDWEST,EMAIL,PLUS,797,115,0,0.0,37.97,0.1608,0.0212,0,6,0,20,0.5046,0.4108,1,0,0,0.0,1,0,0.016048
HP005173,2026-02-01,RET-202602,NORTHEAST,EMAIL,PLUS,1549,8,4,315.35,64.44,0.1289,0.0258,2,8,2,42,0.3984,0.3986,1,0,0,0.0,0,0,0.079027
HP004457,2026-05-01,RET-202605,MIDWEST,EMAIL,STANDARD,1998,17,4,120.02,34.3,0.6318,0.2407,5,6,0,41,0.6269,0.3909,1,0,0,0.0,0,0,0.109877
HP000798,2026-05-01,RET-202605,WEST,SMS,PLUS,1568,39,0,0.0,80.12,0.1809,0.0559,1,5,0,18,0.7742,0.3712,1,0,0,0.0,0,0,0.036974
HP005588,2026-05-01,RET-202605,MIDWEST,SMS,PREMIUM,1873,34,2,726.08,338.31,0.1388,0.0302,2,10,0,31,0.0674,0.4813,1,0,0,0.0,0,0,0.085717
HP003755,2026-04-01,RET-202604,WEST,EMAIL,PLUS,893,6,2,140.89,74.07,0.5992,0.267,2,6,0,59,0.6,0.3999,1,0,0,0.0,1,1,0.10231
HP001184,2026-06-01,RET-202606,MIDWEST,SMS,PLUS,1125,17,2,124.02,64.1,0.7467,0.4202,4,2,0,32,0.5072,0.4059,1,0,1,75.97,0,0,0.098095
HP005861,2025-09-01,RET-202509,MIDWEST,EMAIL,PLUS,1558,3,7,607.52,86.19,0.5636,0.2468,5,9,3,27,0.2948,0.4685,1,0,0,0.0,0,0,0.18269
HP001361,2026-04-01,RET-202604,SOUTH,EMAIL,PLUS,1741,2,1,40.0,42.55,0.1061,0.0113,2,4,0,37,0.349,0.4116,1,0,0,0.0,0,0,0.054189
HP005623,2025-09-01,RET-202509,MIDWEST,EMAIL,PLUS,518,16,7,552.5,83.66,0.7433,0.4646,9,3,2,29,0.5967,0.3813,1,0,0,0.0,1,0,0.292153
HP002711,2026-07-01,RET-202607,WEST,PUSH,STANDARD,1364,38,2,57.64,34.95,0.6254,0.2348,3,4,1,58,0.5248,0.3959,1,0,0,0.0,1,1,0.066638
HP001884,2026-06-01,RET-202606,NORTHEAST,EMAIL,PREMIUM,403,4,7,462.32,69.89,0.9287,0.4666,2,5,2,120,0.517,0.4516,1,0,1,70.22,1,0,0.260885
HP003235,2026-03-01,RET-202603,NORTHEAST,EMAIL,PLUS,971,19,4,364.12,85.81,0.347,0.0936,1,10,2,25,0.8866,0.3869,1,0,0,0.0,1,0,0.084548
HP003346,2026-04-01,RET-202604,MIDWEST,EMAIL,PLUS,897,8,0,0.0,102.39,0.1637,0.0312,2,6,2,48,0.5625,0.4265,1,0,0,0.0,0,0,0.072391
HP003777,2026-06-01,RET-202606,NORTHEAST,EMAIL,PLUS,1288,45,5,261.66,57.45,0.3602,0.1036,2,9,0,96,0.7825,0.3661,1,0,0,0.0,0,0,0.108064
HP002165,2026-03-01,RET-202603,MIDWEST,SMS,PREMIUM,1149,5,2,174.76,87.93,0.1558,0.0389,2,11,2,25,0.1799,0.4708,1,0,0,0.0,0,0,0.072555
HP004225,2025-10-01,RET-202510,MIDWEST,EMAIL,PLUS,1510,6,3,408.14,125.09,0.2658,0.0304,3,4,0,61,0.1177,0.4779,1,0,0,0.0,0,0,0.063652
HP004272,2026-03-01,RET-202603,MIDWEST,PUSH,STANDARD,1522,13,1,71.15,69.7,0.464,0.0889,3,5,0,58,0.1699,0.4621,1,0,1,102.64,0,0,0.051026
HP002413,2026-02-01,RET-202602,MIDWEST,SMS,PLUS,470,33,0,0.0,60.96,0.4106,0.1411,3,6,2,21,0.4366,0.4203,1,0,0,0.0,0,0,0.0611
HP000520,2026-03-01,RET-202603,MIDWEST,SMS,PLUS,966,31,1,82.14,69.05,,0.1423,2,5,1,66,0.5097,0.3993,1,0,0,0.0,0,0,0.05734
HP005891,2025-09-01,RET-202509,WEST,EMAIL,PLUS,1171,19,0,0.0,55.98,0.5224,0.1659,1,9,0,22,0.2348,0.4999,1,0,0,0.0,0,0,0.06901
HP004796,2026-02-01,RET-202602,SOUTH,EMAIL,PLUS,1180,11,5,384.06,81.88,0.8721,0.4075,5,4,0,12,0.2702,0.4293,1,0,0,0.0,1,0,0.136297
HP005965,2026-07-01,RET-202607,WEST,EMAIL,PLUS,963,22,3,455.8,139.14,0.6558,0.2477,6,7,2,17,0.6723,0.3833,1,0,0,0.0,1,0,0.1074
HP004680,2026-08-01,RET-202608,MIDWEST,SMS,PLUS,1702,56,5,661.84,108.33,0.51,0.2249,0,10,2,94,0.5086,0.4335,1,0,0,0.0,0,0,0.049057
HP004301,2025-10-01,RET-202510,MIDWEST,SMS,PLUS,1880,3,1,112.13,97.9,0.3148,0.0804,0,7,0,3,0.7467,0.3241,1,0,0,0.0,1,0,0.056404
HP005041,2025-09-01,RET-202509,NORTHEAST,SMS,PLUS,937,13,2,96.93,50.78,0.4138,0.1037,0,5,2,18,0.3803,0.3791,1,0,0,0.0,0,0,0.072881
HP002393,2025-11-01,RET-202511,MIDWEST,EMAIL,PLUS,1758,5,4,404.87,100.55,0.4032,0.1481,3,12,3,34,0.4363,0.4269,1,0,0,0.0,0,0,0.128987
HP005630,2026-07-01,RET-202607,MIDWEST,EMAIL,PLUS,463,14,6,488.36,90.4,0.1842,0.0222,0,9,0,94,0.3022,0.4643,1,0,0,0.0,0,0,0.052783
HP005829,2025-11-01,RET-202511,NORTHEAST,EMAIL,PLUS,1920,5,3,163.77,57.14,0.3787,0.0666,2,10,0,6,0.0557,0.5313,1,0,0,0.0,0,0,0.038305
HP003812,2025-09-01,RET-202509,MIDWEST,SMS,STANDARD,339,50,4,417.01,114.98,0.3815,0.1073,4,11,0,16,0.3374,0.4555,1,0,0,0.0,1,1,0.022861
HP003113,2026-03-01,RET-202603,SOUTH,EMAIL,PLUS,1565,29,2,108.89,56.7,0.0793,0.0061,1,10,0,20,0.5784,0.4,1,0,0,0.0,0,0,0.045464
HP005656,2025-10-01,RET-202510,WEST,PUSH,PREMIUM,537,13,5,136.99,32.42,0.7915,0.4483,7,12,4,11,0.6039,0.3432,1,0,0,0.0,1,1,0.120189
HP004294,2026-08-01,RET-202608,SOUTH,SMS,STANDARD,2176,43,1,82.0,81.47,0.2195,0.0305,1,9,0,84,0.6589,0.3869,1,0,0,0.0,0,0,0.065942
HP003013,2026-07-01,RET-202607,NORTHEAST,PUSH,PREMIUM,475,55,2,185.09,92.02,0.4373,0.0834,2,7,0,38,0.5812,0.3683,1,0,0,0.0,1,0,0.047033
HP005240,2025-11-01,RET-202511,SOUTH,PUSH,PLUS,364,35,2,176.8,78.64,0.3856,0.1069,1,5,0,21,0.2072,0.4784,1,0,0,0.0,0,0,0.053203
HP001482,2026-03-01,RET-202603,WEST,EMAIL,PLUS,1142,4,3,91.74,34.21,0.6281,0.2541,0,9,7,180,0.5774,0.3929,1,0,0,0.0,0,0,0.179936
HP001101,2026-03-01,RET-202603,MIDWEST,EMAIL,STANDARD,760,21,3,154.48,52.25,0.4591,0.2628,5,7,2,41,0.7647,0.3795,1,0,0,0.0,1,1,0.231402
HP002848,2026-04-01,RET-202604,MIDWEST,SMS,STANDARD,1182,53,0,0.0,60.03,0.1231,0.0238,1,8,0,18,0.4851,0.4474,1,0,0,0.0,0,0,0.028462
HP004221,2026-05-01,RET-202605,MIDWEST,EMAIL,PLUS,392,57,1,69.16,69.63,0.145,0.0165,0,2,0,35,0.7083,0.3447,1,0,0,0.0,0,0,0.059185
HP005655,2025-11-01,RET-202511,NORTHEAST,SMS,PREMIUM,815,53,3,105.03,38.71,0.2367,0.043,2,11,0,17,0.1739,0.4613,1,0,0,0.0,0,0,0.055846
HP004575,2026-07-01,RET-202607,SOUTH,PUSH,STANDARD,2079,64,2,115.79,59.86,0.1736,0.0156,0,6,0,111,0.3521,0.4136,1,0,0,0.0,0,0,0.023679
HP000491,2026-08-01,RET-202608,MIDWEST,SMS,STANDARD,987,171,1,60.88,72.17,0.167,0.0231,4,7,1,27,0.5,0.3973,1,0,0,0.0,0,0,0.011694
HP004717,2026-07-01,RET-202607,MIDWEST,SMS,PREMIUM,738,34,4,401.15,98.47,0.8987,0.4566,2,9,4,25,0.2778,0.4555,1,0,0,0.0,1,1,0.128313
HP005451,2025-09-01,RET-202509,SOUTH,PUSH,PLUS,1007,11,3,158.25,48.41,0.469,0.0975,3,5,1,66,0.1912,0.4746,1,0,0,0.0,1,0,0.075104
HP000379,2025-11-01,RET-202511,WEST,PUSH,PLUS,371,80,4,251.42,65.78,0.1903,0.0213,1,5,0,49,0.224,0.4859,1,0,0,0.0,0,0,0.050887
HP003170,2026-02-01,RET-202602,MIDWEST,SMS,PLUS,585,15,4,379.77,94.24,0.5873,0.2903,8,3,2,35,0.2573,0.4531,1,0,0,0.0,0,0,0.174856
HP001937,2025-09-01,RET-202509,WEST,EMAIL,PLUS,767,2,3,90.8,34.29,0.5187,0.1897,3,9,2,51,0.2786,0.443,1,0,0,0.0,1,0,0.125815
HP001736,2026-08-01,RET-202608,WEST,EMAIL,PLUS,500,28,2,93.5,51.88,0.1892,0.0309,2,10,2,77,0.5808,0.42,1,0,0,0.0,0,0,0.057109
HP000856,2025-11-01,RET-202511,WEST,EMAIL,PREMIUM,895,15,9,1018.28,97.31,,0.4033,3,6,1,31,0.6111,0.3811,1,0,0,0.0,1,0,0.545011
HP001995,2025-10-01,RET-202510,WEST,EMAIL,PLUS,799,7,5,414.99,88.48,0.2184,0.0696,4,12,4,20,0.3408,0.4386,1,0,1,106.89,1,0,0.104494
HP003737,2025-12-01,RET-202512,NORTHEAST,PUSH,PREMIUM,182,15,5,305.55,58.01,0.7624,0.3758,3,10,2,8,0.3838,0.4609,1,0,0,0.0,1,0,0.102351
HP000455,2026-02-01,RET-202602,SOUTH,EMAIL,STANDARD,260,15,4,224.94,49.91,0.1684,0.0205,1,2,0,148,0.2539,0.4776,1,0,0,0.0,0,0,0.054599
HP002448,2026-07-01,RET-202607,NORTHEAST,EMAIL,PLUS,2162,24,3,329.21,104.12,0.2262,0.0817,0,5,0,101,0.5714,0.3911,1,0,0,0.0,0,0,0.047487
HP002370,2025-12-01,RET-202512,NORTHEAST,SMS,STANDARD,1519,64,2,102.13,65.95,0.2025,0.0321,2,4,0,50,0.5824,0.4104,1,0,0,0.0,1,0,0.042032
HP000446,2026-08-01,RET-202608,NORTHEAST,SMS,PLUS,1852,14,2,89.65,40.57,0.0234,0.0016,0,5,2,4,0.3638,0.4158,1,0,0,0.0,1,0,0.051783
HP003122,2026-03-01,RET-202603,MIDWEST,PUSH,PLUS,1615,19,3,196.0,56.89,0.2292,0.0629,1,8,0,12,0.6991,0.3825,1,0,0,0.0,0,0,0.053467
HP000654,2026-05-01,RET-202605,WEST,EMAIL,STANDARD,676,17,2,64.25,31.01,0.2007,0.028,3,10,2,28,0.2277,0.4744,1,0,0,0.0,1,0,0.060765
HP005038,2026-08-01,RET-202608,NORTHEAST,EMAIL,STANDARD,1901,4,0,0.0,59.28,0.7141,0.2756,4,5,1,8,0.3026,0.4384,1,0,0,0.0,0,0,0.107873
HP002870,2026-07-01,RET-202607,WEST,EMAIL,PREMIUM,2171,9,1,36.51,41.44,0.2128,0.0547,6,10,1,64,0.6691,0.3995,1,0,0,0.0,0,0,0.160412
HP003997,2026-01-01,RET-202601,NORTHEAST,SMS,PLUS,819,6,2,157.63,74.82,0.6794,0.2035,2,9,0,122,0.192,0.4453,1,0,0,0.0,0,0,0.08176
HP002603,2026-08-01,RET-202608,MIDWEST,PUSH,PLUS,1272,48,4,299.82,91.82,0.098,0.0116,1,7,0,46,0.2835,0.4772,1,0,0,0.0,1,0,0.032365
HP001125,2025-11-01,RET-202511,WEST,PUSH,PLUS,548,5,1,34.44,35.07,0.231,0.0683,4,6,1,53,0.5056,0.4363,1,0,1,31.86,0,0,0.127828
HP002016,2025-10-01,RET-202510,MIDWEST,EMAIL,STANDARD,599,38,0,0.0,45.78,0.6221,0.1777,2,3,1,56,0.5188,0.408,1,0,0,0.0,1,1,0.074314
HP001354,2025-11-01,RET-202511,MIDWEST,PUSH,STANDARD,1048,6,4,173.89,47.8,0.669,0.2367,2,9,0,17,0.3784,0.4215,1,0,1,47.98,1,0,0.123904
HP001559,2025-12-01,RET-202512,SOUTH,EMAIL,STANDARD,868,29,0,0.0,41.0,0.5256,0.2103,3,9,1,63,0.4907,0.4569,1,0,0,0.0,0,0,0.082721
HP005229,2026-02-01,RET-202602,WEST,PUSH,PLUS,1751,24,2,118.13,59.76,0.1222,0.0215,2,7,1,19,0.2125,0.4429,1,0,0,0.0,0,0,0.046695
HP000753,2026-01-01,RET-202601,WEST,SMS,PLUS,1985,1,4,203.84,46.63,0.7648,0.3814,3,5,0,16,0.6732,0.3874,1,0,0,0.0,0,0,0.131778
HP001610,2026-03-01,RET-202603,MIDWEST,SMS,PLUS,1875,19,0,0.0,92.32,0.089,0.0117,0,4,1,19,0.6368,0.3524,1,0,0,0.0,0,0,0.046341
HP002704,2026-02-01,RET-202602,NORTHEAST,EMAIL,STANDARD,1336,24,4,121.56,33.19,0.5122,0.3081,2,5,2,25,0.3536,0.445,1,0,0,0.0,0,0,0.105813
HP002366,2025-10-01,RET-202510,NORTHEAST,EMAIL,PLUS,1426,20,3,147.55,56.13,0.3107,,0,8,2,46,0.6203,0.422,1,0,0,0.0,0,0,0.071348
HP000102,2025-10-01,RET-202510,WEST,EMAIL,PLUS,1329,8,7,343.88,52.03,0.7681,0.5,4,12,7,82,0.7498,0.364,1,0,0,0.0,1,0,0.43959
HP005736,2026-05-01,RET-202605,NORTHEAST,SMS,STANDARD,1668,17,2,209.83,107.4,0.3169,0.1157,0,2,1,116,0.7048,0.3592,1,0,0,0.0,1,0,0.139329
HP005818,2026-02-01,RET-202602,SOUTH,EMAIL,PLUS,1096,29,0,0.0,,0.0909,0.0194,1,9,0,39,0.5907,0.412,1,0,0,0.0,0,0,0.042176
HP004239,2025-10-01,RET-202510,MIDWEST,EMAIL,PLUS,638,45,4,251.56,60.59,,0.0427,2,10,1,28,0.7307,0.3905,1,0,0,0.0,0,0,0.058785
HP000009,2026-03-01,RET-202603,NORTHEAST,EMAIL,PREMIUM,945,40,1,117.55,103.81,0.349,0.0768,1,6,1,41,0.7751,0.3937,1,0,0,0.0,0,0,0.127881
HP004639,2025-11-01,RET-202511,WEST,SMS,STANDARD,333,22,7,253.5,36.42,0.596,0.2323,5,7,1,8,0.5442,0.4013,1,0,0,0.0,1,0,0.183716
HP001919,2025-09-01,RET-202509,NORTHEAST,SMS,STANDARD,940,2,5,276.73,57.13,0.3704,0.0723,0,7,1,160,0.5784,0.3643,1,0,0,0.0,0,0,0.076927
HP002034,2025-09-01,RET-202509,MIDWEST,SMS,STANDARD,359,25,1,36.73,44.0,0.3883,0.07,2,8,0,94,0.1089,0.5165,1,0,0,0.0,0,0,0.04463
HP000735,2026-04-01,RET-202604,MIDWEST,EMAIL,PLUS,1916,21,1,33.28,31.81,0.4307,0.1944,2,4,1,110,0.7186,0.3542,1,0,0,0.0,1,1,0.177637
HP001030,2026-03-01,RET-202603,SOUTH,EMAIL,PLUS,579,57,0,0.0,171.45,0.2655,0.034,3,5,0,52,0.0573,0.4489,1,0,0,0.0,0,0,0.030924
HP004153,2026-07-01,RET-202607,WEST,PUSH,PLUS,928,2,1,66.87,69.88,0.6355,,10,4,0,13,0.7401,0.3929,1,0,0,0.0,0,0,0.123978
HP001300,2026-03-01,RET-202603,NORTHEAST,EMAIL,PLUS,348,11,3,139.81,41.75,0.5693,0.1677,4,6,0,29,0.4135,0.4206,1,0,0,0.0,1,0,0.096118
HP001219,2026-06-01,RET-202606,MIDWEST,SMS,STANDARD,543,27,2,125.22,58.92,0.0723,0.0129,1,5,0,74,0.3602,0.4369,1,0,0,0.0,1,0,0.037206
HP004512,2026-01-01,RET-202601,WEST,EMAIL,PREMIUM,664,15,0,0.0,120.75,0.6247,0.2255,2,11,1,21,0.1744,0.4672,1,0,0,0.0,1,0,0.101761
HP002005,2025-11-01,RET-202511,MIDWEST,EMAIL,PREMIUM,888,5,3,179.63,53.7,0.7261,0.3728,3,3,1,109,0.7208,0.3674,1,0,0,0.0,1,0,0.410593
HP005600,2026-05-01,RET-202605,SOUTH,EMAIL,STANDARD,543,39,0,0.0,59.32,0.6481,0.2911,2,11,1,36,0.3152,0.4633,1,0,1,60.4,1,0,0.056276
HP002401,2026-04-01,RET-202604,SOUTH,EMAIL,PLUS,1481,32,5,295.28,55.6,0.3616,0.072,4,8,1,66,0.7419,0.3678,1,0,1,50.69,0,0,0.140839
HP004489,2025-09-01,RET-202509,WEST,SMS,STANDARD,1297,30,3,326.69,119.61,0.4752,0.157,3,10,1,3,0.4907,0.4298,1,0,0,0.0,1,0,0.03158
HP001595,2026-07-01,RET-202607,WEST,PUSH,STANDARD,1258,1,1,14.88,19.26,0.3075,0.1111,3,2,2,9,0.6216,0.3808,1,0,0,0.0,0,0,0.144031
HP004153,2025-09-01,RET-202509,WEST,PUSH,PLUS,628,17,2,94.96,49.65,0.8904,0.62,5,10,5,26,0.8025,0.3856,1,0,1,80.84,1,1,0.215573
HP004394,2026-07-01,RET-202607,MIDWEST,EMAIL,PREMIUM,1913,23,8,284.48,45.1,0.5509,,4,8,1,34,0.1508,0.4626,1,0,0,0.0,1,0,0.120428
HP000125,2026-05-01,RET-202605,MIDWEST,PUSH,PLUS,979,38,0,0.0,56.73,0.1698,0.0341,2,9,1,32,0.3852,0.4296,1,0,0,0.0,0,0,0.037315
HP005112,2026-07-01,RET-202607,MIDWEST,PUSH,PLUS,1001,59,1,119.21,115.23,0.2076,0.0414,1,8,0,34,0.2044,0.5148,1,0,0,0.0,1,0,0.025896
HP000800,2026-02-01,RET-202602,MIDWEST,EMAIL,PLUS,1721,28,3,443.44,110.89,0.1521,0.019,1,11,0,110,0.2181,0.4916,1,0,0,0.0,0,0,0.044994
HP004336,2026-03-01,RET-202603,WEST,SMS,PLUS,1645,11,1,50.75,51.66,0.8115,0.462,5,11,4,12,0.1841,0.4496,1,0,0,0.0,1,0,0.066756
HP003197,2026-03-01,RET-202603,NORTHEAST,PUSH,PLUS,1318,15,2,172.31,78.09,0.3045,0.043,2,10,0,20,0.258,0.44,1,0,0,0.0,0,0,0.048185
HP005649,2026-05-01,RET-202605,WEST,EMAIL,PLUS,1581,16,2,202.59,92.17,0.5343,0.3124,1,2,2,22,0.7502,0.3653,1,0,1,135.96,1,0,0.211719
HP002212,2026-01-01,RET-202601,NORTHEAST,EMAIL,PREMIUM,1874,7,3,306.21,88.43,0.4515,0.1517,2,2,0,36,0.5345,0.4055,1,0,0,0.0,0,0,0.117881
HP005936,2025-10-01,RET-202510,SOUTH,EMAIL,STANDARD,269,69,3,200.62,66.06,0.2177,0.0393,1,5,1,94,0.4497,0.4251,1,0,0,0.0,0,0,0.04278
HP001322,2025-11-01,RET-202511,MIDWEST,EMAIL,PREMIUM,1827,12,6,1151.15,175.59,0.1169,0.035,1,7,1,45,0.7259,0.3658,1,0,0,0.0,0,0,0.377104
HP000870,2025-12-01,RET-202512,SOUTH,SMS,STANDARD,204,8,2,89.53,53.93,0.5772,0.1663,2,11,2,13,0.2414,0.4273,1,0,0,0.0,0,0,0.055218
HP004045,2026-06-01,RET-202606,SOUTH,SMS,STANDARD,529,109,1,46.66,48.71,0.1613,0.0238,1,3,0,26,0.6529,0.3967,1,0,0,0.0,0,0,0.018138
HP000581,2025-11-01,RET-202511,MIDWEST,EMAIL,STANDARD,1946,11,2,109.89,57.0,0.6827,0.2305,3,11,2,54,0.2442,0.4606,1,0,0,0.0,0,0,0.137879
HP000143,2025-10-01,RET-202510,SOUTH,EMAIL,STANDARD,1529,49,1,59.01,58.25,0.1089,0.0179,2,9,0,34,0.304,0.4255,1,0,0,0.0,0,0,0.036891
HP003326,2025-10-01,RET-202510,NORTHEAST,PUSH,PLUS,1764,3,5,314.1,52.18,0.7747,0.5273,4,6,4,84,0.6743,0.422,1,0,1,71.69,1,0,0.414626
HP002024,2025-10-01,RET-202510,MIDWEST,EMAIL,PLUS,927,9,4,166.65,40.92,0.7189,0.2285,2,9,1,21,0.1989,0.473,1,0,0,0.0,0,0,0.115114
HP004847,2026-08-01,RET-202608,SOUTH,EMAIL,STANDARD,1765,2,3,152.32,42.79,0.4759,0.1574,2,8,3,96,0.763,0.3671,1,0,0,0.0,1,0,0.237695
HP002130,2025-10-01,RET-202510,WEST,EMAIL,PREMIUM,1643,27,8,1365.39,131.59,0.479,0.2295,2,11,6,47,0.7958,0.3929,1,0,1,210.48,1,0,0.490028
HP001326,2026-04-01,RET-202604,WEST,EMAIL,PREMIUM,752,21,9,801.4,83.98,0.5243,0.1483,1,4,0,33,0.4216,0.429,1,0,0,0.0,0,0,0.193664
HP005329,2026-03-01,RET-202603,MIDWEST,EMAIL,PLUS,1787,31,3,348.36,103.21,0.0394,0.0033,0,6,1,104,0.5354,0.3812,1,0,0,0.0,0,0,0.047623
HP002647,2025-09-01,RET-202509,SOUTH,EMAIL,STANDARD,629,99,2,170.18,68.33,0.1369,0.0262,0,6,1,19,0.4214,0.4549,1,0,0,0.0,0,0,0.025504
HP004821,2026-01-01,RET-202601,SOUTH,EMAIL,STANDARD,779,6,0,0.0,29.22,0.0222,0.004,0,9,1,91,0.6457,0.4105,1,0,0,0.0,1,0,0.097488
HP004714,2025-11-01,RET-202511,WEST,EMAIL,STANDARD,1998,17,2,81.71,43.77,0.3234,0.1286,5,2,0,34,0.4939,0.3686,1,0,0,0.0,1,0,0.127703
HP001767,2026-05-01,RET-202605,MIDWEST,EMAIL,PREMIUM,313,29,8,1254.97,147.91,0.6046,0.2405,4,2,0,35,0.729,0.3271,1,0,0,0.0,0,0,0.360484
HP004754,2026-07-01,RET-202607,NORTHEAST,EMAIL,PLUS,622,17,1,85.61,78.69,0.4454,0.1295,1,9,3,38,0.2287,0.4467,1,0,0,0.0,0,0,0.068232
HP001249,2025-12-01,RET-202512,NORTHEAST,EMAIL,PLUS,1690,7,2,195.81,90.79,,0.1743,3,3,0,108,0.4658,0.4329,1,0,0,0.0,0,0,0.114589
HP005792,2026-05-01,RET-202605,SOUTH,EMAIL,PLUS,2201,38,1,120.79,112.14,0.3044,0.0412,0,5,1,18,0.0947,0.5172,1,0,0,0.0,1,0,0.039037
HP003564,2025-09-01,RET-202509,NORTHEAST,SMS,PLUS,1853,7,0,0.0,96.24,0.8817,0.3433,3,8,0,26,0.7259,0.366,1,0,0,0.0,0,0,0.110036
HP002386,2026-05-01,RET-202605,WEST,SMS,PLUS,671,7,8,204.61,26.77,0.8258,0.4362,4,9,1,54,0.2982,0.4891,1,0,0,0.0,0,0,0.154078
HP005744,2025-09-01,RET-202509,WEST,SMS,PREMIUM,1684,11,8,405.38,46.39,0.7471,0.4815,6,5,2,26,0.465,0.3884,1,0,0,0.0,1,0,0.267702
HP005737,2026-03-01,RET-202603,WEST,SMS,STANDARD,886,21,4,314.23,72.57,0.7379,0.3615,4,3,0,20,0.6304,0.387,1,0,0,0.0,1,0,0.107218
HP004665,2025-09-01,RET-202509,NORTHEAST,EMAIL,PREMIUM,1391,33,5,537.53,117.2,0.6196,0.2866,4,10,5,56,0.9695,0.3178,1,0,1,78.26,0,0,0.310649
HP003696,2025-09-01,RET-202509,SOUTH,EMAIL,PREMIUM,1375,7,6,388.32,63.7,0.3651,0.1016,1,8,1,84,0.638,0.3748,1,0,0,0.0,1,0,0.121407
HP000259,2026-08-01,RET-202608,SOUTH,EMAIL,STANDARD,1995,69,0,0.0,97.83,0.0527,0.0057,4,7,0,90,0.2471,0.463,1,0,0,0.0,0,0,0.025972
HP002796,2025-12-01,RET-202512,NORTHEAST,EMAIL,PLUS,754,36,2,118.39,60.86,0.1124,0.0373,1,12,1,14,0.458,0.3957,1,0,0,0.0,0,0,0.028146
HP001957,2025-12-01,RET-202512,NORTHEAST,EMAIL,STANDARD,1124,93,3,81.22,28.95,0.0925,0.0234,2,3,0,23,0.7443,0.3922,1,0,0,0.0,0,0,0.038099
HP004952,2026-01-01,RET-202601,NORTHEAST,EMAIL,PREMIUM,1082,9,7,239.34,30.46,0.9405,0.7232,8,12,9,30,0.6376,0.3884,1,0,1,25.28,1,0,0.431096
HP003069,2026-01-01,RET-202601,WEST,PUSH,PLUS,343,18,7,596.81,61.67,0.5704,0.1915,2,5,1,29,0.3088,0.4283,1,0,0,0.0,1,0,0.111183
HP005366,2026-03-01,RET-202603,NORTHEAST,PUSH,PLUS,843,15,2,83.1,38.15,0.6275,0.1299,0,8,0,27,0.3381,0.4334,1,0,0,0.0,0,0,0.050015
HP000060,2025-10-01,RET-202510,SOUTH,PUSH,STANDARD,1271,32,2,69.75,30.39,0.1639,0.0393,2,3,0,48,0.0881,0.4495,1,0,0,0.0,1,0,0.039337
HP004646,2026-03-01,RET-202603,WEST,PUSH,PREMIUM,1937,14,5,281.27,48.8,0.5751,0.3169,3,8,2,37,0.4692,0.4037,1,0,0,0.0,1,0,0.155608
HP003358,2025-09-01,RET-202509,WEST,EMAIL,STANDARD,1221,82,2,70.99,35.37,0.4278,0.0999,2,7,0,20,0.1492,0.5069,1,0,0,0.0,0,0,0.032051
HP000429,2025-12-01,RET-202512,SOUTH,SMS,STANDARD,1516,45,1,61.95,,0.2057,0.0302,0,4,1,48,0.627,0.3869,1,0,0,0.0,0,0,0.05206
HP001875,2025-12-01,RET-202512,NORTHEAST,PUSH,STANDARD,185,11,0,0.0,22.93,0.8107,0.2917,1,6,2,12,0.2556,0.4456,1,0,0,0.0,0,0,0.127753
HP001443,2025-09-01,RET-202509,MIDWEST,PUSH,PLUS,1504,34,2,80.17,40.98,0.4442,0.0865,1,8,2,32,0.14,0.4676,1,0,0,0.0,1,0,0.053818
HP001818,2026-07-01,RET-202607,NORTHEAST,EMAIL,PLUS,1561,44,0,0.0,41.65,0.1601,0.0256,1,9,0,51,0.1873,0.4529,1,0,0,0.0,0,0,0.030876
HP000685,2026-03-01,RET-202603,WEST,SMS,STANDARD,1831,65,2,79.51,47.97,0.4745,0.1227,1,8,1,20,0.2723,0.4985,1,0,0,0.0,1,0,0.035998
HP004786,2025-12-01,RET-202512,SOUTH,EMAIL,STANDARD,1349,46,3,127.37,42.93,0.6959,0.2861,2,2,1,14,0.5119,0.3894,1,0,0,0.0,1,0,0.124096
HP004656,2026-07-01,RET-202607,WEST,EMAIL,PLUS,1975,33,3,178.65,54.49,0.3967,0.1118,4,11,2,78,0.4989,0.3865,1,0,0,0.0,0,0,0.067153
HP002780,2025-10-01,RET-202510,MIDWEST,EMAIL,PLUS,704,25,1,52.43,46.37,0.4051,0.1369,4,9,1,43,0.2075,0.4409,1,0,0,0.0,0,0,0.063582
HP004056,2026-02-01,RET-202602,MIDWEST,EMAIL,PLUS,843,30,0,0.0,40.96,0.3117,0.0643,2,5,0,50,0.3612,0.4301,1,0,0,0.0,0,0,0.044971
HP001047,2026-07-01,RET-202607,SOUTH,EMAIL,STANDARD,1476,14,2,55.75,34.24,0.0672,0.0059,2,11,0,33,0.1808,0.4536,1,0,0,0.0,0,0,0.045788
HP002182,2026-05-01,RET-202605,NORTHEAST,SMS,STANDARD,1430,15,0,0.0,37.66,0.1371,0.0271,2,6,0,74,0.1917,0.4321,1,0,0,0.0,1,1,0.038869
HP003253,2026-01-01,RET-202601,SOUTH,EMAIL,PREMIUM,1540,18,6,385.07,53.88,0.275,0.0701,0,8,0,121,0.3839,0.4242,1,0,0,0.0,0,0,0.07482
HP005777,2026-04-01,RET-202604,SOUTH,EMAIL,PLUS,303,48,2,106.95,57.12,0.0223,0.0016,0,9,0,73,0.4054,0.4307,1,0,0,0.0,0,0,0.030985
HP003621,2026-07-01,RET-202607,MIDWEST,EMAIL,STANDARD,1293,57,0,0.0,34.86,0.1977,0.025,2,8,1,61,0.513,0.3935,1,0,0,0.0,0,0,0.035995
HP005937,2026-08-01,RET-202608,SOUTH,SMS,PLUS,1401,9,4,277.02,70.39,0.507,0.1499,1,10,2,19,0.5074,0.4309,1,0,0,0.0,0,0,0.076047
HP002649,2026-08-01,RET-202608,NORTHEAST,EMAIL,PREMIUM,612,6,3,175.83,54.91,0.5746,0.3158,10,2,0,34,0.6049,0.3876,1,0,0,0.0,1,0,0.155409
HP005762,2025-11-01,RET-202511,SOUTH,PUSH,PREMIUM,215,3,4,146.52,52.48,0.5439,0.1839,2,4,2,59,0.2057,0.4269,1,0,0,0.0,0,0,0.205379
HP005852,2026-01-01,RET-202601,WEST,PUSH,PLUS,1900,5,1,74.36,75.31,0.1281,0.0434,1,2,0,109,0.7179,0.3225,1,0,0,0.0,0,0,0.101535
HP003673,2026-02-01,RET-202602,WEST,PUSH,PLUS,999,9,2,68.13,39.52,0.2783,0.1016,4,2,0,15,0.3938,0.4431,1,0,0,0.0,1,0,0.059669
HP002609,2026-03-01,RET-202603,MIDWEST,SMS,PLUS,705,75,2,333.63,156.08,0.2277,0.0377,1,6,0,26,0.7625,0.3399,1,0,0,0.0,0,0,0.029646
HP005140,2026-07-01,RET-202607,NORTHEAST,EMAIL,STANDARD,1038,20,4,140.17,36.85,0.6359,0.2338,3,10,2,26,0.1109,0.4907,1,0,0,0.0,1,0,0.100188
HP004676,2025-11-01,RET-202511,NORTHEAST,EMAIL,PREMIUM,1540,2,3,262.99,97.87,0.5426,0.2769,2,10,5,35,0.8085,0.3514,1,0,0,0.0,1,1,0.42134
HP002728,2026-08-01,RET-202608,MIDWEST,EMAIL,PREMIUM,2171,36,3,408.36,132.22,0.5287,0.2125,4,4,1,48,0.4063,0.4073,1,0,0,0.0,0,0,0.093135
HP005317,2025-12-01,RET-202512,WEST,SMS,STANDARD,506,41,3,315.45,107.08,,0.0758,2,11,0,80,0.2585,0.4047,1,0,0,0.0,0,0,0.083833
HP005299,2026-08-01,RET-202608,WEST,SMS,PLUS,600,9,4,321.16,91.39,0.4799,0.1562,1,9,3,22,0.2837,0.4248,1,0,0,0.0,1,0,0.097072
HP001554,2026-04-01,RET-202604,MIDWEST,SMS,STANDARD,656,7,5,577.59,108.78,0.2709,0.0846,0,7,1,27,0.2652,0.4277,1,0,0,0.0,1,0,0.059965
HP002390,2026-04-01,RET-202604,MIDWEST,SMS,STANDARD,892,58,1,33.02,38.33,0.686,0.2627,0,7,1,21,0.6167,0.4007,1,0,0,0.0,1,1,0.04378
HP000225,2026-08-01,RET-202608,MIDWEST,EMAIL,PLUS,1381,15,1,92.06,95.97,0.1309,0.015,1,9,1,55,0.5732,0.3725,1,0,0,0.0,0,0,0.052384
HP001877,2025-09-01,RET-202509,WEST,EMAIL,PLUS,576,24,1,97.5,82.88,0.1186,0.0117,2,11,0,73,0.1804,0.4913,1,0,0,0.0,0,0,0.045501
HP002437,2026-01-01,RET-202601,SOUTH,PUSH,PLUS,2046,10,2,84.53,35.17,0.3722,0.138,0,9,2,80,0.3306,0.454,1,0,0,0.0,0,0,0.060933
HP002137,2026-02-01,RET-202602,NORTHEAST,SMS,PLUS,2067,35,5,271.89,53.73,0.7843,0.2828,2,3,0,54,0.4475,0.4422,1,0,1,55.79,1,1,0.06972
HP001732,2025-10-01,RET-202510,WEST,SMS,PREMIUM,543,20,4,826.8,176.65,0.5201,0.1111,1,5,1,71,0.1234,0.4798,1,0,1,113.42,1,0,0.157329
HP004006,2026-01-01,RET-202601,MIDWEST,PUSH,PREMIUM,1173,16,8,489.18,52.72,0.463,0.2603,3,10,4,47,0.4449,0.3852,1,0,0,0.0,0,0,0.187119
HP003712,2026-04-01,RET-202604,SOUTH,EMAIL,PLUS,1775,7,2,202.28,107.24,0.2673,0.0587,3,8,1,27,0.0621,0.4858,1,0,0,0.0,1,0,0.062599
HP000990,2025-09-01,RET-202509,NORTHEAST,SMS,STANDARD,1728,40,0,0.0,90.43,0.0652,0.0064,0,9,0,64,0.2917,0.4524,1,0,0,0.0,0,0,0.028616
HP002820,2026-08-01,RET-202608,NORTHEAST,EMAIL,PLUS,1755,29,1,128.2,111.13,0.2375,0.0621,1,10,0,35,0.2987,0.4414,1,0,0,0.0,0,0,0.04064
HP001250,2026-03-01,RET-202603,MIDWEST,SMS,PREMIUM,1238,13,4,550.51,143.51,0.2844,0.1439,6,8,2,59,0.1907,0.4037,1,0,0,0.0,0,0,0.184926
HP000871,2026-05-01,RET-202605,MIDWEST,EMAIL,PLUS,1333,11,2,204.55,112.02,0.5095,0.1856,5,11,0,30,0.1455,0.4731,1,0,0,0.0,0,0,0.083942
HP000619,2026-02-01,RET-202602,MIDWEST,SMS,PLUS,1937,18,6,439.95,61.35,0.8356,0.3277,4,4,1,27,0.314,0.4366,1,0,0,0.0,1,0,0.137846
HP000896,2025-09-01,RET-202509,NORTHEAST,EMAIL,STANDARD,328,25,0,0.0,36.0,0.1438,0.0183,0,12,0,17,0.4045,0.4132,1,0,0,0.0,0,0,0.039868
HP000037,2026-02-01,RET-202602,SOUTH,SMS,STANDARD,1513,22,2,67.86,38.83,0.1381,0.0139,1,9,0,82,0.2468,0.461,1,0,0,0.0,1,0,0.040344
HP005019,2026-02-01,RET-202602,WEST,PUSH,PLUS,1083,9,2,135.77,80.55,0.1218,0.032,0,3,1,90,0.6129,0.3723,1,0,0,0.0,0,0,0.062774
HP000464,2026-03-01,RET-202603,SOUTH,SMS,PLUS,690,7,2,293.09,142.39,0.298,0.0674,2,7,0,67,0.3763,0.437,1,0,0,0.0,0,0,0.054933
HP005991,2025-12-01,RET-202512,WEST,EMAIL,PLUS,1779,3,5,187.73,34.14,0.8566,0.5068,4,2,1,14,0.9217,0.3756,1,0,1,35.41,1,0,0.416996
HP005509,2026-04-01,RET-202604,NORTHEAST,EMAIL,STANDARD,305,15,2,86.08,45.51,0.416,0.1631,2,10,2,70,0.8346,0.3516,1,0,0,0.0,0,0,0.189103
HP000748,2026-02-01,RET-202602,SOUTH,SMS,PLUS,1507,12,4,217.41,55.76,,0.0325,0,9,0,24,0.4031,0.4141,1,0,0,0.0,0,0,0.049372
HP004755,2025-10-01,RET-202510,MIDWEST,SMS,STANDARD,1548,28,5,129.82,27.45,0.6097,0.2388,0,5,0,12,0.7338,0.3896,1,0,0,0.0,0,0,0.0674
HP001916,2025-11-01,RET-202511,WEST,SMS,PREMIUM,1840,19,4,196.42,65.13,0.1882,0.0511,3,6,0,74,0.6065,0.3905,1,0,0,0.0,0,0,0.137299
HP001410,2025-12-01,RET-202512,SOUTH,SMS,PLUS,1696,25,4,262.84,68.21,0.258,0.0525,2,2,0,51,0.7267,0.3162,1,0,0,0.0,1,1,0.134373
HP005606,2026-03-01,RET-202603,midwest,SMS,PLUS,1945,12,2,105.57,57.18,0.2346,0.0768,3,6,2,41,0.8372,0.3376,1,0,0,0.0,1,0,0.152154
HP004897,2026-07-01,RET-202607,NORTHEAST,EMAIL,PREMIUM,1356,21,8,561.45,68.5,0.4278,0.1987,0,7,2,56,0.8987,0.3144,1,0,1,80.56,0,0,0.427898
HP003544,2026-07-01,RET-202607,SOUTH,PUSH,PLUS,1251,16,2,268.97,105.19,0.0578,0.0097,1,3,1,47,0.6135,0.3825,1,0,0,0.0,0,0,0.059494
HP005417,2026-05-01,RET-202605,SOUTH,EMAIL,STANDARD,432,6,2,87.72,44.08,0.7931,0.322,4,6,2,26,0.3595,0.487,1,0,0,0.0,0,0,0.144909
HP001826,2025-11-01,RET-202511,SOUTH,PUSH,PLUS,1998,36,2,136.1,58.6,0.2281,0.0763,2,3,1,15,0.8982,0.3435,1,0,0,0.0,0,0,0.085866
HP004513,2025-09-01,RET-202509,MIDWEST,EMAIL,PREMIUM,1223,9,4,289.34,74.63,0.5247,0.2262,1,8,3,35,0.7299,0.4062,1,0,0,0.0,1,1,0.312765
HP000208,2026-01-01,RET-202601,NORTHEAST,PUSH,STANDARD,1976,44,0,0.0,84.17,0.1338,0.0188,2,12,0,57,0.78,0.3748,1,0,0,0.0,0,0,0.070772
HP004464,2025-12-01,RET-202512,MIDWEST,EMAIL,PLUS,1680,17,2,160.01,88.47,0.1803,0.0398,2,5,1,14,0.2103,0.4653,1,0,0,0.0,1,0,0.077719
HP001630,2025-11-01,RET-202511,MIDWEST,EMAIL,PLUS,389,35,4,191.54,42.55,0.5085,0.1156,1,5,0,46,0.3464,0.4017,1,0,0,0.0,0,0,0.072077
HP001953,2025-11-01,RET-202511,WEST,EMAIL,PLUS,1415,5,3,291.36,99.14,0.4754,0.074,1,12,0,22,0.0329,0.4724,1,0,0,0.0,0,0,0.114922
HP004575,2026-08-01,RET-202608,SOUTH,PUSH,STANDARD,2109,55,1,48.15,50.56,0.0692,0.0069,1,3,0,4,0.3393,0.421,1,0,0,0.0,1,0,0.02591
HP001216,2026-02-01,RET-202602,SOUTH,PUSH,STANDARD,2127,33,3,155.62,64.55,0.2462,0.0701,3,8,0,86,0.6501,0.3693,1,0,0,0.0,1,0,0.096028
HP002966,2026-07-01,RET-202607,MIDWEST,EMAIL,PLUS,428,10,1,87.75,84.8,0.3312,0.0477,1,11,1,25,0.3396,0.4506,1,0,1,75.05,1,0,0.055184
HP005253,2026-04-01,RET-202604,WEST,SMS,PLUS,1275,11,1,81.12,70.46,0.3043,0.059,5,8,0,32,0.5496,0.4324,1,0,0,0.0,1,0,0.057092
HP004044,2026-02-01,RET-202602,MIDWEST,EMAIL,STANDARD,2024,86,0,0.0,40.21,,0.0292,0,11,0,36,0.7112,0.41,1,0,0,0.0,0,0,0.045902
HP001474,2026-04-01,RET-202604,MIDWEST,PUSH,PLUS,636,10,7,756.39,102.61,0.2201,0.0539,0,8,0,47,0.0903,0.5087,1,0,0,0.0,0,0,0.051722
HP000356,2026-05-01,RET-202605,SOUTH,EMAIL,PREMIUM,1012,10,3,323.89,91.93,0.5596,0.2787,1,3,1,75,0.6124,0.3457,1,0,1,78.89,0,0,0.159859
HP003503,2025-10-01,RET-202510,WEST,EMAIL,PREMIUM,306,22,7,406.43,60.61,0.4665,0.1778,3,2,0,60,0.7915,0.3606,1,0,0,0.0,0,0,0.215125
HP002040,2025-09-01,RET-202509,NORTHEAST,EMAIL,STANDARD,736,26,0,0.0,102.12,0.2636,0.0473,0,7,1,42,0.2862,0.4557,1,0,0,0.0,1,0,0.045923
HP002635,2026-06-01,RET-202606,NORTHEAST,EMAIL,PLUS,1261,43,4,269.08,72.21,0.2606,0.0568,3,8,2,52,0.1284,0.5132,1,0,0,0.0,0,0,0.054978
HP004203,2026-08-01,RET-202608,MIDWEST,SMS,PLUS,1720,29,1,66.5,66.14,0.127,0.0249,1,6,0,26,0.7022,0.383,1,0,0,0.0,0,0,0.038785
HP002116,2026-03-01,RET-202603,MIDWEST,EMAIL,STANDARD,289,109,2,343.38,138.69,0.0851,0.009,0,8,0,81,0.2165,0.5154,1,0,0,0.0,0,0,0.016656
HP001984,2026-03-01,RET-202603,MIDWEST,SMS,PREMIUM,1907,6,5,186.22,40.32,0.0851,0.01,1,6,1,9,0.2437,0.5071,1,0,1,40.25,0,0,0.077291
HP000858,2026-03-01,RET-202603,SOUTH,SMS,STANDARD,1939,2,3,328.26,111.71,0.277,0.0691,0,7,0,60,0.6874,0.4064,1,0,0,0.0,1,0,0.106944
HP001411,2026-03-01,RET-202603,NORTHEAST,SMS,PREMIUM,1277,22,2,87.52,41.26,0.5948,0.2476,3,3,0,64,0.5727,0.4007,1,0,0,0.0,1,0,0.082483
HP005115,2026-04-01,RET-202604,MIDWEST,SMS,STANDARD,548,25,3,111.03,41.58,0.1654,,1,4,0,31,0.1903,0.4762,1,0,1,35.74,0,0,0.040574
HP000744,2025-11-01,RET-202511,SOUTH,EMAIL,PREMIUM,804,7,4,301.14,80.23,0.7466,0.3611,4,4,3,57,0.4567,0.4282,1,0,1,86.73,1,1,0.337893
HP002929,2025-09-01,RET-202509,NORTHEAST,PUSH,STANDARD,351,21,1,32.33,29.77,0.4692,0.1606,2,7,0,88,0.4313,0.4223,1,0,0,0.0,1,0,0.069534
HP005425,2025-11-01,RET-202511,MIDWEST,EMAIL,PLUS,1041,35,4,250.29,57.79,0.4385,0.0862,4,5,0,25,0.2027,0.4518,1,0,0,0.0,1,0,0.073403
HP003206,2026-05-01,RET-202605,SOUTH,EMAIL,PLUS,1690,94,1,38.65,38.55,0.0678,0.0099,1,7,0,22,0.3248,0.4656,1,0,0,0.0,0,0,0.020602
HP002591,2026-06-01,RET-202606,NORTHEAST,EMAIL,PLUS,1177,112,0,0.0,120.45,0.0672,0.0042,0,12,0,111,0.2918,0.4508,1,0,0,0.0,0,0,0.014198
HP000225,2025-11-01,RET-202511,MIDWEST,EMAIL,PLUS,1111,20,1,70.94,63.3,0.1821,0.0272,0,5,1,5,0.228,0.4716,1,0,0,0.0,0,0,0.062247
HP004893,2025-11-01,RET-202511,WEST,SMS,STANDARD,1835,10,1,91.38,89.38,0.0331,0.0025,1,7,0,7,0.4776,0.457,1,0,0,0.0,0,0,0.085456
HP000824,2026-01-01,RET-202601,MIDWEST,PUSH,PREMIUM,2041,11,2,184.25,88.23,0.4645,0.1538,2,2,0,34,0.1524,0.4675,1,0,0,0.0,1,0,0.086933
HP003102,2025-12-01,RET-202512,WEST,SMS,STANDARD,653,28,1,47.46,49.59,0.2985,0.0506,0,7,1,54,0.5968,0.3559,1,0,0,0.0,0,0,0.084901
HP005482,2026-05-01,RET-202605,MIDWEST,EMAIL,STANDARD,679,9,2,126.36,58.82,0.3551,0.1048,1,9,1,63,0.696,0.3605,1,0,1,58.13,0,0,0.132955
HP004832,2025-09-01,RET-202509,MIDWEST,PUSH,STANDARD,576,4,1,59.03,49.53,0.6842,0.3303,5,3,0,49,0.5389,0.411,1,0,0,0.0,0,0,0.110583
HP003568,2025-10-01,RET-202510,MIDWEST,EMAIL,PLUS,1575,57,5,572.93,125.82,0.6279,0.2287,2,7,2,21,0.6584,0.3785,1,0,0,0.0,1,0,0.083832
HP005841,2026-03-01,RET-202603,MIDWEST,SMS,STANDARD,2107,79,1,101.06,86.09,0.1665,0.0213,2,12,0,26,0.2294,0.4461,1,0,0,0.0,0,0,0.022977
HP001803,2026-08-01,RET-202608,NORTHEAST,EMAIL,PLUS,1326,5,4,305.64,73.02,0.6302,0.2524,2,6,0,16,0.6003,0.3977,1,0,0,0.0,0,0,0.108649
HP005556,2026-01-01,RET-202601,WEST,EMAIL,PLUS,281,11,2,196.66,111.76,,0.4598,5,10,2,35,0.2743,0.4521,1,0,1,102.07,1,0,0.147608
HP005604,2026-01-01,RET-202601,SOUTH,PUSH,PLUS,557,28,3,136.63,44.91,0.3506,0.1426,0,9,1,41,0.431,0.4199,1,0,0,0.0,1,0,0.050464
HP005177,2026-01-01,RET-202601,WEST,EMAIL,PLUS,1215,15,3,336.71,103.78,0.6169,0.2005,2,9,1,35,0.3566,0.4144,1,0,0,0.0,0,0,0.100227
HP001442,2025-10-01,RET-202510,NORTHEAST,EMAIL,PLUS,680,31,6,288.55,48.89,0.0776,0.0138,1,4,0,85,0.3207,0.4259,1,0,0,0.0,0,0,0.054038
HP003342,2025-09-01,RET-202509,NORTHEAST,PUSH,PREMIUM,1729,27,2,242.17,103.48,0.5536,0.1308,0,6,1,27,0.1825,0.4539,1,0,0,0.0,1,0,0.065057
HP001218,2026-08-01,RET-202608,WEST,PUSH,PREMIUM,2097,13,5,300.08,55.71,0.6905,0.2502,5,5,1,32,0.4349,0.4072,1,0,0,0.0,1,0,0.146311
HP002771,2026-03-01,RET-202603,WEST,EMAIL,PREMIUM,1590,6,7,992.91,157.31,0.4993,0.2059,3,3,1,45,0.1321,0.4698,1,0,1,201.48,1,0,0.307478
HP004072,2025-10-01,RET-202510,SOUTH,PUSH,PLUS,413,31,3,115.99,39.83,0.3433,0.0807,0,6,1,51,0.1456,0.4971,1,0,0,0.0,0,0,0.046357
HP004612,2026-05-01,RET-202605,MIDWEST,EMAIL,STANDARD,2143,19,0,0.0,17.51,0.6381,0.2332,2,2,0,41,0.585,0.4225,1,0,1,28.97,1,1,0.079815
HP002093,2025-10-01,RET-202510,WEST,PUSH,PLUS,479,34,2,127.1,86.01,0.2665,0.0256,0,11,0,92,0.211,0.4665,1,0,0,0.0,0,0,0.03507
HP000641,2026-05-01,RET-202605,SOUTH,EMAIL,STANDARD,1469,15,4,191.54,46.56,0.1534,0.0425,0,7,0,23,0.5783,0.409,1,0,0,0.0,0,0,0.053089
HP000619,2026-04-01,RET-202604,MIDWEST,SMS,PLUS,1997,12,0,0.0,38.36,0.6984,,5,6,2,54,0.3751,0.4153,1,0,0,0.0,0,0,0.109949
HP000873,2025-11-01,RET-202511,NORTHEAST,EMAIL,PLUS,1766,13,2,91.81,42.11,0.3797,0.0808,1,6,0,26,0.6298,0.3779,1,0,0,0.0,1,0,0.08177
HP001672,2026-01-01,RET-202601,MIDWEST,EMAIL,PLUS,405,4,2,173.46,90.85,,0.1114,4,2,0,38,0.0517,0.4721,1,0,0,0.0,0,0,0.067786
HP002813,2026-08-01,RET-202608,WEST,SMS,PREMIUM,1469,17,5,245.6,44.1,0.2553,0.1105,3,3,1,30,0.7055,0.4206,1,0,0,0.0,1,0,0.107454
HP005968,2025-12-01,RET-202512,NORTHEAST,EMAIL,PLUS,1305,29,0,0.0,75.28,0.3307,0.1272,6,7,4,23,0.7181,0.3658,1,0,1,58.19,1,0,0.125723
HP001276,2025-09-01,RET-202509,WEST,PUSH,PLUS,1126,44,4,504.99,118.11,0.2163,0.0699,2,4,0,40,0.7393,0.3653,1,0,0,0.0,0,0,0.095397
HP004522,2026-05-01,RET-202605,NORTHEAST,EMAIL,STANDARD,579,12,2,132.96,64.29,0.1481,0.0188,2,6,0,23,0.3382,0.4672,1,0,0,0.0,0,0,0.052087
HP004439,2026-08-01,RET-202608,MIDWEST,PUSH,STANDARD,1517,21,0,0.0,62.65,0.3765,0.0779,0,10,1,180,0.5508,0.3602,1,0,0,0.0,1,0,0.041752
HP004077,2026-03-01,RET-202603,SOUTH,SMS,STANDARD,450,24,0,0.0,33.2,0.3042,0.0643,1,2,0,16,0.4386,0.3901,1,0,0,0.0,1,0,0.041007
HP003400,2026-02-01,RET-202602,WEST,SMS,PLUS,1821,6,1,82.66,87.61,0.8003,0.2584,1,4,1,3,0.4594,0.4239,1,0,0,0.0,0,0,0.106978
HP001754,2026-02-01,RET-202602,MIDWEST,EMAIL,STANDARD,509,78,0,0.0,30.18,0.1274,0.0135,2,12,1,28,0.2084,0.4184,1,0,0,0.0,0,0,0.026361
HP001308,2026-07-01,RET-202607,NORTHEAST,EMAIL,PLUS,463,17,5,402.74,62.72,0.2507,0.0857,1,8,0,40,0.5187,0.4119,1,0,1,89.37,0,0,0.062361
HP003298,2025-09-01,RET-202509,WEST,PUSH,STANDARD,646,7,0,0.0,38.66,0.5071,0.1382,2,2,0,61,0.4478,0.4435,1,0,0,0.0,1,0,0.061254
HP000172,2026-06-01,RET-202606,WEST,EMAIL,PLUS,1428,30,1,78.82,75.81,0.1133,0.0264,1,8,3,14,0.8605,0.3949,1,0,0,0.0,0,0,0.064897
HP000669,2025-09-01,RET-202509,SOUTH,SMS,STANDARD,228,16,0,0.0,108.36,0.2245,0.0664,0,3,1,84,0.8229,0.3364,1,0,1,260.41,0,0,0.118443
HP002174,2025-10-01,RET-202510,SOUTH,EMAIL,STANDARD,1569,11,2,75.06,42.68,0.6334,0.2163,3,11,1,34,0.1351,0.456,1,0,1,56.58,0,0,0.098753
HP001553,2025-11-01,RET-202511,WEST,EMAIL,STANDARD,1835,43,5,494.22,97.96,0.2764,0.0941,4,2,0,24,0.2859,0.4802,1,0,0,0.0,1,0,0.103624
HP002550,2025-12-01,RET-202512,SOUTH,EMAIL,PREMIUM,640,25,2,134.06,66.1,0.2316,0.0517,1,9,1,83,0.7462,0.3789,1,0,0,0.0,1,0,0.174018
HP005041,2026-07-01,RET-202607,NORTHEAST,SMS,PLUS,1237,38,0,0.0,81.06,0.1753,0.0367,2,8,1,23,0.5356,0.4189,1,0,0,0.0,0,0,0.038881
HP000859,2025-12-01,RET-202512,SOUTH,EMAIL,PLUS,1300,20,4,313.4,71.76,0.7533,0.3758,9,2,0,72,0.6057,0.3741,1,0,1,86.73,1,0,0.169657
HP004498,2026-05-01,RET-202605,MIDWEST,SMS,STANDARD,1715,5,1,44.59,39.76,0.061,0.0076,0,9,1,28,0.7409,0.3621,1,0,0,0.0,0,0,0.049097
HP001201,2026-02-01,RET-202602,SOUTH,EMAIL,PREMIUM,1949,37,1,86.89,81.0,0.2163,0.0366,0,2,0,17,0.3133,0.4121,1,0,0,0.0,0,0,0.044663
HP001394,2025-11-01,RET-202511,SOUTH,SMS,PREMIUM,1480,9,8,1700.0,170.8,0.4883,0.1934,2,10,2,11,0.2072,0.4684,1,0,0,0.0,0,0,0.175451
HP001806,2025-11-01,RET-202511,SOUTH,EMAIL,PLUS,453,26,3,271.48,87.62,0.472,0.1757,2,10,0,27,0.1425,0.4532,1,0,0,0.0,1,0,0.07556
HP005683,2025-09-01,RET-202509,WEST,PUSH,PLUS,1572,46,0,0.0,57.32,0.3677,0.102,2,9,0,10,0.1471,0.4463,1,0,0,0.0,0,0,0.016692
HP000353,2026-02-01,RET-202602,MIDWEST,EMAIL,PLUS,734,65,4,138.66,33.73,0.245,0.0425,0,5,0,52,0.6469,0.3512,1,0,0,0.0,1,0,0.068468
HP005837,2025-11-01,RET-202511,WEST,PUSH,STANDARD,2000,19,1,23.95,25.27,0.1532,0.0355,2,8,1,25,0.3678,0.4433,1,0,0,0.0,0,0,0.09399
HP003702,2026-04-01,RET-202604,SOUTH,EMAIL,STANDARD,1206,79,5,486.48,86.97,0.3882,0.0554,1,4,0,20,0.4389,0.4417,1,0,0,0.0,0,0,0.035564
HP000333,2025-12-01,RET-202512,NORTHEAST,SMS,STANDARD,1548,39,2,81.1,46.98,0.4382,0.1157,1,11,1,27,0.3907,0.4376,1,0,0,0.0,0,0,0.059589
HP000225,2025-09-01,RET-202509,MIDWEST,EMAIL,PLUS,1051,46,3,181.08,74.25,0.0911,0.0115,0,7,1,19,0.3786,0.4036,1,0,0,0.0,1,0,0.042209
HP005254,2026-01-01,RET-202601,NORTHEAST,EMAIL,PLUS,1949,30,4,514.95,119.23,0.1347,0.0307,2,3,0,49,0.6197,0.3835,1,0,0,0.0,0,0,0.056291
HP000858,2026-01-01,RET-202601,SOUTH,SMS,STANDARD,1879,15,3,141.85,52.07,0.3244,0.0916,3,9,0,23,0.4334,0.4251,1,0,0,0.0,0,0,0.059497
HP005699,2026-04-01,RET-202604,NORTHEAST,PUSH,STANDARD,907,28,2,71.06,29.13,0.186,,0,4,0,13,0.6777,0.3871,1,0,0,0.0,1,0,0.039813
HP003418,2026-07-01,RET-202607,NORTHEAST,SMS,STANDARD,1572,23,1,33.36,33.5,0.2281,0.0552,4,3,1,37,0.7328,0.3856,1,0,0,0.0,0,0,0.123663
HP004619,2025-09-01,RET-202509,NORTHEAST,SMS,PREMIUM,1688,7,5,249.98,57.24,,0.1377,0,8,0,62,0.5589,0.3794,1,0,0,0.0,1,0,0.08777
HP005244,2026-06-01,RET-202606,NORTHEAST,EMAIL,PLUS,933,57,1,90.52,80.99,0.2886,0.0759,4,9,1,30,0.0932,0.4559,1,0,0,0.0,0,0,0.037772
HP002146,2026-03-01,RET-202603,MIDWEST,EMAIL,PLUS,1355,3,8,321.04,49.02,0.687,0.4783,6,5,2,50,0.3711,0.4624,1,0,0,0.0,1,1,0.235691
HP003416,2026-08-01,RET-202608,MIDWEST,SMS,PLUS,964,7,5,445.96,86.43,0.6206,0.3257,2,9,4,34,0.7566,0.3954,1,0,0,0.0,1,0,0.273435
HP002386,2025-12-01,RET-202512,WEST,SMS,PLUS,521,16,2,54.98,29.42,0.7593,0.4219,1,3,2,72,0.665,0.3662,1,0,0,0.0,1,0,0.446502
HP005004,2026-05-01,RET-202605,MIDWEST,PUSH,PLUS,732,4,3,180.34,53.6,0.8175,0.3511,1,3,1,6,0.4118,0.473,1,0,1,38.02,1,0,0.131739
HP002645,2026-08-01,RET-202608,SOUTH,PUSH,STANDARD,788,0,3,61.82,21.89,0.6877,0.17,0,5,1,80,0.2455,0.443,1,0,0,0.0,1,0,0.085327
HP004425,2026-02-01,RET-202602,MIDWEST,EMAIL,PLUS,1402,34,1,53.43,64.92,0.0726,0.0085,2,8,0,120,0.0603,0.5102,1,0,1,43.2,0,0,0.03678
HP002013,2026-07-01,RET-202607,SOUTH,EMAIL,STANDARD,914,13,1,86.06,98.19,0.0672,0.0072,1,10,0,13,0.0763,0.4775,1,0,0,0.0,0,0,0.019005
HP003848,2026-04-01,RET-202604,NORTHEAST,SMS,PLUS,1743,13,5,416.16,70.73,0.4366,0.1535,2,2,0,87,0.6,0.3879,1,0,0,0.0,0,0,0.087717
HP000541,2026-08-01,RET-202608,NORTHEAST,PUSH,PLUS,1393,31,7,841.33,108.38,0.3632,0.0661,1,5,0,18,0.413,0.4118,1,0,0,0.0,1,0,0.052695
HP002498,2026-06-01,RET-202606,SOUTH,EMAIL,PREMIUM,841,4,5,448.92,79.71,0.6679,0.2629,0,6,0,107,0.3052,0.4361,1,0,0,0.0,0,0,0.117485
HP002138,2026-01-01,RET-202601,NORTHEAST,SMS,PLUS,600,18,2,119.23,74.02,0.8069,0.4921,5,9,1,95,0.6007,0.3922,1,0,0,0.0,0,0,0.127611
HP000815,2026-06-01,RET-202606,NORTHEAST,EMAIL,PLUS,1996,43,3,82.15,25.07,0.225,0.0378,0,3,0,41,0.3151,0.4011,1,0,0,0.0,0,0,0.03559
HP005092,2025-09-01,RET-202509,NORTHEAST,EMAIL,PREMIUM,1918,10,3,202.58,58.19,0.6662,0.2747,8,8,0,49,0.1432,0.4666,1,0,0,0.0,1,0,0.142755
HP002331,2026-08-01,RET-202608,WEST,SMS,PREMIUM,1270,3,3,433.68,130.28,0.4575,0.164,6,11,1,52,0.3222,0.4524,1,0,0,0.0,0,0,0.115421
HP002550,2026-07-01,RET-202607,SOUTH,EMAIL,PREMIUM,850,8,1,123.47,118.21,0.1302,0.033,1,6,1,55,0.7899,0.3677,1,0,0,0.0,0,0,0.147837
HP002858,2026-03-01,RET-202603,MIDWEST,EMAIL,PLUS,704,13,1,68.82,,0.2066,0.058,3,5,1,3,0.194,0.4432,1,0,0,0.0,0,0,0.062235
HP001436,2025-11-01,RET-202511,MIDWEST,EMAIL,PLUS,1025,13,5,301.06,53.32,0.2823,0.1278,1,8,3,25,0.785,0.3987,1,0,0,0.0,0,0,0.137386
HP000078,2026-02-01,RET-202602,NORTHEAST,EMAIL,STANDARD,1650,80,0,0.0,,0.0351,0.0034,0,8,0,18,0.5542,0.4375,1,0,0,0.0,0,0,0.02207
HP003242,2026-08-01,RET-202608,SOUTH,EMAIL,PLUS,962,10,4,268.17,62.79,0.2918,0.0938,3,4,0,37,0.5351,0.4394,1,0,0,0.0,0,0,0.06923
HP004176,2026-04-01,RET-202604,NORTHEAST,EMAIL,PLUS,1948,13,2,134.08,67.49,0.5735,0.1812,2,4,0,99,0.1662,0.485,1,0,0,0.0,0,0,0.078143
HP004087,2026-08-01,RET-202608,MIDWEST,PUSH,PLUS,1812,12,1,63.3,66.47,0.5711,0.2091,5,3,1,180,0.573,0.3536,1,0,0,0.0,1,1,0.107923
HP004223,2025-09-01,RET-202509,NORTHEAST,EMAIL,PLUS,695,10,1,101.25,112.63,0.3501,0.0832,1,8,0,64,0.6095,0.3632,1,0,0,0.0,0,0,0.064613
HP000787,2025-10-01,RET-202510,NORTHEAST,EMAIL,STANDARD,1427,68,1,48.45,51.05,0.0936,0.0075,0,6,2,110,0.2277,0.4639,1,0,0,0.0,0,0,0.034305
HP004301,2026-04-01,RET-202604,MIDWEST,SMS,PLUS,2060,32,2,293.78,166.5,0.2901,0.0785,3,3,1,62,0.7482,0.3786,1,0,0,0.0,0,0,0.125466
HP003129,2026-08-01,RET-202608,WEST,EMAIL,PREMIUM,865,17,6,686.19,92.79,0.8419,0.5916,5,6,3,42,0.7711,0.3559,1,0,0,0.0,1,1,0.622181
HP002562,2025-09-01,RET-202509,MIDWEST,EMAIL,PLUS,1717,17,1,45.51,51.92,0.6326,0.2975,4,6,0,14,0.185,0.4455,1,0,0,0.0,1,0,0.092311
HP003740,2025-12-01,RET-202512,WEST,EMAIL,PLUS,714,14,1,56.07,49.86,0.4769,0.1796,3,4,2,30,0.247,0.472,1,0,1,68.38,1,1,0.211627
HP000888,2025-12-01,RET-202512,MIDWEST,SMS,PLUS,2070,28,2,144.42,72.71,0.4523,0.1126,3,8,0,72,0.2944,0.4342,1,0,0,0.0,1,1,0.064057
HP005120,2026-01-01,RET-202601,MIDWEST,EMAIL,PLUS,1485,49,1,41.68,41.98,0.0545,0.007,1,10,0,73,0.2504,0.4722,1,0,0,0.0,0,0,0.032528
HP001269,2025-12-01,RET-202512,MIDWEST,EMAIL,PREMIUM,444,41,3,153.86,45.1,0.3248,0.1064,3,3,0,38,0.2195,0.4884,1,0,1,42.05,1,0,0.078119
HP000563,2026-03-01,RET-202603,NORTHEAST,PUSH,PREMIUM,1198,5,6,319.03,52.74,0.8645,0.6214,4,6,3,44,0.8194,0.3752,1,0,0,0.0,0,0,0.465898
HP005746,2026-08-01,RET-202608,MIDWEST,EMAIL,PLUS,1961,21,5,311.37,61.09,0.5259,0.1672,4,4,1,14,0.3982,0.4231,1,0,0,0.0,0,0,0.111384
HP000991,2026-01-01,RET-202601,MIDWEST,EMAIL,STANDARD,2091,40,1,53.52,48.95,0.345,,4,9,1,36,0.4662,0.4016,1,0,0,0.0,0,0,0.055303
HP005622,2026-08-01,RET-202608,MIDWEST,EMAIL,PREMIUM,1718,13,4,264.53,77.59,0.2103,0.0497,3,8,1,20,0.6168,0.383,1,0,0,0.0,0,0,0.090766
HP004406,2025-12-01,RET-202512,NORTHEAST,SMS,PLUS,1949,32,0,0.0,64.36,,0.0452,1,11,2,25,0.7679,0.3778,1,0,0,0.0,0,0,0.06143
HP003881,2026-05-01,RET-202605,NORTHEAST,SMS,PLUS,690,16,5,240.96,56.07,0.6211,0.3323,5,12,5,3,0.6637,0.3999,1,0,0,0.0,0,0,0.079662
HP000876,2025-10-01,RET-202510,NORTHEAST,EMAIL,STANDARD,1371,94,0,0.0,58.33,0.0882,0.0118,0,10,0,38,0.5788,0.4189,1,0,0,0.0,1,0,0.020876
HP000059,2026-05-01,RET-202605,SOUTH,EMAIL,STANDARD,1472,22,0,0.0,46.8,0.0722,0.0074,1,12,0,82,0.1669,0.5196,1,0,0,0.0,0,0,0.037294
HP002574,2025-12-01,RET-202512,WEST,EMAIL,PLUS,206,14,3,81.13,25.96,0.4314,0.155,3,6,0,77,0.359,0.4178,1,0,0,0.0,0,0,0.157515
HP003704,2026-01-01,RET-202601,NORTHEAST,PUSH,STANDARD,203,17,3,104.02,47.15,0.5851,0.2172,0,10,1,43,0.7272,0.3965,1,0,0,0.0,0,0,0.154683
HP003574,2026-08-01,RET-202608,NORTHEAST,SMS,PLUS,1690,38,3,234.05,76.55,0.0242,0.0034,1,4,0,27,0.2704,0.4853,1,0,0,0.0,0,0,0.032687
HP002275,2025-11-01,RET-202511,SOUTH,EMAIL,PREMIUM,314,21,2,104.78,47.34,0.4076,0.0998,2,5,0,43,0.4616,0.4439,1,0,0,0.0,0,0,0.095904
HP002895,2026-08-01,RET-202608,NORTHEAST,SMS,STANDARD,774,55,2,128.9,67.14,0.3665,0.0498,0,4,0,26,0.0375,0.4594,1,0,0,0.0,1,1,0.025108
HP000265,2025-12-01,RET-202512,WEST,EMAIL,STANDARD,997,15,4,147.65,32.85,0.5882,0.1795,1,12,0,24,0.3028,0.4876,1,0,0,0.0,1,0,0.159115
HP004354,2025-10-01,RET-202510,MIDWEST,EMAIL,STANDARD,1928,43,2,102.11,51.89,0.4415,0.1145,4,2,0,4,0.2097,0.4357,1,0,0,0.0,1,0,0.050868
HP001901,2025-10-01,RET-202510,MIDWEST,PUSH,PREMIUM,857,19,8,542.69,59.51,0.244,0.1132,4,6,1,149,0.5069,0.4211,1,0,0,0.0,0,0,0.114951
HP005385,2026-02-01,RET-202602,MIDWEST,EMAIL,PLUS,1014,16,0,0.0,44.08,0.1386,0.0273,3,10,0,69,0.1479,0.4981,1,0,0,0.0,0,0,0.045765
HP003273,2026-03-01,RET-202603,SOUTH,SMS,PLUS,888,18,5,146.58,30.07,0.6027,0.1236,4,11,0,71,0.3777,0.4581,1,0,0,0.0,1,0,0.070521
HP002218,2025-09-01,RET-202509,WEST,SMS,PREMIUM,1743,12,3,309.14,111.15,0.6746,0.3403,4,3,1,8,0.3509,0.4708,1,0,0,0.0,1,0,0.170212
HP004253,2026-03-01,RET-202603,MIDWEST,EMAIL,PREMIUM,412,12,5,200.76,33.39,0.9085,0.6389,5,10,8,47,0.3954,0.4014,1,0,1,41.22,1,1,0.348605
HP005927,2026-04-01,RET-202604,NORTHEAST,EMAIL,STANDARD,493,22,0,0.0,60.21,0.0896,0.0123,0,9,0,23,0.3406,0.4504,1,0,0,0.0,0,0,0.036106
HP001029,2025-12-01,RET-202512,NORTHEAST,EMAIL,PLUS,471,20,5,349.55,80.11,0.5131,0.2028,4,3,0,50,0.6015,0.3897,1,0,1,99.2,0,0,0.133751
HP002358,2026-05-01,RET-202605,SOUTH,EMAIL,PLUS,1817,10,1,134.94,117.56,0.0311,0.0026,3,8,0,10,0.5955,0.4012,1,0,0,0.0,0,0,0.054011
HP001607,2026-01-01,RET-202601,SOUTH,EMAIL,PREMIUM,1705,15,1,66.99,61.63,0.6615,0.1877,2,8,2,32,0.1922,0.4439,1,0,1,70.29,1,0,0.120807
HP002145,2026-05-01,RET-202605,WEST,PUSH,PREMIUM,1129,13,3,256.64,68.95,0.3232,0.105,1,11,2,41,0.3497,0.4245,1,0,0,0.0,0,0,0.077222
HP004194,2026-05-01,RET-202605,WEST,SMS,PREMIUM,1659,7,5,655.31,98.96,0.8252,0.4844,10,6,3,13,0.3596,0.425,1,0,0,0.0,0,0,0.414687
HP005012,2025-11-01,RET-202511,SOUTH,EMAIL,PLUS,276,28,2,133.15,64.9,0.2961,0.055,4,9,0,43,0.1454,0.4796,1,0,0,0.0,1,0,0.064997
HP001607,2026-05-01,RET-202605,SOUTH,EMAIL,PREMIUM,1825,18,1,36.58,40.36,0.4951,0.143,1,3,0,31,0.0863,0.5254,1,0,0,0.0,0,0,0.063164
HP004558,2025-11-01,RET-202511,MIDWEST,SMS,PLUS,1055,10,8,596.68,69.3,0.9231,0.5197,1,5,5,41,0.6987,0.3711,1,0,0,0.0,1,0,0.556916
HP005981,2026-03-01,RET-202603,SOUTH,EMAIL,PLUS,1711,16,3,229.87,85.85,,0.2182,6,6,0,31,0.2041,0.4326,1,0,0,0.0,1,0,0.099857
HP004510,2026-04-01,RET-202604,MIDWEST,SMS,PLUS,759,37,2,106.76,58.69,0.169,0.0372,0,8,0,38,0.4926,0.3894,1,0,0,0.0,0,0,0.033992
HP002011,2026-02-01,RET-202602,SOUTH,PUSH,PLUS,431,22,4,247.89,69.49,0.5288,0.1938,0,6,0,15,0.3791,0.4589,1,0,0,0.0,1,0,0.054341
HP004987,2026-02-01,RET-202602,WEST,SMS,PLUS,637,36,3,422.19,152.84,0.5315,0.1321,1,8,2,68,0.1527,0.444,1,0,0,0.0,1,0,0.055947
HP001217,2026-03-01,RET-202603,MIDWEST,EMAIL,PLUS,1432,34,3,234.35,83.71,0.3852,0.0642,3,4,0,14,0.1254,0.5135,1,0,0,0.0,1,0,0.049099
HP000468,2026-05-01,RET-202605,MIDWEST,EMAIL,STANDARD,1191,37,5,256.34,59.4,0.2388,0.1169,0,11,1,26,0.882,0.346,1,0,0,0.0,1,1,0.059059
HP002747,2025-10-01,RET-202510,SOUTH,EMAIL,PREMIUM,341,8,3,182.21,56.45,0.7724,0.4003,4,7,4,86,0.7276,0.3971,1,0,1,78.29,1,1,0.420171
HP001640,2026-02-01,RET-202602,NORTHEAST,EMAIL,PREMIUM,303,17,5,603.41,117.74,0.4119,0.1668,1,3,0,32,0.8825,0.3506,1,0,1,205.23,0,0,0.367024
HP000363,2026-06-01,RET-202606,WEST,PUSH,PLUS,1926,2,1,41.15,51.27,0.4472,0.1728,2,4,0,30,0.8042,0.3581,1,0,0,0.0,1,0,0.084041
HP005053,2026-01-01,RET-202601,WEST,EMAIL,STANDARD,1915,52,1,33.8,37.61,0.5733,0.1128,1,9,2,42,0.2086,0.4286,1,0,0,0.0,1,0,0.048662
HP002123,2026-02-01,RET-202602,MIDWEST,PUSH,PLUS,2134,7,5,362.92,59.09,0.5228,0.1207,2,4,0,34,0.3161,0.46,1,0,0,0.0,0,0,0.070944
HP005652,2026-06-01,RET-202606,WEST,EMAIL,PLUS,1767,5,3,299.37,98.24,0.7738,0.3854,3,9,2,54,0.4062,0.4535,1,0,0,0.0,1,0,0.142163
HP001843,2025-12-01,RET-202512,NORTHEAST,PUSH,STANDARD,305,29,3,250.91,84.44,0.0611,0.0078,0,5,0,75,0.2424,0.4574,1,0,0,0.0,1,0,0.044581
HP001687,2026-04-01,RET-202604,MIDWEST,EMAIL,PLUS,2048,10,3,259.38,80.73,0.7354,0.4291,5,3,1,159,0.6989,0.3641,1,0,1,75.03,1,1,0.298299
HP002175,2025-09-01,RET-202509,NORTHEAST,EMAIL,PLUS,1543,37,2,141.26,70.9,0.1254,0.0286,3,11,2,26,0.6865,0.3521,1,0,0,0.0,0,0,0.06174
HP001596,2026-07-01,RET-202607,MIDWEST,EMAIL,PLUS,1918,17,0,0.0,104.94,0.1994,0.0366,1,10,0,39,0.4012,0.4126,1,0,0,0.0,0,0,0.043854
HP004288,2026-05-01,RET-202605,NORTHEAST,SMS,PLUS,1600,23,2,94.72,42.84,0.143,0.0267,0,9,0,5,0.2804,0.4957,1,0,0,0.0,0,0,0.016483
HP000508,2026-06-01,RET-202606,MIDWEST,SMS,STANDARD,1121,31,3,179.63,57.25,0.1186,0.0149,0,10,0,8,0.3447,0.4251,1,0,0,0.0,1,0,0.015951
HP003119,2026-08-01,RET-202608,NORTHEAST,PUSH,PREMIUM,840,12,7,666.3,90.29,0.1911,0.0492,0,11,0,18,0.7348,0.3616,1,0,0,0.0,1,0,0.140192
HP002829,2025-09-01,RET-202509,MIDWEST,EMAIL,PREMIUM,547,7,6,316.81,49.07,0.884,0.483,5,7,2,99,0.4389,0.4111,1,0,0,0.0,1,0,0.258598
HP005282,2026-05-01,RET-202605,WEST,SMS,PREMIUM,797,12,5,431.87,80.54,0.0679,0.0101,0,7,0,40,0.1844,0.426,1,0,0,0.0,0,0,0.053956
HP003663,2026-08-01,RET-202608,NORTHEAST,SMS,PLUS,592,67,0,0.0,79.66,0.1429,0.025,2,5,0,96,0.4001,0.4242,1,0,0,0.0,0,0,0.024242
HP000346,2026-08-01,RET-202608,WEST,SMS,STANDARD,1134,36,0,0.0,27.55,0.2074,0.0399,0,6,1,24,0.3419,0.4073,1,0,0,0.0,0,0,0.033043
HP004980,2025-10-01,RET-202510,NORTHEAST,EMAIL,STANDARD,1575,35,0,0.0,65.6,0.0283,0.0025,1,8,0,3,0.2915,0.4019,1,0,0,0.0,0,0,0.036702
HP005538,2026-02-01,RET-202602,WEST,EMAIL,PLUS,295,41,2,122.76,55.51,0.7639,0.3133,5,8,1,28,0.3201,0.4139,1,0,0,0.0,1,1,0.075333
HP004162,2025-09-01,RET-202509,WEST,SMS,PREMIUM,983,16,6,376.16,66.99,0.716,0.4092,6,2,1,3,0.8626,0.3354,1,0,0,0.0,1,0,0.267892
HP001920,2026-04-01,RET-202604,WEST,PUSH,PREMIUM,1300,15,0,0.0,46.0,0.4541,0.2387,2,10,1,119,0.5686,0.3831,1,0,0,0.0,0,0,0.09647
HP000292,2026-08-01,RET-202608,SOUTH,PUSH,PLUS,980,18,0,0.0,94.21,0.4359,0.0862,1,11,0,29,0.4514,0.3989,1,0,0,0.0,1,0,0.043464
HP002863,2025-10-01,RET-202510,SOUTH,PUSH,STANDARD,281,70,1,93.88,103.57,0.101,0.0119,1,10,0,17,0.3732,0.4266,1,0,0,0.0,0,0,0.025989
HP002222,2026-03-01,RET-202603,SOUTH,EMAIL,STANDARD,2174,9,2,245.27,110.14,0.4192,0.1193,3,7,0,18,0.1932,0.4482,1,0,0,0.0,1,0,0.063592
HP005136,2026-01-01,RET-202601,WEST,SMS,PLUS,220,17,3,187.59,57.1,0.4205,0.0496,0,12,0,15,0.2796,0.4294,1,0,0,0.0,0,0,0.02155
HP002066,2026-01-01,RET-202601,NORTHEAST,PUSH,STANDARD,906,61,1,139.76,108.57,0.1042,0.012,0,4,0,47,0.2833,0.4168,1,0,0,0.0,1,0,0.023745
HP002252,2026-03-01,RET-202603,SOUTH,SMS,PREMIUM,940,2,3,215.45,73.93,0.7445,0.3231,2,8,2,36,0.2448,0.5105,1,0,0,0.0,1,1,0.14997
HP003507,2026-01-01,RET-202601,MIDWEST,EMAIL,STANDARD,330,78,0,0.0,82.07,0.0349,0.0012,0,9,0,3,0.3993,0.3731,1,0,0,0.0,0,0,0.010022
HP000226,2025-11-01,RET-202511,WEST,PUSH,STANDARD,312,16,1,55.77,58.3,0.2573,0.0607,0,4,0,13,0.7659,0.3482,1,0,1,42.59,0,0,0.088833
HP003731,2026-06-01,RET-202606,NORTHEAST,EMAIL,STANDARD,1018,3,1,20.53,19.51,0.3291,0.0817,1,7,0,32,0.4448,0.4574,1,0,0,0.0,1,1,0.058361
HP000129,2025-11-01,RET-202511,SOUTH,SMS,PLUS,1162,6,5,607.93,122.53,0.2452,0.1327,3,11,3,27,0.6799,0.3847,1,0,0,0.0,0,0,0.125238
HP002558,2026-07-01,RET-202607,NORTHEAST,SMS,STANDARD,2257,81,1,53.39,54.92,0.0982,0.0103,1,12,1,76,0.098,0.5004,1,0,0,0.0,0,0,0.020535
HP002351,2026-04-01,RET-202604,NORTHEAST,SMS,STANDARD,1989,41,0,0.0,81.21,0.2698,0.1024,2,7,1,153,0.7537,0.3802,1,0,0,0.0,0,0,0.087531
HP005778,2026-06-01,RET-202606,SOUTH,EMAIL,PLUS,1517,13,0,0.0,64.61,0.0937,0.0165,2,12,2,17,0.5441,0.4138,1,0,0,0.0,1,0,0.055982
HP004647,2025-12-01,RET-202512,SOUTH,PUSH,PLUS,1949,2,3,289.01,98.47,0.1938,0.0287,1,4,0,33,0.3644,0.4251,1,0,0,0.0,0,0,0.070521
HP000687,2025-11-01,RET-202511,MIDWEST,EMAIL,PLUS,1036,19,3,189.08,63.55,0.707,0.2627,4,7,1,24,0.3365,0.4741,1,0,0,0.0,0,0,0.142013
HP000280,2026-06-01,RET-202606,SOUTH,SMS,STANDARD,1407,17,3,167.39,59.73,0.4559,0.2409,4,3,1,15,0.7403,0.3493,1,0,0,0.0,1,0,0.118388
HP000710,2025-09-01,RET-202509,MIDWEST,EMAIL,PLUS,1564,22,1,43.51,46.07,0.3098,0.0351,1,4,0,7,0.6125,0.3667,1,0,0,0.0,0,0,0.055001
HP000776,2025-09-01,RET-202509,NORTHEAST,SMS,PLUS,276,79,0,0.0,56.32,0.6889,0.0958,1,12,0,30,0.0547,0.4496,1,0,0,0.0,1,0,0.026406
HP005081,2026-02-01,RET-202602,MIDWEST,EMAIL,PREMIUM,1897,16,5,251.73,54.22,0.9476,0.6964,7,12,9,12,0.7337,0.3597,1,0,0,0.0,1,0,0.221299
HP005520,2025-10-01,RET-202510,MIDWEST,SMS,PREMIUM,1928,33,1,151.7,138.89,0.3715,0.1022,2,7,1,24,0.4144,0.4301,1,0,1,87.11,0,0,0.065631
HP005756,2026-06-01,RET-202606,SOUTH,PUSH,PLUS,420,34,0,0.0,58.2,0.0278,0.0023,1,2,0,180,0.5053,0.4092,1,0,1,53.37,1,0,0.032078
HP005444,2026-07-01,RET-202607,WEST,EMAIL,PLUS,1615,30,0,0.0,91.33,0.3585,0.0771,1,9,1,22,0.5957,0.409,1,0,0,0.0,0,0,0.049441
HP005569,2026-05-01,RET-202605,MIDWEST,EMAIL,STANDARD,1447,27,2,48.56,31.42,0.7344,0.3677,5,9,2,24,0.8388,0.3424,1,0,0,0.0,0,0,0.108919
HP002215,2025-11-01,RET-202511,WEST,PUSH,PLUS,263,39,1,68.01,63.6,0.4092,0.1034,5,3,0,10,0.3395,0.4214,1,0,0,0.0,1,0,0.086106
HP000201,2026-07-01,RET-202607,SOUTH,PUSH,PREMIUM,458,24,5,373.67,66.89,0.7489,0.3989,8,4,0,127,0.5641,0.3347,1,0,0,0.0,0,0,0.117272
HP000424,2026-06-01,RET-202606,WEST,EMAIL,PREMIUM,1192,5,5,302.91,50.0,0.8248,0.3764,2,5,2,38,0.2078,0.4376,1,0,0,0.0,0,0,0.202031
HP000675,2026-07-01,RET-202607,SOUTH,EMAIL,STANDARD,1689,36,0,0.0,33.07,0.0451,0.0033,4,2,0,36,0.5874,0.4168,1,0,0,0.0,0,0,0.040295
HP002911,2025-12-01,RET-202512,MIDWEST,SMS,PLUS,494,37,0,0.0,101.0,0.1282,0.0232,1,5,0,43,0.3339,0.443,1,0,0,0.0,0,0,0.041901
HP002841,2026-04-01,RET-202604,NORTHEAST,EMAIL,PLUS,662,4,1,53.46,49.51,0.5153,0.2688,4,7,3,53,0.5289,0.3901,1,0,0,0.0,0,0,0.144081
HP003823,2026-03-01,RET-202603,SOUTH,EMAIL,PLUS,1869,56,1,30.86,28.09,0.3523,0.1087,1,2,1,6,0.4429,0.458,1,0,0,0.0,0,0,0.05903
HP005079,2026-05-01,RET-202605,SOUTH,EMAIL,PREMIUM,973,23,6,596.69,101.28,0.1955,0.0594,3,11,4,6,0.3331,0.3991,1,0,0,0.0,0,0,0.101318
HP003178,2026-03-01,RET-202603,MIDWEST,EMAIL,STANDARD,1711,69,1,62.08,58.4,0.0381,0.0022,1,2,0,26,0.0814,0.5064,1,0,0,0.0,0,0,0.024489
HP004150,2026-06-01,RET-202606,MIDWEST,EMAIL,PREMIUM,389,6,8,875.51,117.71,0.9264,0.6266,3,6,5,25,0.4243,0.4236,1,0,1,96.86,1,0,0.564832
HP002366,2026-06-01,RET-202606,NORTHEAST,EMAIL,PLUS,1666,31,3,264.08,93.89,0.3853,0.0817,2,3,1,57,0.5326,0.3745,1,0,0,0.0,0,0,0.07318
HP000213,2026-02-01,RET-202602,NORTHEAST,PUSH,PLUS,456,16,0,0.0,67.35,0.0673,0.0066,2,5,0,56,0.0717,0.5105,1,0,0,0.0,0,0,0.036981
HP000108,2026-06-01,RET-202606,NORTHEAST,EMAIL,PREMIUM,858,11,1,78.82,77.4,0.7343,0.4125,6,5,2,17,0.663,0.4024,1,0,0,0.0,0,0,0.201137
HP005273,2026-07-01,RET-202607,MIDWEST,EMAIL,PREMIUM,397,16,0,0.0,135.31,0.145,0.0262,1,7,0,79,0.2232,0.49,1,0,0,0.0,0,0,0.051247
HP005915,2026-01-01,RET-202601,NORTHEAST,EMAIL,STANDARD,279,22,2,109.15,51.02,0.4531,0.1934,4,2,0,46,0.4382,0.4251,1,0,0,0.0,1,1,0.068605
HP003022,2026-07-01,RET-202607,WEST,EMAIL,STANDARD,740,33,3,196.34,63.98,0.6488,0.1884,3,10,0,58,0.5117,0.3995,1,0,0,0.0,0,0,0.063745
HP001965,2026-06-01,RET-202606,SOUTH,SMS,STANDARD,653,7,1,65.42,65.6,0.517,0.1179,2,4,0,22,0.3856,0.4224,1,0,0,0.0,1,0,0.056055
HP000211,2026-06-01,RET-202606,SOUTH,EMAIL,PREMIUM,1717,12,4,254.04,62.42,0.717,0.3269,5,9,1,87,0.38,0.4417,1,0,0,0.0,0,0,0.155101
HP001967,2026-06-01,RET-202606,MIDWEST,SMS,PLUS,1243,10,5,223.38,48.43,0.4268,0.1409,3,8,1,55,0.5519,0.4167,1,0,0,0.0,1,0,0.080776
HP000709,2026-07-01,RET-202607,MIDWEST,SMS,PLUS,805,8,7,642.49,81.45,0.8468,0.452,7,2,0,45,0.3116,0.477,1,0,0,0.0,0,0,0.141802
HP001581,2025-09-01,RET-202509,SOUTH,PUSH,STANDARD,856,21,1,37.69,31.67,0.0537,0.0082,2,11,1,59,0.6716,0.4504,1,0,0,0.0,0,0,0.097638
HP005666,2026-07-01,RET-202607,MIDWEST,SMS,PLUS,2205,43,4,227.33,53.49,0.6586,0.2571,0,9,0,29,0.3374,0.4104,1,0,0,0.0,1,0,0.045174
HP001370,2026-05-01,RET-202605,MIDWEST,PUSH,STANDARD,803,36,2,151.53,70.55,0.0842,0.0102,2,8,0,28,0.3214,0.4204,1,0,0,0.0,0,0,0.035757
HP004016,2026-04-01,RET-202604,MIDWEST,EMAIL,STANDARD,690,17,3,171.84,47.09,0.1155,0.0223,2,5,0,39,0.4247,0.432,1,0,0,0.0,1,0,0.054074
HP003709,2026-04-01,RET-202604,WEST,PUSH,PLUS,924,49,0,0.0,67.41,0.0787,0.0129,0,4,0,70,0.8632,0.3065,1,0,0,0.0,0,0,0.056261
HP004558,2026-05-01,RET-202605,MIDWEST,SMS,PLUS,1235,3,4,419.14,132.72,0.2911,0.1762,2,7,2,38,0.7705,0.3895,1,0,0,0.0,0,0,0.209471
